{"type": "FeatureCollection", "features": [{"type": "Feature", "properties": {"source": "OpenStreetMap contributors", "crs": "EPSG:4326"}, "geometry": {"type": "MultiPolygon", "coordinates": [[[[128.7255406, 34.9125202], [128.7256334, 34.912521], [128.7257444, 34.9124833], [128.7258117, 34.9124371], [128.7258074, 34.9123808], [128.7257447, 34.9123779], [128.7257842, 34.9123403], [128.7257801, 34.912274], [128.7258359, 34.9122157], [128.7258276, 34.9121575], [128.7257653, 34.9121276], [128.7256914, 34.9121056], [128.7256367, 34.9120675], [128.725567, 34.912065], [128.7255095, 34.9120865], [128.7254297, 34.9121436], [128.7253733, 34.9121935], [128.725328, 34.9122419], [128.7253099, 34.9122947], [128.7253061, 34.9123577], [128.7253571, 34.9124293], [128.7254097, 34.9124633], [128.7255406, 34.9125202]]], [[[128.726142, 34.9712603], [128.7264191, 34.9711115], [128.7265372, 34.9710072], [128.7265599, 34.9709142], [128.726737, 34.9708435], [128.7269278, 34.9706983], [128.7271913, 34.9705606], [128.7273366, 34.9705829], [128.727432, 34.9705345], [128.7274002, 34.970434], [128.7274729, 34.9703075], [128.7276137, 34.9702181], [128.727859, 34.9701549], [128.728136, 34.9701586], [128.7284222, 34.9702256], [128.7285994, 34.9702889], [128.7286584, 34.9703745], [128.7288583, 34.9704564], [128.7291036, 34.970542], [128.7294669, 34.970676], [128.7296986, 34.9707504], [128.7298621, 34.9707057], [128.7299938, 34.9706276], [128.7301347, 34.9705978], [128.7301392, 34.9704489], [128.7302391, 34.970408], [128.7303572, 34.9703186], [128.7304708, 34.9701325], [128.7308751, 34.969965], [128.7311612, 34.9699278], [128.7313702, 34.9700097], [128.7314928, 34.9701623], [128.7316018, 34.9701772], [128.731679, 34.9701362], [128.7319062, 34.970233], [128.7321469, 34.9701735], [128.7323422, 34.9700841], [128.732583, 34.9699352], [128.732592, 34.9698534], [128.7327101, 34.9698199], [128.7330508, 34.9695779], [128.7333234, 34.9694141], [128.7336141, 34.9694514], [128.7338593, 34.9693844], [128.7340728, 34.9693955], [128.73425, 34.9693992], [128.7343408, 34.9693211], [128.7344498, 34.9692466], [128.7344907, 34.969135], [128.7346361, 34.9690791], [128.7346724, 34.9690084], [128.7346452, 34.968934], [128.735004, 34.9685804], [128.7353674, 34.9685394], [128.735649, 34.9684054], [128.7357853, 34.9682491], [128.7358216, 34.9681225], [128.7359715, 34.9680257], [128.736135, 34.9679587], [128.7361759, 34.9678731], [128.736076, 34.9677466], [128.7358807, 34.9675232], [128.7357853, 34.9674376], [128.735649, 34.9674525], [128.735599, 34.9675121], [128.7354764, 34.9674711], [128.7354219, 34.9674376], [128.7355627, 34.9672701], [128.73559, 34.9671361], [128.7354037, 34.9669574], [128.7345134, 34.966548], [128.7341001, 34.9663767], [128.7337821, 34.9662427], [128.733764, 34.9661795], [128.7338457, 34.9661162], [128.7338457, 34.9660455], [128.7336777, 34.9659859], [128.7335777, 34.9659115], [128.7334415, 34.9658482], [128.7331916, 34.9657998], [128.7331189, 34.9657737], [128.7331235, 34.9657179], [128.7330372, 34.9656621], [128.7325784, 34.9655727], [128.7323922, 34.9655988], [128.732315, 34.9657104], [128.7322423, 34.9657626], [128.7320288, 34.9658109], [128.7317108, 34.9657477], [128.7313838, 34.9655355], [128.7309795, 34.9652638], [128.7304072, 34.9650702], [128.7300256, 34.9649027], [128.7298031, 34.9648208], [128.7296305, 34.9649101], [128.7295532, 34.9650925], [128.7294942, 34.9652563], [128.7293398, 34.9652861], [128.7291081, 34.9652489], [128.7289945, 34.9653791], [128.7287674, 34.9654275], [128.7286493, 34.9654945], [128.7286539, 34.9655764], [128.7285176, 34.9656583], [128.7284676, 34.9657774], [128.7284313, 34.9658519], [128.7282814, 34.9658891], [128.7281633, 34.9659412], [128.7281769, 34.9660343], [128.7281088, 34.9660827], [128.7281315, 34.9661906], [128.728077, 34.966239], [128.7279135, 34.9662576], [128.7276319, 34.9664363], [128.7274638, 34.9666038], [128.727382, 34.9667937], [128.7273411, 34.9668867], [128.7272412, 34.9669239], [128.7271504, 34.9668904], [128.7269778, 34.9669723], [128.7268642, 34.9670877], [128.726737, 34.9670952], [128.7266689, 34.9671845], [128.7265008, 34.9672106], [128.7261874, 34.9673743], [128.725765, 34.9674525], [128.7252562, 34.9675046], [128.7248701, 34.9674041], [128.7241525, 34.9670952], [128.7240434, 34.9669872], [128.7238481, 34.9668793], [128.7236937, 34.9667453], [128.723353, 34.9666745], [128.7232576, 34.9666187], [128.7232758, 34.966481], [128.7231304, 34.9663805], [128.7228624, 34.9663284], [128.7227171, 34.9661944], [128.7226671, 34.9661273], [128.7227307, 34.9660455], [128.7227216, 34.9659636], [128.7225808, 34.9659487], [128.7225172, 34.9659524], [128.7225581, 34.9659003], [128.7226035, 34.9658333], [128.7225218, 34.9657588], [128.7224446, 34.9657067], [128.7225445, 34.9656434], [128.7225263, 34.9655802], [128.7223764, 34.9656099], [128.7222856, 34.9656099], [128.7223219, 34.9655318], [128.7224854, 34.9654424], [128.722549, 34.9652861], [128.7224536, 34.9652228], [128.7223719, 34.9652675], [128.7223128, 34.9652303], [128.722222, 34.9653159], [128.7221902, 34.9654462], [128.7222583, 34.9654722], [128.7222129, 34.9655057], [128.7221402, 34.9655132], [128.722113, 34.9655615], [128.7221947, 34.9656174], [128.7221266, 34.9656695], [128.7220312, 34.9657067], [128.7220448, 34.9657998], [128.7221675, 34.9658631], [128.7221584, 34.9659636], [128.7220267, 34.9662725], [128.7220312, 34.966507], [128.7219858, 34.9667602], [128.722013, 34.9669835], [128.7221402, 34.9670728], [128.7222492, 34.9672031], [128.7223582, 34.9672329], [128.7224809, 34.9672589], [128.7226898, 34.9674227], [128.7229487, 34.9675493], [128.7235211, 34.9676312], [128.7238896, 34.9677817], [128.7234638, 34.9684705], [128.7235494, 34.9685094], [128.7239563, 34.9678076], [128.7244295, 34.9679773], [128.7250745, 34.9683459], [128.7251444, 34.9692218], [128.723988, 34.969253], [128.7234669, 34.9689648], [128.7233985, 34.9689808], [128.7233139, 34.9690528], [128.7233106, 34.9691329], [128.7234116, 34.9691783], [128.7234865, 34.9691623], [128.7239164, 34.9694051], [128.7251572, 34.9693687], [128.7252315, 34.9704491], [128.7254388, 34.9704393], [128.7254879, 34.9705829], [128.725606, 34.9709328], [128.7256242, 34.9711933], [128.7256787, 34.9713087], [128.7258422, 34.9713869], [128.7259921, 34.9713534], [128.726142, 34.9712603]]], [[[128.7541772, 34.9740784], [128.7541464, 34.97404], [128.754133, 34.9739828], [128.754078, 34.9739433], [128.7539881, 34.9739565], [128.7539774, 34.9740334], [128.7540378, 34.9741751], [128.7541236, 34.9742499], [128.7542362, 34.9742927], [128.7542631, 34.9743784], [128.7542644, 34.974429], [128.7542845, 34.974451], [128.7544093, 34.9744224], [128.7547338, 34.9745554], [128.754892, 34.9746609], [128.7550262, 34.9746543], [128.7552622, 34.9745883], [128.7553963, 34.9745927], [128.7554607, 34.9746499], [128.7555036, 34.9747312], [128.7555653, 34.974962], [128.7556511, 34.9751444], [128.7557396, 34.9751861], [128.7560803, 34.9751576], [128.7562814, 34.9749993], [128.7563136, 34.9748191], [128.7562734, 34.9746916], [128.7562224, 34.9745202], [128.7561017, 34.9743466], [128.755796, 34.9743839], [128.755635, 34.9745136], [128.7555465, 34.9745839], [128.755576, 34.9744279], [128.7555787, 34.9742982], [128.7555009, 34.9742762], [128.7554151, 34.9743114], [128.7553185, 34.9744345], [128.7552327, 34.9744257], [128.7551549, 34.9743795], [128.7551227, 34.974296], [128.755112, 34.9741576], [128.7551522, 34.9740455], [128.7550959, 34.973918], [128.7549216, 34.973929], [128.7549135, 34.973874], [128.75479, 34.9737301], [128.7546238, 34.9738455], [128.754597, 34.9739356], [128.754487, 34.9739751], [128.754302, 34.9739872], [128.7542067, 34.9740872], [128.7541772, 34.9740784]]], [[[128.7507051, 34.9774696], [128.7508942, 34.977474], [128.7510176, 34.9775081], [128.7510981, 34.9775213], [128.7511946, 34.9774949], [128.7512845, 34.9773839], [128.7514186, 34.9773213], [128.7513542, 34.97724], [128.7511745, 34.9772268], [128.7511168, 34.9771894], [128.7510069, 34.9771433], [128.7506931, 34.9772015], [128.7505227, 34.9772476], [128.7504101, 34.9773235], [128.7504101, 34.97745], [128.750504, 34.9775323], [128.7507051, 34.9774696]]], [[[128.7479478, 34.9796234], [128.7480041, 34.9797157], [128.7480618, 34.9797519], [128.7480739, 34.9797893], [128.7479854, 34.9798563], [128.7480363, 34.9799245], [128.7482589, 34.9800278], [128.7483448, 34.9800299], [128.7485352, 34.9799311], [128.7486774, 34.9797508], [128.7485915, 34.9795509], [128.7484789, 34.9794695], [128.7482402, 34.9794212], [128.7481356, 34.9794575], [128.7481517, 34.979497], [128.7481758, 34.9795476], [128.7482201, 34.979608], [128.7481678, 34.9796256], [128.7481141, 34.9796047], [128.7479478, 34.9796234]]], [[[128.7110187, 34.9807633], [128.7110351, 34.9806628], [128.7109968, 34.9806076], [128.7109379, 34.980609], [128.7108946, 34.9807281], [128.7108261, 34.9807009], [128.7107785, 34.9805735], [128.7107175, 34.980492], [128.7105738, 34.980471], [128.7104762, 34.9805918], [128.71043, 34.9807346], [128.7105415, 34.9807931], [128.7107894, 34.980802], [128.710848, 34.9807596], [128.7109143, 34.9807834], [128.7109382, 34.9808686], [128.7110041, 34.9808891], [128.7110545, 34.9808435], [128.7110187, 34.9807633]]], [[[128.8214319, 35.0012255], [128.8213791, 35.0011941], [128.8212591, 35.001198], [128.821216, 35.0012255], [128.8213167, 35.0012491], [128.8214127, 35.0012648], [128.8214319, 35.0012255]]], [[[128.8206018, 35.0012648], [128.8204674, 35.0013277], [128.820429, 35.0013827], [128.8205442, 35.0014338], [128.820621, 35.0014456], [128.8207457, 35.0014299], [128.8208849, 35.0013788], [128.821024, 35.0013159], [128.8209856, 35.0012805], [128.8208705, 35.0012569], [128.8207649, 35.001253], [128.8206018, 35.0012648]]], [[[128.820952, 35.0015203], [128.8212879, 35.0015203], [128.8213599, 35.0014338], [128.8213839, 35.0013395], [128.8211056, 35.001367], [128.8207457, 35.0014771], [128.8208225, 35.0015124], [128.820952, 35.0015203]]], [[[128.8193734, 35.0018151], [128.8191527, 35.0017954], [128.819335, 35.0017679], [128.8192966, 35.0017365], [128.8190951, 35.0017129], [128.8189464, 35.0016854], [128.8188984, 35.0017325], [128.8189272, 35.0018465], [128.8189943, 35.0019212], [128.818884, 35.0019802], [128.8188648, 35.0020548], [128.8188744, 35.0021924], [128.8189847, 35.0022199], [128.8190471, 35.0022396], [128.8191479, 35.0022396], [128.8193014, 35.0022396], [128.8194262, 35.0022081], [128.819479, 35.0020941], [128.8194742, 35.001933], [128.819455, 35.0018858], [128.8193734, 35.0018151]]], [[[128.8184089, 35.0035641], [128.8186872, 35.0035641], [128.8188072, 35.0035916], [128.818788, 35.0036349], [128.8188792, 35.0036191], [128.8188936, 35.0035366], [128.8188936, 35.0033676], [128.818788, 35.003403], [128.8185097, 35.0034855], [128.8184089, 35.0035641]]], [[[128.8186345, 35.0038078], [128.8187112, 35.0037881], [128.8187832, 35.0037253], [128.8186968, 35.0037017], [128.8185817, 35.0037017], [128.8184233, 35.0037174], [128.8185049, 35.0037921], [128.8186345, 35.0038078]]], [[[128.7809476, 35.0084305], [128.7808996, 35.0084396], [128.7809107, 35.0085152], [128.7809845, 35.0085515], [128.7809845, 35.0086059], [128.781099, 35.0086422], [128.7811211, 35.0085757], [128.7811211, 35.0085061], [128.7810768, 35.0084426], [128.7809771, 35.0084729], [128.7809476, 35.0084305]]], [[[128.7808036, 35.0088176], [128.7808737, 35.0088358], [128.780955, 35.0089205], [128.7810325, 35.0089174], [128.7811433, 35.0088328], [128.7811359, 35.0087844], [128.7811839, 35.0086876], [128.7809808, 35.0086785], [128.7808405, 35.0086755], [128.7807334, 35.0086997], [128.7805673, 35.0087148], [128.7804934, 35.0087632], [128.7804417, 35.0089265], [128.7804417, 35.0090656], [128.7804934, 35.0090656], [128.7805488, 35.0090142], [128.7805857, 35.0090445], [128.7806559, 35.0090445], [128.7806707, 35.0089628], [128.7807002, 35.0089205], [128.7808073, 35.0088842], [128.7807224, 35.008857], [128.7808036, 35.0088176]]], [[[128.7801242, 35.0091926], [128.7801574, 35.0091503], [128.7802719, 35.0091564], [128.7803605, 35.0090777], [128.7803679, 35.008866], [128.780331, 35.0087632], [128.7802313, 35.0087511], [128.7801131, 35.0088388], [128.7798879, 35.0089295], [128.7797217, 35.0089447], [128.7796811, 35.0090082], [128.7796811, 35.0090898], [128.7796774, 35.0091987], [128.779707, 35.0092652], [128.7796405, 35.0093136], [128.7795851, 35.0093711], [128.7795187, 35.0093559], [128.7794116, 35.0094497], [128.7794042, 35.0095193], [128.7794301, 35.0095828], [128.7796368, 35.00961], [128.7797882, 35.0095434], [128.7799396, 35.0094406], [128.7799174, 35.0093741], [128.7800651, 35.0093529], [128.7801242, 35.0092501], [128.7801242, 35.0091926]]], [[[128.8243839, 35.010746], [128.8243335, 35.0110053], [128.8243551, 35.0110388], [128.8245111, 35.0110682], [128.8245327, 35.0110152], [128.8244607, 35.0110034], [128.8246046, 35.0105514], [128.8246238, 35.0105298], [128.8246406, 35.0104984], [128.8246406, 35.0104669], [128.8245662, 35.0104512], [128.8245231, 35.0104512], [128.8244823, 35.0104669], [128.8243839, 35.010746]]], [[[128.7767844, 35.0111642], [128.7767229, 35.0111086], [128.7765171, 35.0111759], [128.7764458, 35.011297], [128.7764278, 35.0114513], [128.7764812, 35.0114638], [128.7765563, 35.0114243], [128.7766431, 35.0114323], [128.776685, 35.0113858], [128.7766756, 35.0113155], [128.7767038, 35.011254], [128.7767547, 35.011231], [128.7767844, 35.0111642]]], [[[128.7761499, 35.0107553], [128.7761217, 35.0107444], [128.7760828, 35.0106861], [128.7760654, 35.0106466], [128.7760265, 35.0106268], [128.7759662, 35.0106345], [128.77593, 35.0106664], [128.775938, 35.0107103], [128.7759554, 35.0107422], [128.7759487, 35.0107894], [128.7759702, 35.0108234], [128.7759568, 35.0108388], [128.77593, 35.0108542], [128.7759233, 35.0108762], [128.7758951, 35.010874], [128.7758495, 35.0108388], [128.7757838, 35.0108465], [128.7757663, 35.010863], [128.775765, 35.0109157], [128.7757543, 35.0109629], [128.7757342, 35.0110519], [128.775706, 35.0111343], [128.7756872, 35.011109], [128.7756765, 35.0110475], [128.7756537, 35.0110025], [128.7756322, 35.010986], [128.7756242, 35.0110063], [128.7756188, 35.0110354], [128.7756148, 35.0110503], [128.7756, 35.0110206], [128.7755974, 35.0110003], [128.7755679, 35.0109926], [128.7755397, 35.0109333], [128.7755504, 35.010874], [128.7755196, 35.0107916], [128.7754975, 35.0108114], [128.7754847, 35.0108416], [128.77547, 35.0108218], [128.7754317, 35.0108075], [128.7753841, 35.0108322], [128.7753721, 35.010897], [128.7753586, 35.010908], [128.7753667, 35.0109575], [128.7753238, 35.0109717], [128.7752862, 35.0110069], [128.7752527, 35.0110706], [128.7752219, 35.0110113], [128.7751991, 35.0109794], [128.7752031, 35.0109509], [128.7751789, 35.0109377], [128.7751521, 35.010952], [128.7751199, 35.0109794], [128.7750985, 35.0110168], [128.7751025, 35.0110706], [128.7750918, 35.0110904], [128.7751065, 35.0111596], [128.7750797, 35.011198], [128.7750971, 35.0112683], [128.7750408, 35.0112606], [128.7750582, 35.0111782], [128.7750287, 35.0111057], [128.7750261, 35.0109849], [128.7750073, 35.0108718], [128.775018, 35.0107751], [128.7749657, 35.0106631], [128.7749456, 35.0105609], [128.7748088, 35.0105324], [128.774782, 35.0104851], [128.7746291, 35.0103984], [128.7745647, 35.0103775], [128.7745231, 35.0103335], [128.7744708, 35.0103368], [128.7744346, 35.01035], [128.7743542, 35.0103281], [128.7742911, 35.0103204], [128.774271, 35.0103489], [128.7742938, 35.0104104], [128.7742482, 35.0104225], [128.7741972, 35.0104269], [128.7741382, 35.0104654], [128.7741128, 35.0104687], [128.7741195, 35.0104258], [128.7741007, 35.0103885], [128.7740578, 35.0103511], [128.7740605, 35.0103017], [128.7740229, 35.0102523], [128.7738526, 35.0102907], [128.7737024, 35.0104478], [128.7734201, 35.0106501], [128.7731099, 35.01052], [128.7729601, 35.01039], [128.77279, 35.01025], [128.7721801, 35.01013], [128.77202, 35.01116], [128.7717, 35.0124301], [128.7715399, 35.01296], [128.77123, 35.01296], [128.77123, 35.01347], [128.7714624, 35.0139667], [128.770944, 35.0138493], [128.770602, 35.0136866], [128.7693225, 35.0134156], [128.7688577, 35.0134876], [128.7684387, 35.0134538], [128.7682534, 35.0131209], [128.7678668, 35.0125154], [128.7679178, 35.0121976], [128.7677678, 35.0120676], [128.7676079, 35.0119376], [128.7674578, 35.0118075], [128.7668765, 35.0116824], [128.7663937, 35.0118142], [128.7656427, 35.0118669], [128.7654278, 35.0119376], [128.7654178, 35.0121876], [128.7654603, 35.0124732], [128.7655354, 35.0129653], [128.7654711, 35.0135013], [128.7656105, 35.0141515], [128.7663478, 35.0147677], [128.7664979, 35.0152776], [128.7668179, 35.0154076], [128.7671278, 35.0156677], [128.7674478, 35.0159175], [128.7686115, 35.0160724], [128.7690078, 35.0157975], [128.7691579, 35.0155376], [128.7693526, 35.0153492], [128.7694609, 35.0153687], [128.76945, 35.0154005], [128.7706688, 35.0156265], [128.7706837, 35.0155427], [128.7721132, 35.0158458], [128.7723007, 35.0154392], [128.7717271, 35.0152857], [128.7718501, 35.0147601], [128.7721505, 35.0146463], [128.77248, 35.0148899], [128.7725791, 35.0149077], [128.77348, 35.0149483], [128.7738464, 35.0149507], [128.77435, 35.01463], [128.7746599, 35.01438], [128.7749899, 35.0141199], [128.7751345, 35.0139305], [128.77535, 35.0134743], [128.7757601, 35.01296], [128.7760701, 35.0129244], [128.7759151, 35.0126466], [128.7757601, 35.0125832], [128.7757383, 35.0122944], [128.775571, 35.0121961], [128.7762299, 35.0114301], [128.7763707, 35.0112267], [128.7764432, 35.0109325], [128.7764476, 35.0108432], [128.7764074, 35.0107938], [128.7763698, 35.0106708], [128.7762988, 35.0106521], [128.7762344, 35.0106653], [128.7761942, 35.0106817], [128.77617, 35.010729], [128.7761499, 35.0107553]]], [[[128.7630999, 35.0168], [128.7634101, 35.0168], [128.7633613, 35.0163069], [128.762977, 35.0163026], [128.7625787, 35.0158949], [128.76216, 35.0158899], [128.76201, 35.0160199], [128.76169, 35.0165401], [128.7613248, 35.0171339], [128.7614813, 35.0174401], [128.7618834, 35.0177086], [128.7627954, 35.017679], [128.7628057, 35.0172262], [128.7630999, 35.01705], [128.7630999, 35.0168]]], [[[128.7349214, 35.0205862], [128.7351179, 35.0204246], [128.7351849, 35.0204742], [128.7352332, 35.0204362], [128.7351598, 35.0203837], [128.7352543, 35.0203081], [128.7353433, 35.0203682], [128.7353998, 35.0203149], [128.7354541, 35.0204222], [128.7355624, 35.0205305], [128.7356978, 35.0207443], [128.7357662, 35.0208672], [128.7358819, 35.0211544], [128.7359263, 35.0212841], [128.7359153, 35.0214711], [128.7358856, 35.0216781], [128.7358468, 35.021836], [128.735782, 35.0220031], [128.7357445, 35.022085], [128.7357227, 35.0221224], [128.7354401, 35.0221607], [128.7351404, 35.0222044], [128.7351356, 35.0223783], [128.7353109, 35.022388], [128.735516, 35.0223601], [128.7357903, 35.0223155], [128.736044, 35.0224939], [128.7366284, 35.0224392], [128.7367004, 35.0222191], [128.737282, 35.022048], [128.7380199, 35.0215811], [128.7386829, 35.0221437], [128.7387315, 35.0220789], [128.7382765, 35.0216513], [128.7383934, 35.0215688], [128.7382639, 35.0214432], [128.7390222, 35.0209074], [128.7393422, 35.020819], [128.7397997, 35.0208508], [128.7404658, 35.0210924], [128.7414868, 35.0215242], [128.7417861, 35.0215361], [128.74215, 35.02138], [128.7424885, 35.0211962], [128.7426201, 35.0208701], [128.7424462, 35.0205642], [128.7421601, 35.0200901], [128.7423199, 35.01984], [128.7426301, 35.01907], [128.7427434, 35.0187536], [128.7434351, 35.0186264], [128.7440096, 35.0181608], [128.7444592, 35.0178718], [128.7444759, 35.0175419], [128.7449107, 35.0173082], [128.7453724, 35.0172107], [128.7457599, 35.0167601], [128.7460799, 35.01625], [128.7461339, 35.0160161], [128.7461339, 35.0150546], [128.7460799, 35.01471], [128.7457104, 35.0146054], [128.7446645, 35.0146526], [128.7437401, 35.0145699], [128.74358, 35.0147], [128.74327, 35.0152001], [128.74311, 35.0153399], [128.7429401, 35.01547], [128.74281, 35.0156], [128.7418754, 35.0160408], [128.7415687, 35.0162971], [128.74123, 35.01638], [128.74092, 35.01636], [128.7400903, 35.0165105], [128.7395684, 35.0164024], [128.7390572, 35.0162972], [128.7388098, 35.016081], [128.73859, 35.0162199], [128.7385829, 35.0164236], [128.7383532, 35.0165981], [128.73811, 35.01662], [128.7379501, 35.01674], [128.7378, 35.0168701], [128.7373813, 35.0173008], [128.7377736, 35.0175084], [128.7367314, 35.0177351], [128.7361903, 35.0177506], [128.7354368, 35.0177554], [128.7351585, 35.0178862], [128.7349799, 35.0178899], [128.7349765, 35.0180711], [128.7346431, 35.0183974], [128.7347895, 35.0187304], [128.7347895, 35.01909], [128.7347769, 35.0198956], [128.7343279, 35.0200498], [128.7343029, 35.0201656], [128.7344016, 35.0202933], [128.7347544, 35.0201873], [128.7347314, 35.0200968], [128.735021, 35.0200141], [128.7352222, 35.0201842], [128.7348413, 35.0205317], [128.7349214, 35.0205862]]], [[[128.8041011, 35.0223161], [128.8041133, 35.0223544], [128.8042495, 35.0222912], [128.8042454, 35.0222662], [128.8041641, 35.0222462], [128.8041011, 35.0223161]]], [[[128.8042883, 35.0224881], [128.80437, 35.0224604], [128.8044524, 35.0224884], [128.8045058, 35.0224586], [128.8045568, 35.0224861], [128.8047492, 35.0224245], [128.8046786, 35.0223184], [128.8046089, 35.022335], [128.8045517, 35.0222701], [128.8045278, 35.0223059], [128.8044838, 35.022285], [128.8044332, 35.0223233], [128.8044018, 35.0223031], [128.8042402, 35.0224146], [128.8042883, 35.0224881]]], [[[128.7164989, 35.0385012], [128.7166277, 35.0384804], [128.716684, 35.0384463], [128.7167014, 35.0384002], [128.7167363, 35.0383486], [128.7167443, 35.0382827], [128.7167189, 35.0382245], [128.7166585, 35.0382432], [128.7166424, 35.0382937], [128.7166129, 35.0383804], [128.7165284, 35.0384419], [128.7164989, 35.0385012]]], [[[128.717435, 35.0401186], [128.7176523, 35.0400681], [128.7182584, 35.0397387], [128.7184435, 35.0396377], [128.7186125, 35.0395389], [128.7186044, 35.0393808], [128.7185535, 35.0392885], [128.7185669, 35.0390338], [128.7185562, 35.0389284], [128.7183255, 35.0387571], [128.7178776, 35.03879], [128.7176979, 35.0388383], [128.7175772, 35.0388142], [128.7175932, 35.038689], [128.7175128, 35.0385638], [128.7173358, 35.0384145], [128.7171131, 35.0384386], [128.7169549, 35.0384298], [128.7166008, 35.038577], [128.7164211, 35.0388537], [128.716287, 35.0390272], [128.7162092, 35.0392446], [128.7160134, 35.0396377], [128.7161583, 35.039787], [128.7165284, 35.0398661], [128.7170675, 35.0400747], [128.717435, 35.0401186]]], [[[128.7940603, 35.0481251], [128.7941274, 35.0478813], [128.7939416, 35.047776], [128.7895991, 35.0477848], [128.7872502, 35.0477998], [128.7872449, 35.0481558], [128.7875587, 35.0481822], [128.7878591, 35.0480219], [128.7936714, 35.048057], [128.7937251, 35.0481624], [128.7940603, 35.0481251]]], [[[128.7919682, 35.0622892], [128.7919977, 35.0622475], [128.791979, 35.0621839], [128.7919253, 35.0621465], [128.7918127, 35.0621553], [128.7917429, 35.0621882], [128.791708, 35.0622541], [128.7916839, 35.0623309], [128.7917536, 35.0623771], [128.79181, 35.0623814], [128.7918529, 35.0623309], [128.7919173, 35.0623068], [128.7919682, 35.0622892]]], [[[128.791582, 35.0628579], [128.7915471, 35.0630225], [128.7915605, 35.0631674], [128.7916169, 35.0632618], [128.7917805, 35.0632618], [128.7919414, 35.0632311], [128.7919682, 35.0632706], [128.7916034, 35.0633848], [128.7914211, 35.0634616], [128.791346, 35.0635867], [128.7913567, 35.0636592], [128.7914157, 35.0637097], [128.7914734, 35.0637042], [128.7914747, 35.0637448], [128.7914988, 35.0637997], [128.7916249, 35.0638249], [128.7917697, 35.0638085], [128.7918381, 35.063848], [128.7919293, 35.0638436], [128.7922217, 35.0638634], [128.7922686, 35.0639018], [128.7923612, 35.0639259], [128.7924457, 35.0639062], [128.7925436, 35.0637964], [128.7927273, 35.0637338], [128.7928775, 35.0636087], [128.7929499, 35.0634397], [128.7929606, 35.0632794], [128.7930411, 35.0631586], [128.7930036, 35.0631169], [128.7929365, 35.0630576], [128.7928963, 35.0630115], [128.793017, 35.0629588], [128.7930733, 35.0629325], [128.793025, 35.0628227], [128.7931296, 35.0627942], [128.7931779, 35.0627108], [128.7931377, 35.0625944], [128.7930465, 35.0624715], [128.792878, 35.0623769], [128.7927112, 35.0624144], [128.7927648, 35.0625856], [128.792738, 35.0626251], [128.7926227, 35.0625242], [128.7924913, 35.0625088], [128.7924304, 35.0624372], [128.7922606, 35.062388], [128.7917536, 35.0626361], [128.791582, 35.0628579]]], [[[128.71044, 35.0661499], [128.71076, 35.0661499], [128.7111479, 35.0659753], [128.7115797, 35.0658019], [128.7115878, 35.0657009], [128.7118499, 35.06551], [128.7120464, 35.0652135], [128.7120062, 35.0650489], [128.71201, 35.06487], [128.7118372, 35.0647503], [128.7116548, 35.0647042], [128.7115368, 35.0645922], [128.7113517, 35.0646076], [128.7110379, 35.06459], [128.7108797, 35.0646537], [128.7107536, 35.0646976], [128.7106571, 35.0646866], [128.7105927, 35.0645308], [128.7103727, 35.0644561], [128.7101045, 35.0644298], [128.7098926, 35.0644144], [128.7097719, 35.0643244], [128.7095761, 35.0643595], [128.7092864, 35.0646647], [128.7092, 35.06499], [128.7093991, 35.0653123], [128.7095305, 35.0655385], [128.7098765, 35.0656372], [128.7101153, 35.0657273], [128.7101582, 35.065848], [128.7101796, 35.0659951], [128.71044, 35.0661499]]], [[[128.7142915, 35.0774475], [128.7142217, 35.077577], [128.7141654, 35.0777504], [128.7141868, 35.077937], [128.7143853, 35.0778646], [128.7149888, 35.0775331], [128.7153777, 35.0773004], [128.7157299, 35.0768299], [128.71603, 35.0766999], [128.7163353, 35.0765256], [128.7163326, 35.0763544], [128.7162119, 35.0762358], [128.7161663, 35.0762314], [128.7160403, 35.0762402], [128.7159973, 35.0761392], [128.7159759, 35.0759878], [128.7158042, 35.0758758], [128.7155816, 35.0759988], [128.7154099, 35.07606], [128.7150612, 35.0760427], [128.7146723, 35.0761173], [128.7144792, 35.0763017], [128.71447, 35.0765701], [128.7145865, 35.0766902], [128.7146214, 35.0768856], [128.7146053, 35.077138], [128.7142915, 35.0774475]]], [[[128.708066, 35.0820263], [128.7081894, 35.0822084], [128.7083638, 35.082417], [128.7085623, 35.082564], [128.7087983, 35.082654], [128.7093428, 35.0827506], [128.7096781, 35.082744], [128.7096271, 35.0825904], [128.7097746, 35.0823753], [128.7101045, 35.0822019], [128.7106168, 35.0820263], [128.710995, 35.0819824], [128.7113705, 35.0821294], [128.7112632, 35.0823665], [128.711451, 35.0823906], [128.7114993, 35.0821953], [128.7117836, 35.082305], [128.7121242, 35.0824148], [128.7127438, 35.0820789], [128.7131113, 35.081877], [128.7134895, 35.0816904], [128.7138006, 35.0814051], [128.7139991, 35.0811044], [128.7142999, 35.0809399], [128.7144738, 35.0806939], [128.714321, 35.0805578], [128.7140903, 35.0803669], [128.7137845, 35.0802988], [128.7132293, 35.0801913], [128.7130684, 35.0801759], [128.7129208, 35.0802066], [128.7124085, 35.0803537], [128.7120652, 35.0804876], [128.7114269, 35.0805534], [128.7106061, 35.0805754], [128.709662, 35.0807949], [128.7089646, 35.0809244], [128.7083557, 35.0811878], [128.7080401, 35.0817001], [128.7080124, 35.0818638], [128.708066, 35.0820263]]], [[[128.7190369, 35.0849327], [128.7193223, 35.0851532], [128.719596, 35.0853699], [128.7197477, 35.0853792], [128.7200497, 35.0855815], [128.7203074, 35.086103], [128.7198754, 35.0863132], [128.7195888, 35.0866605], [128.7195507, 35.0869329], [128.7196224, 35.086935], [128.7196505, 35.0866641], [128.7198982, 35.0863799], [128.7203651, 35.0861442], [128.7204126, 35.0862383], [128.7204712, 35.0862543], [128.7205879, 35.0865422], [128.7207263, 35.0868339], [128.7212037, 35.0877048], [128.7215513, 35.0882863], [128.7216036, 35.0885497], [128.7213912, 35.0887826], [128.721068, 35.089184], [128.7211188, 35.0893526], [128.7211769, 35.0893412], [128.7211348, 35.0891854], [128.7214471, 35.0888148], [128.7217065, 35.0885639], [128.7226774, 35.0887125], [128.7226994, 35.0887522], [128.7224937, 35.0893957], [128.7223557, 35.0894845], [128.7223841, 35.0895316], [128.7225618, 35.0894211], [128.7226769, 35.089069], [128.7227222, 35.0890505], [128.7228375, 35.088716], [128.723021, 35.0886658], [128.7231799, 35.08854], [128.7233334, 35.0883603], [128.7233079, 35.0882538], [128.7237693, 35.088247], [128.7238744, 35.0882215], [128.7259065, 35.0882326], [128.7259026, 35.0882097], [128.7261929, 35.0882108], [128.7261979, 35.0882332], [128.7274665, 35.0882607], [128.728243, 35.0882552], [128.7282322, 35.0883189], [128.7284468, 35.088309], [128.7284546, 35.0882238], [128.7284463, 35.0881706], [128.7238642, 35.0881619], [128.7238614, 35.0881333], [128.7232958, 35.0881327], [128.722994, 35.0878928], [128.7227968, 35.0877099], [128.7223542, 35.0871501], [128.7221869, 35.0868283], [128.7221334, 35.0864], [128.7221724, 35.0861349], [128.7222845, 35.0858798], [128.7224968, 35.0856467], [128.7228142, 35.0853771], [128.723327, 35.085004], [128.7232678, 35.0848582], [128.723351, 35.0847591], [128.7231759, 35.0845075], [128.7231101, 35.0845234], [128.7231803, 35.0844199], [128.7230026, 35.0842598], [128.7226744, 35.0841663], [128.7227013, 35.0841062], [128.7227723, 35.084098], [128.7227608, 35.0840395], [128.7225572, 35.0840228], [128.7220772, 35.0839463], [128.7220568, 35.0838663], [128.7216236, 35.0838762], [128.7214475, 35.0840628], [128.72132, 35.0839999], [128.7212892, 35.0840829], [128.7212177, 35.0841226], [128.721148, 35.0840623], [128.7210247, 35.0840682], [128.7210303, 35.084213], [128.7207976, 35.0842963], [128.7206655, 35.0845295], [128.720322, 35.0846096], [128.7198291, 35.0846396], [128.7193902, 35.0845458], [128.7189475, 35.0843661], [128.7186656, 35.0841363], [128.7183204, 35.0840096], [128.7181399, 35.0839727], [128.7181086, 35.0839394], [128.7177621, 35.0840377], [128.717692, 35.0841526], [128.7175903, 35.0843299], [128.7177906, 35.0846828], [128.7181618, 35.0848243], [128.7185899, 35.0848393], [128.7187457, 35.0848893], [128.7188581, 35.0849052], [128.7190369, 35.0849327]]], [[[128.7183386, 35.0907255], [128.7182839, 35.0908526], [128.7182147, 35.0910514], [128.7182071, 35.0911518], [128.7182527, 35.0911703], [128.7182046, 35.0912148], [128.7182422, 35.0912951], [128.7182521, 35.091398], [128.7182289, 35.0914459], [128.7182789, 35.0915253], [128.7183474, 35.0915493], [128.7186213, 35.0914988], [128.7188233, 35.0916876], [128.7189568, 35.0918754], [128.7188819, 35.0918969], [128.7190619, 35.0924165], [128.7192364, 35.0923852], [128.7194321, 35.092823], [128.7194799, 35.0929748], [128.7197837, 35.0930011], [128.7201716, 35.0927718], [128.7203329, 35.0929045], [128.7204036, 35.0928543], [128.7204852, 35.0927964], [128.7203721, 35.0926883], [128.721898, 35.0915504], [128.7219707, 35.0915985], [128.722366, 35.0915533], [128.7225644, 35.0919409], [128.7226498, 35.0919056], [128.7224556, 35.0915599], [128.722403, 35.0914807], [128.7225521, 35.0914594], [128.7226603, 35.0913484], [128.7227317, 35.0912284], [128.7225696, 35.0910494], [128.7223155, 35.0908415], [128.72224, 35.0907199], [128.7216879, 35.090557], [128.7213715, 35.0904706], [128.7213229, 35.090373], [128.7213041, 35.0904275], [128.7212573, 35.0902741], [128.7210557, 35.0900434], [128.7206623, 35.0899394], [128.7201613, 35.0898641], [128.7200461, 35.0898619], [128.7200197, 35.0898138], [128.7199372, 35.0898421], [128.7198781, 35.0897635], [128.7197338, 35.0897565], [128.7195474, 35.0897686], [128.7193867, 35.0896776], [128.7193941, 35.0895865], [128.7192696, 35.089531], [128.7191879, 35.0895082], [128.719177, 35.0894618], [128.7191264, 35.0894615], [128.7190841, 35.0895114], [128.7190664, 35.0895662], [128.7189695, 35.0896558], [128.7187394, 35.0897229], [128.7185584, 35.0899173], [128.7185131, 35.0900461], [128.7184319, 35.0901647], [128.7183076, 35.0902632], [128.7183619, 35.0903037], [128.71833, 35.0904601], [128.7183563, 35.0905984], [128.7183386, 35.0907255]]], [[[128.7221256, 35.0953917], [128.7221532, 35.0953365], [128.7220722, 35.0952004], [128.7217909, 35.0951449], [128.721619, 35.0951504], [128.7215241, 35.0952189], [128.7215312, 35.0952969], [128.7215537, 35.0953725], [128.7215669, 35.095417], [128.7215753, 35.0954454], [128.7217042, 35.0955491], [128.7219038, 35.0955998], [128.7220517, 35.0955175], [128.7221811, 35.0954857], [128.7221256, 35.0953917]]], [[[128.9516849, 34.884767], [128.9516952, 34.8848019], [128.9517692, 34.8848637], [128.9518402, 34.8848652], [128.9518539, 34.8848981], [128.9518178, 34.8849128], [128.9519162, 34.885016], [128.9519606, 34.8850192], [128.9520191, 34.8850306], [128.9520784, 34.885031], [128.9520765, 34.8849861], [128.9521355, 34.8849694], [128.952157, 34.8849043], [128.9521767, 34.8848715], [128.9522056, 34.8848553], [128.9522126, 34.8848377], [128.9522149, 34.8848037], [128.952234, 34.8848024], [128.9522414, 34.884799], [128.9522465, 34.8847917], [128.9522473, 34.884743], [128.9522753, 34.8847207], [128.9522722, 34.8846884], [128.9522491, 34.8846784], [128.9522208, 34.884673], [128.952211, 34.8846493], [128.9522166, 34.8844396], [128.9521616, 34.8843946], [128.9520655, 34.8843781], [128.9520374, 34.8844018], [128.9520573, 34.8844709], [128.9519024, 34.8844617], [128.9518995, 34.8845309], [128.951858, 34.8845284], [128.9517696, 34.8844077], [128.9517106, 34.8843838], [128.9516679, 34.88449], [128.9517369, 34.8845652], [128.9517317, 34.8846501], [128.9517676, 34.8847003], [128.9518146, 34.8847159], [128.9518066, 34.8847508], [128.9516849, 34.884767]]], [[[128.9512779, 34.8853972], [128.9513156, 34.8853929], [128.9513149, 34.8853583], [128.9513318, 34.8853375], [128.9513819, 34.8853353], [128.9514306, 34.8853359], [128.9514095, 34.8852894], [128.95141, 34.8852609], [128.9514514, 34.8852959], [128.9514781, 34.8853273], [128.9515223, 34.8853273], [128.9515359, 34.8852644], [128.9514462, 34.8851828], [128.9514157, 34.8851972], [128.9513767, 34.8851914], [128.9513656, 34.8851572], [128.9513403, 34.8851162], [128.9512168, 34.8850405], [128.9511674, 34.8850655], [128.9511706, 34.8851279], [128.9511882, 34.8851588], [128.9511537, 34.8851866], [128.9511505, 34.8852292], [128.9512122, 34.8852847], [128.9512343, 34.8853263], [128.9512343, 34.8853807], [128.9512779, 34.8853972]]], [[[128.9518491, 34.8855816], [128.9517995, 34.8855756], [128.9517958, 34.8854919], [128.951793, 34.8854142], [128.9517801, 34.8853569], [128.9517002, 34.8853486], [128.9516671, 34.8853961], [128.9516413, 34.885421], [128.9516303, 34.8854707], [128.9516708, 34.8855454], [128.951656, 34.8855967], [128.9516836, 34.8856924], [128.9517388, 34.8857339], [128.9518215, 34.8857143], [128.9518491, 34.8855816]]], [[[128.9519932, 34.8870558], [128.9520275, 34.8870534], [128.9520752, 34.8870298], [128.9520675, 34.887011], [128.9520479, 34.8869859], [128.9520052, 34.8869778], [128.9519746, 34.8869823], [128.9519681, 34.8870146], [128.9519932, 34.8870558]]], [[[128.9717763, 34.9323055], [128.9717017, 34.9322782], [128.9716371, 34.9323101], [128.9717065, 34.9323378], [128.9717763, 34.9323055]]], [[[128.9733342, 34.9331455], [128.9733674, 34.9331778], [128.9732991, 34.9331838], [128.9732957, 34.9332239], [128.9733545, 34.9332646], [128.9733444, 34.933303], [128.9731931, 34.9333069], [128.9731383, 34.9333248], [128.9731999, 34.9333793], [128.9733948, 34.9334597], [128.9735056, 34.9335068], [128.9738171, 34.9336105], [128.973857, 34.9335819], [128.9739758, 34.933608], [128.9741021, 34.9336254], [128.9742079, 34.9336172], [128.9742848, 34.9336074], [128.9743066, 34.9335704], [128.9742531, 34.9335539], [128.9742216, 34.9335627], [128.9741351, 34.9335559], [128.9740137, 34.9334523], [128.9745153, 34.9333298], [128.9746395, 34.9333413], [128.9744705, 34.9332097], [128.9743482, 34.9331667], [128.9745457, 34.9328605], [128.9743884, 34.9328632], [128.9743281, 34.932798], [128.9741528, 34.9327826], [128.9740368, 34.9328693], [128.9739267, 34.9329476], [128.9738762, 34.9329333], [128.9739426, 34.9328265], [128.9737174, 34.9327589], [128.9733807, 34.9327092], [128.973329, 34.9327641], [128.9733864, 34.9328104], [128.9734025, 34.932849], [128.9736939, 34.9330949], [128.9736624, 34.9331445], [128.9734844, 34.9330949], [128.9733579, 34.9330901], [128.9733342, 34.9331455]]], [[[128.9765103, 34.9336395], [128.9766185, 34.9335541], [128.9764405, 34.9333448], [128.9764995, 34.9332305], [128.976839, 34.9332265], [128.9765542, 34.9330159], [128.9758537, 34.9331958], [128.9754007, 34.9332992], [128.9751905, 34.9338505], [128.9755128, 34.9340687], [128.9762039, 34.9340496], [128.9761294, 34.9337934], [128.9757163, 34.9336395], [128.9761294, 34.9336703], [128.9765103, 34.9336395]]], [[[128.8313113, 34.991102], [128.8313995, 34.9911924], [128.8314822, 34.9912827], [128.8315704, 34.9912962], [128.8315649, 34.991242], [128.8314712, 34.9911337], [128.8314932, 34.991075], [128.831383, 34.9909756], [128.8312011, 34.9909169], [128.8312231, 34.9909892], [128.8313113, 34.991102]]], [[[128.8403904, 34.997109], [128.8403472, 34.9970579], [128.8403472, 34.9969439], [128.8404048, 34.996881], [128.840376, 34.9968063], [128.8402225, 34.9966963], [128.8400833, 34.9965901], [128.8399106, 34.9965587], [128.8397043, 34.9965626], [128.8395459, 34.9965783], [128.8394931, 34.9966412], [128.8393972, 34.9966609], [128.8393588, 34.9967159], [128.839402, 34.9968063], [128.8392244, 34.9967827], [128.8390901, 34.9968378], [128.8390037, 34.9969518], [128.8390325, 34.9970736], [128.8390565, 34.997168], [128.8391573, 34.9971286], [128.839186, 34.9971837], [128.8391237, 34.9972426], [128.8391812, 34.9973095], [128.8392676, 34.9973527], [128.8394643, 34.9974234], [128.8395891, 34.997447], [128.8398098, 34.997451], [128.8399922, 34.9974431], [128.8402753, 34.9973841], [128.8404096, 34.9973448], [128.8404288, 34.9972584], [128.8403904, 34.997109]]], [[[128.8389173, 34.9972033], [128.8388214, 34.9972387], [128.8388646, 34.9972937], [128.8390853, 34.997333], [128.8390565, 34.9972584], [128.8390037, 34.9972151], [128.8389173, 34.9972033]]], [[[128.8359434, 35.0134629], [128.836006, 35.0134732], [128.8360185, 35.0135245], [128.8360687, 35.0135313], [128.8361146, 35.0135313], [128.8361439, 35.0134834], [128.8361104, 35.013456], [128.8361063, 35.0134047], [128.8360603, 35.0133431], [128.8359726, 35.0133603], [128.8359475, 35.0134082], [128.8359434, 35.0134629]]], [[[128.972012, 35.0269631], [128.9715489, 35.0269184], [128.9713325, 35.0271674], [128.9712026, 35.0271522], [128.9711271, 35.0267428], [128.9708781, 35.026543], [128.9707397, 35.0264294], [128.970458, 35.0264747], [128.9702621, 35.0263167], [128.9701106, 35.0263575], [128.9700665, 35.0266626], [128.9701885, 35.0272941], [128.9706128, 35.0274233], [128.9709884, 35.0273622], [128.9711515, 35.027219], [128.9710621, 35.0275724], [128.9712908, 35.0280806], [128.9719817, 35.0281234], [128.9714832, 35.0284498], [128.9715645, 35.0291699], [128.9719281, 35.0296299], [128.9721778, 35.0294788], [128.9720563, 35.0298655], [128.9722207, 35.0300267], [128.972545, 35.0299429], [128.9727622, 35.0305097], [128.9734509, 35.0310882], [128.9741062, 35.0312068], [128.974428, 35.031022], [128.9746058, 35.0304281], [128.9750323, 35.0301839], [128.97536, 35.02963], [128.975199, 35.0292022], [128.9749033, 35.0288453], [128.9748288, 35.0286165], [128.9747437, 35.0281751], [128.9744721, 35.0278905], [128.9742927, 35.0274942], [128.9742194, 35.0272331], [128.9740779, 35.0271759], [128.9738834, 35.0271867], [128.9738613, 35.0267283], [128.973892, 35.0264525], [128.9738929, 35.0259934], [128.9738031, 35.0255324], [128.9736589, 35.0252608], [128.9734714, 35.025174], [128.9733299, 35.0251199], [128.97318, 35.02526], [128.97302, 35.02538], [128.9728601, 35.0255], [128.9723406, 35.0261274], [128.97225, 35.0265499], [128.97239, 35.02705], [128.9722184, 35.0271228], [128.972017, 35.0267979], [128.972012, 35.0269631]]], [[[128.849003, 35.0337934], [128.8489809, 35.0339017], [128.8490305, 35.0339784], [128.8490857, 35.0340371], [128.8491849, 35.0340822], [128.8492786, 35.0340777], [128.8493668, 35.03401], [128.8494274, 35.0339378], [128.8495597, 35.0338069], [128.8495321, 35.0337076], [128.8494274, 35.0337122], [128.8493006, 35.0337122], [128.8491022, 35.0337212], [128.849003, 35.0337934]]], [[[128.8492786, 35.0342267], [128.8493612, 35.0342447], [128.8494494, 35.0342041], [128.8495486, 35.034159], [128.8495817, 35.0340867], [128.8495376, 35.0340416], [128.8494439, 35.0340597], [128.8493778, 35.0341048], [128.8493833, 35.034159], [128.8492786, 35.0342267]]], [[[128.9750559, 35.0355711], [128.9750349, 35.0355025], [128.9748214, 35.0352694], [128.97488, 35.0352008], [128.9748214, 35.0351562], [128.9747251, 35.0351562], [128.9746581, 35.0352419], [128.9746539, 35.0353345], [128.9747712, 35.0354476], [128.9747, 35.0355368], [128.9747, 35.0355779], [128.9749135, 35.0356191], [128.9750559, 35.0355711]]], [[[128.9300709, 35.0488161], [128.9290867, 35.0486299], [128.9284065, 35.0484839], [128.9282456, 35.0487332], [128.9283646, 35.0493255], [128.9283793, 35.0509667], [128.9282577, 35.0514506], [128.9281359, 35.0520683], [128.9279721, 35.0526493], [128.9277237, 35.0535869], [128.927657, 35.0540628], [128.927887, 35.0550293], [128.9283526, 35.0558127], [128.9290169, 35.0565399], [128.929703, 35.0570846], [128.9303134, 35.0572805], [128.9309889, 35.0570965], [128.9311245, 35.0568559], [128.9309871, 35.0565848], [128.9310537, 35.056356], [128.930623, 35.05615], [128.9302381, 35.0563396], [128.930048, 35.0559878], [128.9295642, 35.0558222], [128.9296836, 35.0554516], [128.9298205, 35.0550644], [128.9297149, 35.0547218], [128.9295855, 35.0541459], [128.9295211, 35.0531962], [128.9297074, 35.0524436], [128.9298475, 35.0520731], [128.930278, 35.0518156], [128.9306657, 35.0515767], [128.931103, 35.0515986], [128.9318582, 35.0513122], [128.9330707, 35.0512194], [128.9341038, 35.051303], [128.9356599, 35.0514023], [128.9372144, 35.0510915], [128.9381189, 35.0514789], [128.9389442, 35.0511448], [128.9401482, 35.0515103], [128.9410666, 35.0511232], [128.9416994, 35.051197], [128.9419806, 35.051622], [128.9423801, 35.0518028], [128.9428292, 35.0517455], [128.9437304, 35.0515718], [128.9445903, 35.0516476], [128.9453874, 35.05115], [128.9460325, 35.0513319], [128.9469262, 35.0511371], [128.9474604, 35.0511432], [128.948022, 35.0508898], [128.9483017, 35.0511021], [128.9490395, 35.0510523], [128.9502416, 35.0511265], [128.9509274, 35.0512614], [128.9516359, 35.0511949], [128.9521337, 35.0510708], [128.9525618, 35.0508826], [128.9530439, 35.0505104], [128.9533228, 35.050161], [128.9537489, 35.0498486], [128.9544005, 35.0500469], [128.9546075, 35.0502187], [128.9544675, 35.050731], [128.9549483, 35.0512071], [128.9558101, 35.0513148], [128.9560341, 35.0511841], [128.955388, 35.0505318], [128.9549654, 35.0500472], [128.9544759, 35.0497023], [128.9541725, 35.0494424], [128.953873, 35.049266], [128.9525755, 35.0494717], [128.9521922, 35.0495461], [128.95083, 35.0494968], [128.9497878, 35.0494899], [128.9482902, 35.0495744], [128.9472199, 35.0495967], [128.9458772, 35.0495388], [128.9440708, 35.0494948], [128.9427635, 35.0494577], [128.9416617, 35.0494845], [128.9408394, 35.049488], [128.9396504, 35.0494375], [128.9381173, 35.0493391], [128.9353151, 35.0492529], [128.9338973, 35.0492336], [128.9326688, 35.0490924], [128.9313573, 35.0489835], [128.9300709, 35.0488161]]], [[[128.9396483, 35.0527174], [128.9392942, 35.052713], [128.9384279, 35.0526998], [128.9380658, 35.0528382], [128.9377761, 35.0530533], [128.9377117, 35.0532795], [128.9377359, 35.0533629], [128.9377198, 35.0535057], [128.937819, 35.0535606], [128.9379719, 35.0533761], [128.9383099, 35.0531214], [128.9384949, 35.0531038], [128.9386612, 35.0530402], [128.9388275, 35.052948], [128.9390207, 35.0529633], [128.9393532, 35.0529392], [128.9396671, 35.0529699], [128.9398146, 35.0529919], [128.9407935, 35.053042], [128.9411035, 35.053042], [128.9414883, 35.0533432], [128.9418477, 35.0534925], [128.942006, 35.0535035], [128.9420596, 35.0533542], [128.9420542, 35.0532949], [128.9420086, 35.0531851], [128.941904, 35.0531456], [128.9416975, 35.0530314], [128.941271, 35.0529018], [128.9404476, 35.0527986], [128.9401981, 35.0527591], [128.9398682, 35.0527262], [128.9396483, 35.0527174]]], [[[128.9438024, 35.0539568], [128.9438847, 35.0540402], [128.9441665, 35.054134], [128.9444012, 35.0541288], [128.9445921, 35.0541924], [128.9447661, 35.0542039], [128.9449506, 35.0543051], [128.9451583, 35.054358], [128.9453122, 35.0544791], [128.9454952, 35.0545084], [128.9455951, 35.0545543], [128.9456485, 35.0546142], [128.9457699, 35.0546668], [128.9459108, 35.054636], [128.9461875, 35.0547128], [128.9462444, 35.0548301], [128.9465397, 35.0549686], [128.9466695, 35.0549456], [128.9469121, 35.0549761], [128.9470998, 35.0551204], [128.9472579, 35.0550684], [128.9473851, 35.0549703], [128.9475102, 35.0549487], [128.94764, 35.0548755], [128.947594, 35.0546823], [128.9477091, 35.0545413], [128.9474652, 35.0544415], [128.9473305, 35.0544003], [128.9471746, 35.0542827], [128.9469704, 35.0541794], [128.9469549, 35.054081], [128.9467881, 35.0540283], [128.9465915, 35.0538923], [128.946419, 35.0538721], [128.946272, 35.0537963], [128.9458495, 35.0539066], [128.9453442, 35.0538067], [128.9449608, 35.0536762], [128.9446542, 35.0536018], [128.9444266, 35.0534951], [128.9441728, 35.0534539], [128.943938, 35.0535604], [128.9437899, 35.0535554], [128.9435593, 35.0534154], [128.94337, 35.0534184], [128.943157, 35.0534249], [128.943036, 35.0534988], [128.9429763, 35.053563], [128.942937, 35.0536529], [128.9429565, 35.0537312], [128.9431278, 35.0537357], [128.9433012, 35.0538171], [128.9433674, 35.0537928], [128.9434581, 35.0537986], [128.94366, 35.0539594], [128.9438024, 35.0539568]]], [[[128.9354039, 35.0543754], [128.9354074, 35.0548192], [128.9353381, 35.0549327], [128.9352971, 35.0552025], [128.9354155, 35.0556469], [128.9354723, 35.0559048], [128.9353983, 35.0560924], [128.9354159, 35.0563167], [128.9354234, 35.0565379], [128.935372, 35.0566106], [128.935304, 35.0566312], [128.935297, 35.0567117], [128.9353586, 35.0567481], [128.9356013, 35.0572557], [128.9355427, 35.0573542], [128.9355136, 35.0575493], [128.9353963, 35.057646], [128.9353319, 35.0575853], [128.9352445, 35.0576092], [128.9351542, 35.0577515], [128.9350321, 35.0578237], [128.9349746, 35.0578957], [128.9349997, 35.0579829], [128.9349437, 35.0581469], [128.9350727, 35.0582838], [128.9351929, 35.0587574], [128.9351332, 35.0587869], [128.9350612, 35.0587661], [128.9349417, 35.0588431], [128.9348192, 35.059013], [128.9348516, 35.0591699], [128.9349167, 35.0592601], [128.9349566, 35.0594742], [128.9350418, 35.0594757], [128.935072, 35.0595656], [128.9350042, 35.0596295], [128.9351051, 35.0599598], [128.9351956, 35.0600887], [128.9351704, 35.0601601], [128.9352077, 35.060352], [128.9352759, 35.0604013], [128.9353698, 35.0604456], [128.935449, 35.0604315], [128.9354902, 35.0603883], [128.9356061, 35.0604174], [128.9357123, 35.0604846], [128.9358771, 35.0605627], [128.9359642, 35.060743], [128.9360247, 35.0607335], [128.9360852, 35.0607239], [128.9361277, 35.0606315], [128.9362592, 35.0606205], [128.936305, 35.0605633], [128.9362909, 35.060506], [128.9362294, 35.0604507], [128.9358945, 35.0602781], [128.9357966, 35.0602463], [128.9357404, 35.0602099], [128.9357307, 35.0601154], [128.935783, 35.0600731], [128.9356794, 35.0599468], [128.9356233, 35.0597186], [128.9354766, 35.0595275], [128.9355125, 35.0593531], [128.9356698, 35.0592897], [128.9359511, 35.0593414], [128.9361959, 35.0593492], [128.9364211, 35.0592868], [128.936479, 35.059121], [128.9365589, 35.0591123], [128.9366363, 35.0591578], [128.9366685, 35.0592428], [128.9367844, 35.0593284], [128.936915, 35.0593178], [128.9368958, 35.0592582], [128.937005, 35.0592546], [128.9371089, 35.0592246], [128.9372447, 35.0592427], [128.9372856, 35.0592804], [128.9372971, 35.0593421], [128.9373741, 35.0593432], [128.9376242, 35.0590634], [128.9377442, 35.0590909], [128.9377286, 35.0592225], [128.9377796, 35.0592421], [128.937761, 35.0593172], [128.9377106, 35.05934], [128.9379059, 35.0594788], [128.9382169, 35.0594403], [128.9382674, 35.0593694], [128.9383767, 35.0593406], [128.9384385, 35.0592269], [128.9385082, 35.0592021], [128.9386128, 35.0591835], [128.9386968, 35.0593562], [128.9389271, 35.059448], [128.9389782, 35.0594346], [128.9390205, 35.0594697], [128.9390762, 35.0594259], [128.9390481, 35.0593245], [128.9390701, 35.0592544], [128.9396556, 35.0591346], [128.9397114, 35.0590169], [128.9398408, 35.059092], [128.9398431, 35.0589756], [128.9399605, 35.0589283], [128.9400911, 35.0589629], [128.9402844, 35.0589271], [128.9405797, 35.0589223], [128.9406143, 35.0590193], [128.9408423, 35.0590171], [128.9410882, 35.0589762], [128.9411204, 35.0588993], [128.9414294, 35.0588669], [128.9414558, 35.0589405], [128.9415438, 35.0589409], [128.9416124, 35.0588779], [128.941685, 35.0588862], [128.9417076, 35.0590004], [128.941786, 35.0590189], [128.941856, 35.0589379], [128.9420484, 35.0589468], [128.9420937, 35.0589918], [128.9421437, 35.0588966], [128.9422216, 35.0588815], [128.9422672, 35.0589097], [128.942476, 35.0588662], [128.9425174, 35.0587797], [128.9425558, 35.0587847], [128.9426472, 35.0589318], [128.9431418, 35.0590512], [128.9432316, 35.0590356], [128.9434097, 35.0590897], [128.9435238, 35.0590315], [128.9435702, 35.0589226], [128.9438948, 35.0591065], [128.9439898, 35.0592084], [128.9440563, 35.0591021], [128.9443176, 35.0591272], [128.9443847, 35.059203], [128.9444926, 35.0591145], [128.9451531, 35.0591669], [128.9452097, 35.0591268], [128.9453811, 35.0592144], [128.9455925, 35.0589908], [128.9456578, 35.0589147], [128.945732, 35.0589183], [128.9458849, 35.0589469], [128.9459628, 35.0590114], [128.946288, 35.0588976], [128.9466213, 35.0588472], [128.9467233, 35.0587555], [128.946845, 35.0587941], [128.9468739, 35.0588639], [128.9470393, 35.0588198], [128.9470712, 35.0588725], [128.9470546, 35.0589336], [128.9472306, 35.0588551], [128.9473737, 35.058778], [128.9473992, 35.0588068], [128.9476305, 35.0587559], [128.9478025, 35.0587794], [128.9482027, 35.0586222], [128.9482986, 35.058579], [128.9481508, 35.0585086], [128.948036, 35.0584595], [128.9478073, 35.0583296], [128.9476357, 35.0582242], [128.9473272, 35.0580596], [128.9471341, 35.0579542], [128.9468793, 35.05784], [128.9465145, 35.0576929], [128.9460885, 35.0574745], [128.9459972, 35.0573894], [128.9457126, 35.0573167], [128.9454576, 35.0573377], [128.9453346, 35.0573014], [128.9452287, 35.0572964], [128.9451859, 35.0571418], [128.9448684, 35.0570948], [128.9446399, 35.0570965], [128.9443465, 35.0570562], [128.9441656, 35.0571069], [128.9439, 35.0571442], [128.943723, 35.0571442], [128.9434279, 35.0571574], [128.9431085, 35.0571156], [128.9428744, 35.057192], [128.9424154, 35.0571571], [128.9423462, 35.0570978], [128.9419285, 35.0570584], [128.9418916, 35.0570811], [128.9417571, 35.057069], [128.9416875, 35.0570275], [128.9408294, 35.0568494], [128.9403412, 35.0567089], [128.9398665, 35.0565091], [128.9392469, 35.0562895], [128.9390657, 35.0561561], [128.9388633, 35.0561095], [128.938638, 35.0559734], [128.9384626, 35.0559286], [128.9382605, 35.0557635], [128.9381559, 35.0557375], [128.9381126, 35.0556687], [128.9379842, 35.0555228], [128.9378366, 35.0554618], [128.9377189, 35.0553552], [128.937621, 35.0552592], [128.9374525, 35.0551368], [128.9372847, 35.0551246], [128.9369777, 35.0552751], [128.9368378, 35.055346], [128.9365829, 35.0553855], [128.9364542, 35.055458], [128.9363362, 35.0554931], [128.936194, 35.055469], [128.9361377, 35.0554294], [128.9360626, 35.0552779], [128.936076, 35.055144], [128.936194, 35.0549442], [128.9363871, 35.0546926], [128.9364998, 35.0545138], [128.9364703, 35.0544194], [128.9362569, 35.0542283], [128.9361728, 35.0540618], [128.9361894, 35.0539873], [128.9361535, 35.053885], [128.9359267, 35.0538463], [128.9357629, 35.0539014], [128.9356646, 35.0540248], [128.9357077, 35.0540817], [128.9355959, 35.054123], [128.9354039, 35.0543754]]], [[[128.9194299, 35.0580485], [128.9196578, 35.0579419], [128.9200661, 35.0582256], [128.9202141, 35.0585892], [128.9201789, 35.0588543], [128.9203075, 35.0594128], [128.9204466, 35.059857], [128.9204166, 35.0602455], [128.9205594, 35.0608657], [128.9205403, 35.0610294], [128.9203505, 35.0611345], [128.9203601, 35.0612311], [128.9207961, 35.061304], [128.921144, 35.0612774], [128.9213816, 35.0611725], [128.9214762, 35.0611829], [128.9215431, 35.0612015], [128.9216576, 35.0611941], [128.9217821, 35.0611058], [128.9219971, 35.0604266], [128.9221913, 35.0596971], [128.9223248, 35.0591284], [128.9222727, 35.0587707], [128.922119, 35.0584299], [128.9219275, 35.0581455], [128.9216752, 35.0578973], [128.9207296, 35.0571705], [128.9202997, 35.0567814], [128.9199715, 35.0564401], [128.9194541, 35.0558625], [128.9190611, 35.0555087], [128.9187782, 35.0553322], [128.9183537, 35.055294], [128.9179643, 35.0553266], [128.9167832, 35.055469], [128.9148211, 35.0557556], [128.9126668, 35.056157], [128.9110867, 35.0565697], [128.9100946, 35.0568994], [128.9093281, 35.0570478], [128.9084003, 35.0570913], [128.9068038, 35.0572768], [128.9023857, 35.0580679], [128.8977888, 35.0587196], [128.893778, 35.0592115], [128.8916945, 35.0595331], [128.8899836, 35.0600455], [128.8889145, 35.0603205], [128.8878094, 35.0604952], [128.8873778, 35.0605667], [128.8871172, 35.0606569], [128.8867058, 35.0607996], [128.885508, 35.0610562], [128.8850536, 35.0614772], [128.8839224, 35.0620396], [128.8832877, 35.0621638], [128.8824218, 35.0626172], [128.8822522, 35.062786], [128.8822545, 35.0629657], [128.8824867, 35.0629764], [128.8828291, 35.062948], [128.8829996, 35.0628708], [128.8831951, 35.0629276], [128.8834841, 35.062922], [128.8840342, 35.0630951], [128.8842734, 35.0631113], [128.884947, 35.0633765], [128.8854553, 35.0634495], [128.8857609, 35.0635647], [128.8860212, 35.0637956], [128.8862318, 35.0639723], [128.8865515, 35.0641633], [128.886924, 35.0643435], [128.8875226, 35.0646711], [128.8879379, 35.064787], [128.8881337, 35.0647738], [128.8882568, 35.064793], [128.8885179, 35.0647016], [128.8887115, 35.0646059], [128.8886572, 35.0643992], [128.8887374, 35.0642209], [128.8887124, 35.0639142], [128.8887503, 35.063572], [128.8888834, 35.0635127], [128.8888959, 35.0633901], [128.8889362, 35.063313], [128.8890167, 35.063253], [128.889061, 35.0630052], [128.8891387, 35.0627952], [128.889276, 35.0627737], [128.8894315, 35.0626169], [128.8894557, 35.062502], [128.8895473, 35.0624488], [128.8897506, 35.0623378], [128.8897721, 35.0622943], [128.8898013, 35.0622799], [128.8898146, 35.0622511], [128.8898444, 35.0622352], [128.8898297, 35.0621807], [128.8901009, 35.0620513], [128.8909285, 35.0617325], [128.8911133, 35.0615345], [128.891297, 35.0614826], [128.8916112, 35.0612925], [128.8917008, 35.0613291], [128.891964, 35.0612467], [128.8921234, 35.0612103], [128.8921994, 35.0612422], [128.8923321, 35.0611721], [128.8924846, 35.0612061], [128.8925457, 35.0611451], [128.8926307, 35.0611913], [128.8936438, 35.0610889], [128.8937961, 35.0610736], [128.8941648, 35.0609728], [128.8937125, 35.0613755], [128.8935781, 35.0614413], [128.8933909, 35.0616463], [128.8934021, 35.0618757], [128.8935328, 35.0618918], [128.8936783, 35.0617754], [128.893766, 35.0616239], [128.8939578, 35.0615694], [128.8940537, 35.0616557], [128.894219, 35.0617254], [128.8944519, 35.0615934], [128.8946617, 35.0613613], [128.8951047, 35.0613646], [128.8952287, 35.0612794], [128.8953825, 35.0613053], [128.8954023, 35.0614246], [128.8954909, 35.0614322], [128.8956112, 35.0613601], [128.8956052, 35.0611535], [128.8957262, 35.0610745], [128.8957503, 35.0609755], [128.8959357, 35.0609548], [128.8960532, 35.0609117], [128.8961144, 35.0609417], [128.8962435, 35.0609422], [128.8963661, 35.0611408], [128.8964457, 35.061158], [128.896497, 35.0610465], [128.8965308, 35.0609718], [128.8966205, 35.0609547], [128.8967563, 35.0609936], [128.8967697, 35.0610893], [128.8969284, 35.0611609], [128.8969846, 35.0612725], [128.8970755, 35.0612715], [128.8971639, 35.0612073], [128.8972656, 35.0612163], [128.8972914, 35.0612608], [128.8973568, 35.0612688], [128.8974384, 35.0612091], [128.8974968, 35.0612171], [128.8975839, 35.0611291], [128.8975788, 35.0610309], [128.8975565, 35.0609494], [128.897597, 35.0609247], [128.897658, 35.0609247], [128.8976661, 35.0607277], [128.8976374, 35.0606899], [128.8978037, 35.0605493], [128.8977992, 35.0606523], [128.8979785, 35.0606228], [128.8980501, 35.0605211], [128.8981637, 35.0605086], [128.8982038, 35.0604668], [128.898202, 35.0604171], [128.8982908, 35.0603589], [128.8983471, 35.0603423], [128.8984475, 35.0602802], [128.8985272, 35.0601976], [128.8986301, 35.060161], [128.8987273, 35.0601728], [128.898841, 35.0600843], [128.8989161, 35.0600557], [128.8991076, 35.0600348], [128.8991491, 35.0599957], [128.8991975, 35.0599651], [128.8992036, 35.0599335], [128.8993317, 35.0598911], [128.8993519, 35.0599152], [128.8994007, 35.0599159], [128.899436, 35.059896], [128.899458, 35.0598682], [128.8997026, 35.0597784], [128.8997753, 35.0598019], [128.8998673, 35.0598006], [128.8999913, 35.0596839], [128.9002322, 35.0596028], [128.9002506, 35.0595313], [128.9003206, 35.0594778], [128.9003877, 35.0594735], [128.9004616, 35.0595012], [128.9007461, 35.059499], [128.9008116, 35.0594317], [128.9009407, 35.0593718], [128.9009791, 35.0593926], [128.9010199, 35.0593782], [128.9010561, 35.0593376], [128.9011914, 35.0593072], [128.9012712, 35.0592653], [128.9014575, 35.0592825], [128.9015203, 35.0592154], [128.9016013, 35.0591707], [128.9016904, 35.0591853], [128.9017658, 35.0592223], [128.9018847, 35.0591392], [128.9019394, 35.0591537], [128.9020594, 35.059142], [128.9021107, 35.0591696], [128.9021842, 35.0591516], [128.9022668, 35.0590788], [128.9022863, 35.0590227], [128.9025185, 35.0589083], [128.9025555, 35.0589318], [128.9025994, 35.0589196], [128.9026866, 35.0588716], [128.9027899, 35.0588818], [128.9030584, 35.0587745], [128.9031869, 35.0588147], [128.9032902, 35.0588098], [128.9033858, 35.0587652], [128.9035204, 35.0586793], [128.9036039, 35.0587064], [128.9036827, 35.0586434], [128.9037852, 35.0586588], [128.9038671, 35.0586311], [128.9040535, 35.0585169], [128.9041748, 35.0583381], [128.904548, 35.0582486], [128.9047329, 35.0582851], [128.904946, 35.0583351], [128.9051845, 35.0581892], [128.9054244, 35.0581257], [128.9058298, 35.0581245], [128.9065136, 35.0582742], [128.9067679, 35.0580844], [128.9075367, 35.0579816], [128.9082038, 35.0581695], [128.9088057, 35.0582159], [128.9092758, 35.0581059], [128.9094642, 35.0581864], [128.9090407, 35.0583932], [128.9088088, 35.0585229], [128.9083814, 35.0586793], [128.9080903, 35.0587557], [128.9076951, 35.0590698], [128.9074935, 35.0592014], [128.9072475, 35.0592822], [128.907208, 35.0594205], [128.9070405, 35.0595047], [128.9069294, 35.0594987], [128.9066039, 35.0596592], [128.9065663, 35.0596137], [128.9064791, 35.0596177], [128.9064175, 35.0598039], [128.906312, 35.0598723], [128.9062923, 35.0600677], [128.9063112, 35.0601819], [128.9061443, 35.0602368], [128.9061065, 35.0603108], [128.9059763, 35.0604041], [128.9060544, 35.0604654], [128.9055495, 35.0608769], [128.9055144, 35.0610495], [128.9053921, 35.0611401], [128.9052995, 35.0615258], [128.9052198, 35.0616601], [128.9051353, 35.06173], [128.9050861, 35.0617969], [128.9050584, 35.0620803], [128.9051071, 35.0622627], [128.9054176, 35.0623673], [128.9054901, 35.0624799], [128.9057333, 35.0625665], [128.9059493, 35.0625888], [128.9060156, 35.0625678], [128.9060659, 35.0625533], [128.9060813, 35.0625862], [128.9060697, 35.0626371], [128.9061637, 35.0626735], [128.9062107, 35.0626264], [128.9062724, 35.0627038], [128.9065331, 35.0627261], [128.9065887, 35.062665], [128.9066419, 35.0627344], [128.906765, 35.0627266], [128.9067851, 35.0627669], [128.9068426, 35.0627793], [128.9068744, 35.0627278], [128.9070411, 35.0627425], [128.9071537, 35.0627339], [128.9071902, 35.0628029], [128.9072416, 35.0628032], [128.9072477, 35.0627537], [128.9073102, 35.0627081], [128.9073224, 35.0627595], [128.9076451, 35.062913], [128.9080112, 35.0629286], [128.908039, 35.0630425], [128.9085561, 35.0631586], [128.9085977, 35.0630809], [128.9086957, 35.0631337], [128.9087336, 35.0630551], [128.9088083, 35.0630727], [128.9088576, 35.063031], [128.9089875, 35.0631548], [128.9090427, 35.0630963], [128.9091245, 35.0631765], [128.9092504, 35.0632366], [128.9091343, 35.0632837], [128.9091518, 35.0633207], [128.9092777, 35.0632886], [128.9093424, 35.063391], [128.9095526, 35.0633749], [128.9095606, 35.0633077], [128.9100143, 35.0633137], [128.9100941, 35.0633784], [128.9102034, 35.063392], [128.9103425, 35.063329], [128.9104669, 35.0633293], [128.9105686, 35.0633568], [128.9106262, 35.0634707], [128.9107034, 35.0634933], [128.9110887, 35.0633592], [128.9113344, 35.0634859], [128.9115137, 35.0634064], [128.9116057, 35.0633817], [128.9116733, 35.063381], [128.9117186, 35.0632557], [128.9117985, 35.0632313], [128.9118402, 35.0633284], [128.9119491, 35.0632997], [128.9120033, 35.0632175], [128.9118947, 35.0630565], [128.9115944, 35.0630585], [128.9114431, 35.0630212], [128.9113607, 35.0629101], [128.911097, 35.0627718], [128.9108917, 35.0627336], [128.9108112, 35.0626049], [128.9105464, 35.0625561], [128.9105254, 35.0624147], [128.9106813, 35.0624184], [128.9106877, 35.0623338], [128.910588, 35.0620872], [128.9108022, 35.0619557], [128.91081, 35.0617099], [128.9114424, 35.0615235], [128.9116925, 35.0616522], [128.9119436, 35.0616883], [128.911908, 35.0618191], [128.912097, 35.0618932], [128.9123842, 35.0618984], [128.9126819, 35.0618082], [128.9126987, 35.0616973], [128.9129828, 35.0616998], [128.912924, 35.0618411], [128.9131414, 35.0620476], [128.9133889, 35.0620092], [128.9136271, 35.0619369], [128.9140705, 35.0620895], [128.9142634, 35.0620618], [128.9142143, 35.061895], [128.9144663, 35.0616489], [128.9149179, 35.0618163], [128.9151462, 35.0618243], [128.9151911, 35.0620107], [128.9152807, 35.0620455], [128.9153849, 35.0620408], [128.9154506, 35.0619828], [128.9155212, 35.0620303], [128.9156055, 35.0620168], [128.9155213, 35.0619669], [128.9155538, 35.0619174], [128.9156184, 35.0619109], [128.9156409, 35.0619348], [128.9157704, 35.0619352], [128.9158237, 35.0619765], [128.9158732, 35.0619515], [128.9159372, 35.0619224], [128.9158974, 35.0618095], [128.9159865, 35.0617899], [128.9160807, 35.0618717], [128.9161623, 35.0618629], [128.9162418, 35.0617781], [128.9162494, 35.0616911], [128.916387, 35.0617014], [128.9164653, 35.061644], [128.9164839, 35.0616041], [128.9165949, 35.061572], [128.9166117, 35.0616069], [128.9165666, 35.0616735], [128.9166547, 35.0617116], [128.9166688, 35.0616803], [128.9167329, 35.0616758], [128.9167499, 35.06172], [128.9167967, 35.0616791], [128.9167444, 35.0616611], [128.9167385, 35.061638], [128.916816, 35.0615984], [128.9168846, 35.0615954], [128.9169973, 35.0616148], [128.9169798, 35.0615837], [128.9170152, 35.0615565], [128.9170899, 35.0616122], [128.9170424, 35.0614569], [128.9170908, 35.0614469], [128.9171362, 35.0614893], [128.9171917, 35.0614807], [128.9172025, 35.061371], [128.9172356, 35.061338], [128.9173176, 35.0613811], [128.9173729, 35.0614463], [128.9174771, 35.0614819], [128.9176792, 35.0614601], [128.9175684, 35.0613302], [128.9175387, 35.0613442], [128.9173308, 35.0612178], [128.9174397, 35.0611465], [128.9174711, 35.0611055], [128.9175374, 35.0611011], [128.9175458, 35.0611507], [128.9177098, 35.0611735], [128.9177523, 35.0611343], [128.9176385, 35.0610542], [128.9176707, 35.0610062], [128.917747, 35.0610061], [128.9177895, 35.060987], [128.9178466, 35.0610088], [128.9179322, 35.0609489], [128.9180257, 35.0609574], [128.9182697, 35.0607575], [128.9183366, 35.0607627], [128.9184297, 35.0608312], [128.9185843, 35.0608791], [128.9186827, 35.06095], [128.9187273, 35.0609735], [128.9187757, 35.0608957], [128.9188163, 35.0609373], [128.9188848, 35.0609052], [128.918905, 35.0609499], [128.9189107, 35.0610323], [128.9189453, 35.0610568], [128.9189802, 35.060981], [128.9190661, 35.0609732], [128.9190465, 35.061079], [128.9190865, 35.0611084], [128.9191732, 35.0610268], [128.9192344, 35.0610225], [128.91925, 35.06108], [128.9191748, 35.061158], [128.9190678, 35.0611596], [128.9190702, 35.061236], [128.9194655, 35.0615745], [128.919631, 35.061452], [128.9197634, 35.0609444], [128.9195163, 35.0603885], [128.9194432, 35.0602926], [128.9193742, 35.0600548], [128.9193221, 35.05993], [128.9192453, 35.059812], [128.9192032, 35.0595522], [128.919045, 35.0591592], [128.9188247, 35.0589691], [128.9186257, 35.0585514], [128.9186332, 35.0584141], [128.9185871, 35.0583693], [128.9185351, 35.0582033], [128.9185492, 35.0581421], [128.9183359, 35.0578591], [128.9183697, 35.0577628], [128.9184315, 35.0576882], [128.9187139, 35.0575877], [128.918793, 35.0575845], [128.9188131, 35.0577633], [128.9189158, 35.0579123], [128.9190159, 35.0580168], [128.9191542, 35.0579975], [128.9194299, 35.0580485]]], [[[128.951478, 35.0619156], [128.9514726, 35.061869], [128.9513886, 35.0618568], [128.9513371, 35.0618868], [128.9513303, 35.0619511], [128.9513859, 35.0619911], [128.9514645, 35.0619711], [128.951478, 35.0619156]]], [[[128.9031476, 35.0634955], [128.9033354, 35.0633821], [128.903451, 35.0634075], [128.9034874, 35.0632414], [128.903481, 35.0631016], [128.9032551, 35.0629045], [128.9031204, 35.0627404], [128.9029718, 35.0627238], [128.9028622, 35.0628028], [128.9027216, 35.0629062], [128.9026094, 35.0631887], [128.9024734, 35.0633428], [128.9023642, 35.0634661], [128.9024342, 35.0635977], [128.9025472, 35.0637337], [128.9026189, 35.0637558], [128.9029918, 35.0636618], [128.9031476, 35.0634955]]], [[[128.9170455, 35.0644575], [128.9171394, 35.0645489], [128.9174056, 35.0645561], [128.9175315, 35.0645444], [128.9176234, 35.0645854], [128.9176912, 35.064505], [128.9176608, 35.0644297], [128.9177897, 35.0644229], [128.9178058, 35.0643646], [128.9179811, 35.0643726], [128.9180387, 35.0644093], [128.9182607, 35.0644293], [128.9185171, 35.064266], [128.9183965, 35.0639886], [128.9182766, 35.0639095], [128.9179386, 35.0638612], [128.9177631, 35.0638246], [128.9176782, 35.0638653], [128.9175471, 35.0638709], [128.9174312, 35.0638294], [128.9173244, 35.0637582], [128.9172787, 35.0636537], [128.917142, 35.0635251], [128.9169676, 35.06352], [128.9167786, 35.0635774], [128.916736, 35.0634739], [128.9165123, 35.0634344], [128.9163487, 35.0636539], [128.9163172, 35.0638556], [128.9163782, 35.064103], [128.916357, 35.0642071], [128.9164361, 35.0644094], [128.9165658, 35.0645039], [128.9169589, 35.0645388], [128.9169513, 35.0644967], [128.9170455, 35.0644575]]], [[[128.9492052, 35.0653893], [128.9491344, 35.0652734], [128.9490388, 35.0652985], [128.9489904, 35.0653864], [128.9490341, 35.0654926], [128.9491473, 35.0655148], [128.9491875, 35.0654897], [128.9492052, 35.0653893]]], [[[128.8728173, 35.0640142], [128.8723217, 35.0638039], [128.8719574, 35.06378], [128.8714917, 35.0637427], [128.8705111, 35.063721], [128.8701638, 35.0639235], [128.8697649, 35.06426], [128.8692048, 35.0643749], [128.8688785, 35.0645366], [128.8676103, 35.0648562], [128.8662852, 35.0656728], [128.8655626, 35.066154], [128.8647819, 35.0666374], [128.8638373, 35.0670166], [128.8622369, 35.0677245], [128.8612126, 35.0680802], [128.8599626, 35.0683222], [128.8588691, 35.0685397], [128.8579143, 35.0688757], [128.8577728, 35.0689957], [128.8576709, 35.0691427], [128.8576813, 35.0693599], [128.8577776, 35.0695826], [128.858067, 35.0700533], [128.8583206, 35.0703389], [128.8586684, 35.0705703], [128.8591218, 35.0706802], [128.8597731, 35.0706852], [128.8600466, 35.0708255], [128.8601342, 35.07087], [128.8602493, 35.0708951], [128.8604206, 35.0708746], [128.860539, 35.0708155], [128.8611781, 35.0705691], [128.8617119, 35.0703169], [128.862028, 35.0698842], [128.8624375, 35.069658], [128.8630793, 35.0693742], [128.8635482, 35.069262], [128.8641428, 35.0692565], [128.8644146, 35.0694821], [128.8664576, 35.0694831], [128.8684691, 35.0694519], [128.8712409, 35.0693456], [128.8714105, 35.0694971], [128.8716881, 35.0695054], [128.8719746, 35.0695651], [128.8722493, 35.069403], [128.8725162, 35.0695406], [128.8727713, 35.0694565], [128.8735688, 35.0693843], [128.8737262, 35.0692359], [128.873967, 35.0691147], [128.877689, 35.0685271], [128.8812408, 35.0680335], [128.8827203, 35.0676182], [128.8828056, 35.0677221], [128.8828327, 35.0678176], [128.8828608, 35.0679005], [128.8829029, 35.0678853], [128.882972, 35.0679331], [128.8830079, 35.0679313], [128.8830564, 35.0679075], [128.8830755, 35.0678344], [128.8830173, 35.067788], [128.8829522, 35.0677814], [128.8829404, 35.0676947], [128.8829941, 35.0676619], [128.8830637, 35.0675625], [128.8831692, 35.0674623], [128.8832639, 35.0674163], [128.8832992, 35.0674358], [128.8833923, 35.0674307], [128.8835311, 35.0673876], [128.8836546, 35.0673502], [128.8837939, 35.0674268], [128.8838596, 35.0675248], [128.8838297, 35.0676328], [128.8838617, 35.0676957], [128.8839072, 35.0677135], [128.8840145, 35.067694], [128.8840819, 35.067771], [128.8841589, 35.067804], [128.8842669, 35.0678477], [128.8844298, 35.0678933], [128.8845169, 35.0679545], [128.8845968, 35.0680106], [128.8846496, 35.0681036], [128.8848565, 35.0681448], [128.8850085, 35.0680999], [128.8851166, 35.0680105], [128.8852041, 35.0678918], [128.885351, 35.067755], [128.8853943, 35.0676705], [128.8855826, 35.0676355], [128.8856875, 35.0675908], [128.8855845, 35.0670375], [128.8855459, 35.0664595], [128.8856027, 35.0661111], [128.8856122, 35.0657254], [128.8855638, 35.0655802], [128.8854093, 35.0655205], [128.885181, 35.0654967], [128.8848263, 35.0654965], [128.8839051, 35.0655114], [128.8828605, 35.0654669], [128.8815488, 35.0653794], [128.8799453, 35.0651845], [128.8781368, 35.0649887], [128.8774685, 35.0648933], [128.8766999, 35.0646391], [128.8760891, 35.0644137], [128.8755285, 35.0644299], [128.8749121, 35.064346], [128.8745131, 35.0643497], [128.8738804, 35.0641269], [128.8728173, 35.0640142]]], [[[128.9483675, 35.067791], [128.9483729, 35.0675581], [128.948503, 35.0671721], [128.948429, 35.0671166], [128.9483184, 35.0671037], [128.9480341, 35.0671945], [128.9479717, 35.0671242], [128.9478654, 35.0671601], [128.9479607, 35.0673046], [128.9478785, 35.0673584], [128.9476729, 35.0671945], [128.9474208, 35.0671857], [128.9472527, 35.0674228], [128.9474047, 35.0676364], [128.9472509, 35.0678238], [128.9472312, 35.0679789], [128.9470596, 35.0679833], [128.9468235, 35.068017], [128.9466036, 35.0681662], [128.9464587, 35.0685716], [128.9463765, 35.0692039], [128.9461633, 35.0698255], [128.9460812, 35.0701516], [128.9461243, 35.0701718], [128.9461387, 35.0702962], [128.946075, 35.0703433], [128.946225, 35.0707585], [128.9463722, 35.0708211], [128.9466166, 35.0707116], [128.9469062, 35.0703052], [128.9471568, 35.0698121], [128.947389, 35.0693172], [128.947492, 35.0692018], [128.9478742, 35.0684188], [128.9480585, 35.0682768], [128.9481859, 35.0679529], [128.9483675, 35.067791]]], [[[128.9450686, 35.0690181], [128.9451487, 35.069156], [128.9454116, 35.0693375], [128.9455164, 35.0692871], [128.9455041, 35.0692114], [128.9455944, 35.0691375], [128.9456006, 35.0688937], [128.9455102, 35.0687995], [128.9452987, 35.0687878], [128.9452473, 35.0688164], [128.9450604, 35.0689357], [128.9450686, 35.0690181]]], [[[128.9434057, 35.0709713], [128.9433001, 35.07111], [128.94315, 35.0712401], [128.9430082, 35.0715217], [128.9430511, 35.0717906], [128.9434087, 35.0723548], [128.9435953, 35.072616], [128.94391, 35.0728648], [128.9441514, 35.0730799], [128.9444866, 35.0732022], [128.9446234, 35.0733231], [128.9447966, 35.0733132], [128.9449597, 35.0730694], [128.9452091, 35.072751], [128.9453896, 35.0727237], [128.9456476, 35.0721393], [128.9456484, 35.0721374], [128.9457706, 35.0718786], [128.9456196, 35.0717326], [128.9458717, 35.0716726], [128.9459992, 35.0715533], [128.9460522, 35.071395], [128.9460333, 35.07119], [128.946024, 35.0709994], [128.9459401, 35.0707239], [128.9458303, 35.0705791], [128.945682, 35.0703089], [128.9455, 35.07008], [128.94534, 35.06996], [128.9451901, 35.0698299], [128.9450139, 35.0698184], [128.9447585, 35.0697635], [128.9445281, 35.0697963], [128.9441491, 35.0700126], [128.9440061, 35.0703366], [128.9439692, 35.0704632], [128.94396, 35.0704948], [128.9436201, 35.0704446], [128.9434937, 35.0705028], [128.9433883, 35.0707125], [128.9434668, 35.0707707], [128.9434057, 35.0709713]]], [[[128.9102834, 35.0743157], [128.9109836, 35.0747977], [128.9116786, 35.0750891], [128.9131343, 35.0755673], [128.9133488, 35.0756011], [128.9136116, 35.0756853], [128.9139333, 35.0757169], [128.9148389, 35.0759809], [128.9154164, 35.0760644], [128.9155332, 35.076126], [128.9162702, 35.0761195], [128.9169858, 35.0762796], [128.9172876, 35.0763891], [128.9174823, 35.0765426], [128.9177002, 35.0766127], [128.9181421, 35.0767037], [128.9184594, 35.0767163], [128.918527, 35.0766831], [128.9191823, 35.0767148], [128.9192723, 35.0767815], [128.9205927, 35.0767881], [128.9207449, 35.0766964], [128.9208559, 35.0766462], [128.9210472, 35.0766748], [128.92188, 35.0767183], [128.9219141, 35.0769217], [128.9218611, 35.0771161], [128.9216875, 35.0772712], [128.9209582, 35.0772996], [128.9204141, 35.077441], [128.9201592, 35.0773281], [128.9196331, 35.0773575], [128.919375, 35.0773907], [128.9190847, 35.0773756], [128.9185631, 35.0774068], [128.9181909, 35.0774024], [128.9174972, 35.0772578], [128.9172995, 35.0771791], [128.9161506, 35.076949], [128.9155589, 35.0770083], [128.9154624, 35.0771008], [128.9154436, 35.0772654], [128.9152788, 35.0774924], [128.9151971, 35.0777238], [128.9153589, 35.0778042], [128.9158261, 35.0778013], [128.9159301, 35.0777473], [128.9160255, 35.0777796], [128.9165647, 35.0776952], [128.91656, 35.0776261], [128.9166411, 35.0776008], [128.9168261, 35.0776576], [128.9169387, 35.0776656], [128.9170834, 35.0776389], [128.917196, 35.0776736], [128.9178445, 35.0777466], [128.918029, 35.0778251], [128.9181383, 35.0778474], [128.9181328, 35.0777578], [128.9182961, 35.0777832], [128.9182933, 35.0778699], [128.9184342, 35.0779194], [128.9187632, 35.0779283], [128.9194699, 35.0778345], [128.9199649, 35.0778065], [128.9207622, 35.0778074], [128.9211568, 35.0778356], [128.9214288, 35.0779079], [128.9216119, 35.0778814], [128.9219291, 35.077516], [128.922032, 35.077497], [128.9220605, 35.0772495], [128.9221291, 35.0771315], [128.9221423, 35.0769684], [128.9222928, 35.076499], [128.9222777, 35.0763225], [128.9221823, 35.0762293], [128.9219862, 35.0758895], [128.9218311, 35.0752861], [128.9217522, 35.0752697], [128.9212045, 35.0747932], [128.9211256, 35.0748035], [128.9210706, 35.0748651], [128.9211152, 35.075009], [128.9211954, 35.0751505], [128.9210837, 35.0752154], [128.9209037, 35.0753768], [128.9208238, 35.075529], [128.9208985, 35.0758061], [128.9208497, 35.0758384], [128.9201063, 35.0759788], [128.9196762, 35.0759792], [128.9193681, 35.0760241], [128.9191351, 35.0760696], [128.9189993, 35.0760352], [128.9188932, 35.0760689], [128.9187322, 35.0760059], [128.9184249, 35.0760236], [128.9182366, 35.0759658], [128.9181665, 35.0760195], [128.9177809, 35.0760051], [128.9175381, 35.0759382], [128.9174301, 35.0759486], [128.91734, 35.0758982], [128.9170336, 35.0758806], [128.9168091, 35.0758324], [128.9166103, 35.0758527], [128.9164027, 35.0758243], [128.9161064, 35.075753], [128.916004, 35.0757677], [128.9159046, 35.0756972], [128.9157505, 35.0756731], [128.9153441, 35.0755518], [128.9151368, 35.0755379], [128.9149311, 35.075517], [128.9147431, 35.0754711], [128.9146666, 35.0754227], [128.9144407, 35.0753568], [128.9142949, 35.0753489], [128.9139078, 35.0752271], [128.9134953, 35.0751485], [128.9133892, 35.0750977], [128.9132398, 35.0750539], [128.913177, 35.0750152], [128.912937, 35.0749429], [128.9128372, 35.0749354], [128.9126786, 35.0748189], [128.9125644, 35.0748093], [128.9122351, 35.0746994], [128.9119243, 35.0745743], [128.9117518, 35.074509], [128.9116662, 35.074503], [128.911413, 35.0743975], [128.9113021, 35.0743299], [128.9111664, 35.0743138], [128.9106687, 35.0740394], [128.9105335, 35.0739995], [128.9095471, 35.0735129], [128.909423, 35.0734972], [128.9093299, 35.0734056], [128.9093188, 35.0733251], [128.9091189, 35.0731926], [128.9089922, 35.0731868], [128.9089056, 35.0731152], [128.9088527, 35.0730475], [128.9084455, 35.0729468], [128.9082392, 35.0727803], [128.9078401, 35.0725392], [128.9074542, 35.0724525], [128.907138, 35.0720851], [128.9066233, 35.0717015], [128.9063386, 35.0716007], [128.9056942, 35.0712237], [128.9056072, 35.0710386], [128.9051599, 35.0702575], [128.9047838, 35.0700199], [128.9045936, 35.0698635], [128.9039505, 35.0695846], [128.9038295, 35.0695622], [128.9037203, 35.0695057], [128.9034997, 35.0694674], [128.9033259, 35.0694912], [128.9031704, 35.0696148], [128.9030202, 35.0697906], [128.9029369, 35.0699604], [128.9028694, 35.0702061], [128.9029377, 35.0706484], [128.9028984, 35.0708978], [128.9029885, 35.0709764], [128.9030859, 35.0709192], [128.9033055, 35.0704406], [128.9033763, 35.0703769], [128.903488, 35.070377], [128.9039046, 35.07065], [128.9040946, 35.0707102], [128.904233, 35.070724], [128.9046457, 35.070976], [128.9054378, 35.071468], [128.9058918, 35.0718783], [128.9064217, 35.0722521], [128.9065242, 35.0722678], [128.9070395, 35.0725885], [128.9081324, 35.0733101], [128.9088679, 35.0737307], [128.9102834, 35.0743157]]], [[[128.9088394, 35.0742823], [128.9084245, 35.0739667], [128.9079852, 35.0737785], [128.907341, 35.0733958], [128.9064996, 35.0728764], [128.9063489, 35.0726934], [128.9060903, 35.0725693], [128.9057138, 35.0722916], [128.9055489, 35.0720708], [128.9052977, 35.0719276], [128.9051052, 35.0717693], [128.9045885, 35.0715125], [128.9043441, 35.0714843], [128.9042107, 35.0713563], [128.9038294, 35.0711965], [128.9038379, 35.0710983], [128.9037069, 35.0710622], [128.9033085, 35.0711719], [128.9032869, 35.0712262], [128.9032264, 35.071254], [128.9031319, 35.071237], [128.9030352, 35.0712904], [128.9029603, 35.0713875], [128.9029606, 35.0715002], [128.9030189, 35.0715947], [128.9031343, 35.0716282], [128.9032111, 35.0716239], [128.9034983, 35.0717127], [128.9037238, 35.0718522], [128.9038957, 35.0719073], [128.9041313, 35.072024], [128.9043317, 35.0720214], [128.9045205, 35.0720979], [128.9046862, 35.072048], [128.9049023, 35.0721083], [128.9051397, 35.0722476], [128.9052535, 35.0724058], [128.905217, 35.072481], [128.9053181, 35.0724727], [128.9054131, 35.0725255], [128.9055777, 35.0728027], [128.9055058, 35.0728304], [128.9056262, 35.0728845], [128.9056656, 35.0729418], [128.9058471, 35.0729684], [128.9059842, 35.0730054], [128.9060865, 35.0730929], [128.9063877, 35.0732093], [128.9066714, 35.073509], [128.9067775, 35.0735875], [128.9070333, 35.0736915], [128.9070862, 35.073646], [128.9072091, 35.0737438], [128.9072665, 35.0737126], [128.907309, 35.0737487], [128.9073932, 35.0737865], [128.9074238, 35.0738703], [128.9075314, 35.0738894], [128.907631, 35.0739546], [128.9076909, 35.0740279], [128.9077153, 35.0741127], [128.9077598, 35.0741016], [128.9077352, 35.074038], [128.9077738, 35.0740446], [128.9078588, 35.0741114], [128.907928, 35.0742073], [128.9078044, 35.0741673], [128.9077408, 35.0742044], [128.9076767, 35.0742655], [128.907674, 35.0743405], [128.9076997, 35.0744113], [128.9077807, 35.0744472], [128.9078803, 35.0744656], [128.9079135, 35.0745068], [128.9081675, 35.0746133], [128.9082834, 35.0745887], [128.9083966, 35.0746299], [128.9087489, 35.0746422], [128.908879, 35.0747254], [128.9089198, 35.0747423], [128.9090108, 35.0748898], [128.9089951, 35.0749095], [128.9090006, 35.0749327], [128.9090642, 35.0749485], [128.9091621, 35.0750738], [128.9092974, 35.0751496], [128.9094964, 35.0751885], [128.9095817, 35.0752274], [128.9095998, 35.0751989], [128.9096194, 35.0751889], [128.909629, 35.0752124], [128.9097098, 35.0752175], [128.9097372, 35.0752718], [128.9097625, 35.0752785], [128.9097945, 35.0753156], [128.9098412, 35.0754027], [128.9098835, 35.0754232], [128.9098946, 35.0754699], [128.9099168, 35.0754696], [128.9099246, 35.0754895], [128.9099057, 35.0755167], [128.909957, 35.0755361], [128.9100419, 35.0756177], [128.9100673, 35.0755878], [128.9101159, 35.0756044], [128.9101532, 35.0756283], [128.9101842, 35.0755814], [128.9102291, 35.0756307], [128.9102926, 35.0756357], [128.91031, 35.0757012], [128.9104259, 35.0757822], [128.9105109, 35.075891], [128.9105736, 35.0759518], [128.9106588, 35.0759685], [128.9106677, 35.0759888], [128.9106331, 35.0760021], [128.9106396, 35.0760925], [128.9107489, 35.0761785], [128.9112426, 35.0763019], [128.9112506, 35.0763373], [128.9113986, 35.0763832], [128.9114452, 35.0763132], [128.9115083, 35.0763272], [128.9116582, 35.0764598], [128.9117201, 35.0764669], [128.9117611, 35.0764008], [128.9119006, 35.0763717], [128.912389, 35.0765105], [128.9125075, 35.0765098], [128.913005, 35.0767137], [128.9132032, 35.0767109], [128.9133103, 35.0767648], [128.9134657, 35.0767977], [128.9137733, 35.0769555], [128.91392, 35.0769869], [128.914063, 35.0769861], [128.9142247, 35.0770643], [128.9146609, 35.0771944], [128.9151012, 35.0770911], [128.9152069, 35.0771046], [128.9152353, 35.0770367], [128.9150206, 35.0770272], [128.9148598, 35.0769883], [128.9147348, 35.0769275], [128.9146633, 35.0768667], [128.9145694, 35.0766289], [128.9140057, 35.0764586], [128.9135535, 35.0762847], [128.9121253, 35.075875], [128.9115067, 35.0756084], [128.9110219, 35.0753419], [128.9108012, 35.0752406], [128.9103863, 35.0748782], [128.9091931, 35.0744162], [128.9088394, 35.0742823]]], [[[128.9210904, 35.0787265], [128.9209922, 35.0786452], [128.9210317, 35.0785021], [128.9209158, 35.0783513], [128.920743, 35.0781987], [128.920576, 35.0782002], [128.9203843, 35.0780572], [128.9200742, 35.0780825], [128.9197988, 35.0781563], [128.9196407, 35.0782678], [128.9195763, 35.0782297], [128.9194404, 35.0782799], [128.9194656, 35.0783639], [128.9195418, 35.0784049], [128.9195922, 35.0785425], [128.9193052, 35.0785881], [128.9191131, 35.0787233], [128.9190294, 35.0789248], [128.9190618, 35.0790351], [128.9192157, 35.0791752], [128.9194566, 35.0792875], [128.9197064, 35.0792128], [128.9198172, 35.0791671], [128.9199414, 35.0792198], [128.9199223, 35.0795064], [128.9200553, 35.0796846], [128.9203081, 35.0796091], [128.9203942, 35.0795651], [128.9204468, 35.079596], [128.9206948, 35.0795335], [128.9208685, 35.0793156], [128.9208813, 35.0791984], [128.9208408, 35.0790796], [128.9208852, 35.0790082], [128.9210267, 35.078898], [128.9210904, 35.0787265]]], [[[128.9147338, 35.0872309], [128.9148973, 35.0873041], [128.9150549, 35.0872864], [128.9152315, 35.0872093], [128.9152161, 35.0870879], [128.9152346, 35.0869741], [128.9150518, 35.0869349], [128.914986, 35.0868967], [128.9147997, 35.0869216], [128.9146371, 35.0870014], [128.9146452, 35.0871146], [128.9147338, 35.0872309]]], [[[128.9183101, 35.089247], [128.9184182, 35.0893154], [128.918656, 35.0893946], [128.9190207, 35.0894033], [128.9195462, 35.0894058], [128.9204572, 35.0893416], [128.9205778, 35.0892765], [128.9206396, 35.0892373], [128.9206448, 35.0891765], [128.9206107, 35.0891319], [128.9205624, 35.0891018], [128.92047, 35.0890857], [128.92015, 35.08896], [128.9199061, 35.0887533], [128.9198262, 35.0886727], [128.9196054, 35.0885877], [128.919604, 35.0885125], [128.9196453, 35.0884469], [128.9196865, 35.0883814], [128.9195383, 35.0880799], [128.9193236, 35.0879781], [128.919169, 35.087971], [128.9190305, 35.0880517], [128.9186108, 35.0880912], [128.9184763, 35.0881249], [128.9184795, 35.0880173], [128.9182923, 35.0877752], [128.9181075, 35.0877024], [128.9178692, 35.0877262], [128.917681, 35.0877986], [128.917599, 35.0879591], [128.9176142, 35.0882256], [128.9174034, 35.0884193], [128.9170515, 35.0884576], [128.9169154, 35.0886399], [128.916951, 35.0888135], [128.9173256, 35.0890029], [128.9177007, 35.0890301], [128.9177892, 35.0891496], [128.9179636, 35.0892164], [128.9181204, 35.089237], [128.9182557, 35.0891698], [128.9183101, 35.089247]]], [[[128.9885527, 34.978085], [128.9886868, 34.9780081], [128.9886814, 34.9779619], [128.9885151, 34.9778674], [128.9884186, 34.9779707], [128.9885527, 34.978085]]], [[[128.9884213, 34.978052], [128.9883408, 34.9780564], [128.9883435, 34.9781114], [128.9884588, 34.978107], [128.9884213, 34.978052]]], [[[128.9974332, 34.9799799], [128.9974545, 34.979945], [128.997348, 34.9799066], [128.9972755, 34.9799311], [128.9973139, 34.979973], [128.9973693, 34.9800079], [128.9973991, 34.9800568], [128.9974374, 34.9800288], [128.9975184, 34.9800917], [128.9975568, 34.9800602], [128.9975099, 34.9799974], [128.9974332, 34.9799799]]], [[[128.9969389, 34.9799869], [128.9970454, 34.9800498], [128.9971051, 34.9800812], [128.9972031, 34.9801161], [128.9972457, 34.9800533], [128.9972031, 34.9800009], [128.997186, 34.9799555], [128.997088, 34.979945], [128.9970071, 34.9798996], [128.9968835, 34.9799066], [128.9969389, 34.9799869]]], [[[128.9959204, 34.9800428], [128.9958565, 34.9801021], [128.9958949, 34.9801231], [128.9958991, 34.9801859], [128.9958437, 34.9802593], [128.9959418, 34.9803291], [128.9960568, 34.9801475], [128.9960227, 34.9800602], [128.9959204, 34.9800428]]], [[[128.9970965, 34.9801021], [128.9969559, 34.9800882], [128.9969261, 34.980151], [128.9969858, 34.9802418], [128.9971136, 34.9803081], [128.9972116, 34.9803046], [128.9973394, 34.9803081], [128.9972585, 34.9802383], [128.9972031, 34.980158], [128.9970965, 34.9801021]]], [[[128.9880199, 34.97848], [128.9879958, 34.9787169], [128.9879465, 34.9787883], [128.9879471, 34.9788631], [128.9881155, 34.978885], [128.9881906, 34.9789948], [128.9879841, 34.9790234], [128.9879688, 34.9790853], [128.9880082, 34.9791882], [128.9881691, 34.9792586], [128.9883476, 34.9794589], [128.9887359, 34.9796154], [128.988933, 34.9798628], [128.98896, 34.98002], [128.9891477, 34.980334], [128.9890779, 34.9802885], [128.9890154, 34.9802887], [128.9890115, 34.9803318], [128.9890282, 34.9803768], [128.9890811, 34.9803954], [128.98912, 34.9804558], [128.9891941, 34.9805039], [128.988995, 34.9804891], [128.9890826, 34.9805512], [128.9890686, 34.9806454], [128.9893089, 34.9808827], [128.9893171, 34.9810013], [128.9896032, 34.9810989], [128.9896819, 34.9811024], [128.9897141, 34.9811749], [128.9895934, 34.9811552], [128.9895129, 34.9812123], [128.9895448, 34.9814593], [128.9895815, 34.9815206], [128.9896247, 34.9815707], [128.9896603, 34.9815967], [128.9897049, 34.9816346], [128.9897144, 34.9816634], [128.9896701, 34.9816662], [128.9896799, 34.981688], [128.9896983, 34.9817232], [128.9896575, 34.9817134], [128.9896122, 34.9817316], [128.9896107, 34.9817545], [128.989582, 34.9817782], [128.9895944, 34.9818353], [128.9896666, 34.9818641], [128.9897458, 34.9818831], [128.9898841, 34.9818613], [128.9900559, 34.9819491], [128.9901356, 34.981908], [128.9902049, 34.9818005], [128.9900492, 34.9817309], [128.990049, 34.9816274], [128.9899842, 34.9815876], [128.9899563, 34.9815075], [128.9900925, 34.9815806], [128.990144, 34.9815625], [128.9901522, 34.9814684], [128.9901792, 34.9814626], [128.9901986, 34.9814029], [128.9901828, 34.9813408], [128.990213, 34.9812804], [128.9900145, 34.9811112], [128.9901781, 34.9810892], [128.990339, 34.9811156], [128.99036, 34.98105], [128.9906799, 34.98079], [128.9907755, 34.9808777], [128.9912685, 34.9810089], [128.9913901, 34.9809442], [128.991422, 34.9809391], [128.9914781, 34.980972], [128.9915136, 34.9809174], [128.9914674, 34.98087], [128.9915805, 34.9808931], [128.9915899, 34.9809318], [128.9916341, 34.9809507], [128.9917327, 34.9809742], [128.991888, 34.9809682], [128.9919576, 34.980942], [128.9920951, 34.9809942], [128.9920857, 34.9810285], [128.9919892, 34.9810556], [128.9919282, 34.9811264], [128.9919782, 34.9812987], [128.9920592, 34.9813426], [128.9920894, 34.9813957], [128.9921686, 34.9814316], [128.9922113, 34.9814133], [128.9923203, 34.9814949], [128.9924118, 34.9814996], [128.9923822, 34.9815544], [128.9924059, 34.9815936], [128.9924999, 34.9816334], [128.9925319, 34.9816805], [128.9926725, 34.9817489], [128.9927485, 34.9817416], [128.9928043, 34.9817682], [128.992814, 34.9818342], [128.9926635, 34.9818381], [128.9925736, 34.9818349], [128.992498, 34.9819114], [128.9925132, 34.9819803], [128.9925969, 34.9821072], [128.9926627, 34.9820775], [128.9928171, 34.9821218], [128.9930621, 34.9821715], [128.9933509, 34.9821472], [128.9932826, 34.9820971], [128.993049, 34.9820499], [128.9933369, 34.9820319], [128.993144, 34.9819639], [128.9930607, 34.9818972], [128.9930069, 34.9819569], [128.9929314, 34.9818548], [128.9928447, 34.9818429], [128.9928589, 34.9818185], [128.9929265, 34.981794], [128.9930551, 34.9818214], [128.9930685, 34.9817629], [128.9931803, 34.9817591], [128.9932514, 34.9818058], [128.9933925, 34.9818283], [128.9934034, 34.9818865], [128.9935133, 34.9819043], [128.993496, 34.9818621], [128.9938591, 34.9819463], [128.9938149, 34.9819067], [128.993693, 34.9818523], [128.9936119, 34.9818364], [128.9935623, 34.9818669], [128.9934259, 34.9818545], [128.993405, 34.9818013], [128.993516, 34.9817729], [128.993374, 34.9816929], [128.9934936, 34.9817011], [128.9935865, 34.9817789], [128.9936348, 34.9817619], [128.9937079, 34.981798], [128.9937223, 34.9817629], [128.9937948, 34.9817785], [128.993933, 34.9817828], [128.9939506, 34.9817186], [128.9938809, 34.9816571], [128.9938852, 34.9816165], [128.9938474, 34.9815919], [128.9939213, 34.9815733], [128.9939076, 34.9815281], [128.9939683, 34.9815525], [128.9940227, 34.9815428], [128.9940104, 34.9814868], [128.993898, 34.9813962], [128.9937236, 34.9812595], [128.9934606, 34.9810639], [128.9935033, 34.9810454], [128.9935972, 34.9811091], [128.9937382, 34.9811528], [128.9937475, 34.9812009], [128.9939795, 34.9813086], [128.9940036, 34.9812669], [128.9939466, 34.9812163], [128.9939275, 34.9811679], [128.9938978, 34.9811569], [128.993901, 34.9811291], [128.9939408, 34.9811388], [128.9939541, 34.9811193], [128.9939495, 34.9810806], [128.9938752, 34.9810334], [128.9937662, 34.9809933], [128.993715, 34.9810022], [128.9936692, 34.9809757], [128.9935967, 34.9809532], [128.9935368, 34.9809563], [128.9934681, 34.9809352], [128.993466, 34.9809164], [128.993513, 34.9809083], [128.993551, 34.9809178], [128.9935831, 34.9808929], [128.9935429, 34.9808681], [128.9935961, 34.9808676], [128.9937327, 34.9809113], [128.9937448, 34.9808853], [128.9938333, 34.980939], [128.9938862, 34.9809218], [128.9938604, 34.9808672], [128.9939266, 34.9808886], [128.9939164, 34.9808284], [128.9938202, 34.9807744], [128.9938001, 34.9807215], [128.9937968, 34.9806964], [128.9936889, 34.9806605], [128.9936677, 34.9806187], [128.9935886, 34.9805667], [128.993513, 34.9805496], [128.9934743, 34.9805136], [128.9933783, 34.9805019], [128.9932871, 34.9804859], [128.9931768, 34.980439], [128.9930853, 34.9804215], [128.9930861, 34.9804509], [128.9929751, 34.9804584], [128.9929442, 34.9804144], [128.99287, 34.9803909], [128.9927955, 34.9803824], [128.992785, 34.9804221], [128.9928455, 34.9804695], [128.9927652, 34.980462], [128.9928085, 34.9805101], [128.9928749, 34.9805673], [128.9929247, 34.9805791], [128.9929206, 34.9806066], [128.9930509, 34.9806807], [128.993051, 34.9806932], [128.993224, 34.9808193], [128.9931276, 34.9807884], [128.9929698, 34.9806897], [128.9927548, 34.9805908], [128.9928288, 34.9806593], [128.9927984, 34.9806967], [128.9927586, 34.9807043], [128.9927592, 34.9807617], [128.9927615, 34.9807981], [128.9927789, 34.9808277], [128.9927644, 34.9808555], [128.9927264, 34.9808655], [128.9927247, 34.9808396], [128.9927531, 34.9808215], [128.9926717, 34.980784], [128.9927023, 34.980841], [128.9926704, 34.9808658], [128.9924553, 34.9806849], [128.9925578, 34.980422], [128.9923413, 34.980189], [128.9922112, 34.9801376], [128.9920612, 34.9801299], [128.9919564, 34.9799113], [128.9921943, 34.9797555], [128.9922049, 34.9795291], [128.991994, 34.9793091], [128.9918479, 34.9792694], [128.9916345, 34.9793465], [128.9916319, 34.9794629], [128.9914495, 34.97963], [128.9915031, 34.9794344], [128.991417, 34.9791574], [128.9912403, 34.9790344], [128.9911464, 34.9791619], [128.9911303, 34.9793157], [128.990972, 34.9792805], [128.9909077, 34.9791245], [128.9908306, 34.9791622], [128.9907947, 34.9791899], [128.9907655, 34.9791713], [128.9907395, 34.979221], [128.9907638, 34.9792515], [128.9907132, 34.9792417], [128.9907185, 34.9793095], [128.9907655, 34.979347], [128.9908229, 34.9793691], [128.9908932, 34.9793839], [128.9909394, 34.9794124], [128.9909947, 34.9794176], [128.9910069, 34.9794482], [128.9910324, 34.9794514], [128.9910385, 34.9794784], [128.9909302, 34.9794518], [128.990864, 34.9794116], [128.9908067, 34.9794192], [128.9908264, 34.9793816], [128.9907017, 34.979339], [128.9906229, 34.9793923], [128.9905461, 34.9793128], [128.9905286, 34.9792775], [128.9905009, 34.9792566], [128.9905306, 34.9792107], [128.9905049, 34.9791626], [128.9904537, 34.9791411], [128.9904552, 34.9791076], [128.9904239, 34.9790869], [128.9904135, 34.97905], [128.9903224, 34.9790292], [128.9904724, 34.9790059], [128.9905169, 34.9789271], [128.9904724, 34.9788648], [128.9904263, 34.9788201], [128.9904691, 34.9787752], [128.9904155, 34.9787321], [128.9904143, 34.9787083], [128.9903253, 34.9786362], [128.9901455, 34.9786099], [128.9900918, 34.9786452], [128.9900437, 34.9786226], [128.9900507, 34.9785905], [128.9899797, 34.97859], [128.9898838, 34.9786785], [128.9899984, 34.9787861], [128.9899152, 34.9789003], [128.9898026, 34.9788036], [128.989529, 34.9787948], [128.98927, 34.97861], [128.9890864, 34.9786538], [128.9889414, 34.9786], [128.9888208, 34.9784776], [128.9888149, 34.9784454], [128.9887912, 34.9784063], [128.9886789, 34.9783751], [128.9887362, 34.9783742], [128.9887914, 34.978377], [128.9888014, 34.9783613], [128.9888438, 34.9783725], [128.9888503, 34.9783188], [128.9888261, 34.9783029], [128.9887967, 34.97825], [128.9886961, 34.9782402], [128.988637, 34.9782444], [128.9886017, 34.9782546], [128.9885438, 34.9782508], [128.9884508, 34.9783026], [128.9883757, 34.9782762], [128.9883301, 34.9783465], [128.9884025, 34.9784037], [128.9884937, 34.9783795], [128.9884829, 34.9784784], [128.9883918, 34.9784564], [128.9882979, 34.9785201], [128.9880199, 34.97848]]], [[[128.9964659, 34.9801859], [128.9964446, 34.9802418], [128.9964957, 34.980364], [128.9965724, 34.9804513], [128.9966832, 34.9805071], [128.9967983, 34.9805002], [128.9968366, 34.9804408], [128.9967812, 34.980371], [128.9966917, 34.98035], [128.9966917, 34.9802872], [128.9966321, 34.9802662], [128.9966619, 34.9802069], [128.9966491, 34.9801336], [128.9965724, 34.9801126], [128.9964915, 34.9800742], [128.9965255, 34.980158], [128.9964659, 34.9801859]]], [[[128.9960739, 34.98035], [128.9960312, 34.9803989], [128.9960994, 34.9804024], [128.9960739, 34.98035]]], [[[128.9963594, 34.9806747], [128.9962954, 34.9807062], [128.9963466, 34.980762], [128.9963594, 34.9806747]]], [[[128.9968707, 34.9806887], [128.9968877, 34.9807585], [128.99699, 34.9808144], [128.9970838, 34.9808563], [128.9972116, 34.9808947], [128.9972244, 34.9808179], [128.9971093, 34.9807515], [128.99699, 34.9806503], [128.9968707, 34.9806887]]], [[[128.9964872, 34.9808318], [128.9965682, 34.9808772], [128.9966576, 34.9808772], [128.9966832, 34.9808109], [128.9965852, 34.980755], [128.9964957, 34.9806817], [128.9964701, 34.9807795], [128.9964872, 34.9808318]]], [[[128.9963125, 34.9810343], [128.9962997, 34.980982], [128.9963167, 34.9809296], [128.9962613, 34.9808772], [128.9961591, 34.9808214], [128.996125, 34.9807481], [128.9959929, 34.9806922], [128.9958991, 34.9807236], [128.9959034, 34.9808074], [128.9958864, 34.9808598], [128.9958821, 34.9809261], [128.9958991, 34.9809994], [128.9959631, 34.9810343], [128.9960653, 34.9810658], [128.9961506, 34.9810623], [128.9962315, 34.9810378], [128.9963125, 34.9810343]]], [[[128.9958054, 34.9809331], [128.9958352, 34.9808563], [128.9958011, 34.980755], [128.9957372, 34.9807481], [128.9956648, 34.9808004], [128.995652, 34.9808703], [128.9957117, 34.9809261], [128.9957159, 34.9809994], [128.9957457, 34.9810693], [128.9958565, 34.9810867], [128.9958352, 34.9810064], [128.9958054, 34.9809331]]], [[[128.9967583, 34.9815189], [128.9966724, 34.9814881], [128.9968146, 34.9814837], [128.9969005, 34.9815431], [128.9969488, 34.9815673], [128.9969811, 34.9815211], [128.9969327, 34.9814947], [128.9969569, 34.9814727], [128.9969113, 34.9814397], [128.9969247, 34.981409], [128.9969032, 34.9813782], [128.9968146, 34.9813496], [128.9966321, 34.9812792], [128.9966267, 34.981255], [128.9965059, 34.9812374], [128.9964361, 34.981244], [128.9964764, 34.9813188], [128.9965167, 34.981343], [128.996522, 34.9813892], [128.9965247, 34.9814376], [128.9965113, 34.9815035], [128.9965623, 34.9815321], [128.9966133, 34.9815431], [128.9967073, 34.9815299], [128.9967583, 34.9815189]]], [[[128.9933922, 34.9822723], [128.9933667, 34.9822844], [128.9933587, 34.982303], [128.9933358, 34.9823041], [128.9933573, 34.9823437], [128.9933828, 34.982336], [128.9934325, 34.9823514], [128.9934714, 34.982358], [128.9935224, 34.9823525], [128.9935103, 34.982325], [128.9934687, 34.9822997], [128.9934258, 34.9822789], [128.9933922, 34.9822723]]], [[[128.9947244, 34.9826539], [128.9947298, 34.9826144], [128.9946306, 34.9825616], [128.9945823, 34.982621], [128.9945689, 34.9826825], [128.9946708, 34.9826935], [128.9946949, 34.9826539], [128.9947244, 34.9826539]]], [[[128.9780639, 35.0308507], [128.9781146, 35.0307445], [128.9781102, 35.0305244], [128.9779267, 35.0305041], [128.9776935, 35.0303776], [128.9777467, 35.0302253], [128.9777691, 35.0297804], [128.9776562, 35.029578], [128.9775454, 35.0295286], [128.977474, 35.0299337], [128.9772455, 35.0292918], [128.9770663, 35.029112], [128.9770753, 35.0289616], [128.9769465, 35.0288353], [128.9767033, 35.0287606], [128.9766004, 35.0289799], [128.97664, 35.0296701], [128.9768981, 35.0304187], [128.9771837, 35.0305812], [128.9774147, 35.0305411], [128.9776577, 35.0303996], [128.9777366, 35.0305698], [128.977838, 35.0308238], [128.9780639, 35.0308507]]], [[[128.9829014, 35.0379149], [128.9830627, 35.0378159], [128.9831792, 35.0379332], [128.9833455, 35.0379382], [128.9834956, 35.0377416], [128.9834166, 35.0376325], [128.9831682, 35.0376244], [128.9829194, 35.0374711], [128.9830956, 35.0373816], [128.98335, 35.0374139], [128.9835026, 35.0373862], [128.983569, 35.0372247], [128.9832676, 35.0372143], [128.9830812, 35.0373053], [128.9830132, 35.0370676], [128.9827769, 35.0369785], [128.9828589, 35.0364741], [128.9827819, 35.0361051], [128.9824161, 35.0360478], [128.981731, 35.0362427], [128.9815664, 35.036554], [128.9815181, 35.0369016], [128.9817755, 35.0372078], [128.9819017, 35.0375962], [128.9820816, 35.0376105], [128.9823461, 35.0378744], [128.9825251, 35.0380213], [128.9829014, 35.0379149]]], [[[128.9917795, 35.043777], [128.9918486, 35.0438884], [128.9920014, 35.0438833], [128.9921417, 35.0436981], [128.9920475, 35.0435747], [128.9918884, 35.0435884], [128.9917795, 35.043777]]], [[[128.9821321, 35.0454946], [128.9822232, 35.0452525], [128.9823959, 35.0451689], [128.9823164, 35.0450592], [128.9821656, 35.0451415], [128.9819898, 35.0445758], [128.9818881, 35.0444003], [128.9815917, 35.0444026], [128.9814517, 35.0440929], [128.9813198, 35.0441015], [128.9812333, 35.0443085], [128.9814161, 35.0445176], [128.9813833, 35.0446857], [128.9814496, 35.0450661], [128.9812908, 35.0452417], [128.9813198, 35.0454054], [128.9814586, 35.0455605], [128.9818102, 35.0457344], [128.9821321, 35.0454946]]], [[[128.9824591, 35.0463727], [128.982395, 35.046449], [128.9823659, 35.0465777], [128.9823368, 35.046654], [128.9822611, 35.0468066], [128.982296, 35.0468495], [128.9824358, 35.0468828], [128.9825872, 35.0468542], [128.9827619, 35.0468161], [128.9827445, 35.0467398], [128.9827153, 35.046654], [128.982692, 35.0465443], [128.9825464, 35.0464251], [128.9824591, 35.0463727]]], [[[129.0157087, 35.0470307], [129.0155281, 35.0470476], [129.0154807, 35.0470985], [129.0156287, 35.0475809], [129.0157412, 35.0477142], [129.0158686, 35.0477142], [129.0160077, 35.0476294], [129.0160077, 35.0475615], [129.0159455, 35.0475348], [129.0159929, 35.0474815], [129.0159485, 35.0473215], [129.0158301, 35.0471107], [129.0157087, 35.0470307]]], [[[129.0151195, 35.0473337], [129.0148826, 35.0473918], [129.015007, 35.0476973], [129.0151076, 35.0477288], [129.0155281, 35.0477457], [129.0155814, 35.0476948], [129.0155666, 35.0476197], [129.0151195, 35.0473337]]], [[[129.0141055, 35.048466], [129.0142402, 35.0484285], [129.0140567, 35.0487096], [129.0142136, 35.0487339], [129.0140863, 35.0488457], [129.0140197, 35.0489133], [129.0140596, 35.0489363], [129.0141618, 35.0489254], [129.0142199, 35.0490082], [129.014033, 35.0492078], [129.0142136, 35.0492938], [129.0141381, 35.049541], [129.014292, 35.0498198], [129.0142111, 35.0499122], [129.0142373, 35.0501979], [129.0143927, 35.0503507], [129.0149306, 35.0503253], [129.0152069, 35.0499798], [129.0150811, 35.0498646], [129.015429, 35.0498101], [129.0156816, 35.0495825], [129.0153328, 35.0492744], [129.0156155, 35.0492877], [129.0157562, 35.0492344], [129.0156851, 35.048906], [129.0158109, 35.048906], [129.015842, 35.0488672], [129.0157961, 35.0487642], [129.0159871, 35.0487048], [129.0160126, 35.0486218], [129.0158539, 35.0483558], [129.015953, 35.0482746], [129.0159366, 35.0480108], [129.0158146, 35.0478914], [129.0156066, 35.0478152], [129.0149872, 35.047754], [129.01465, 35.0479082], [129.0143898, 35.0479037], [129.0142136, 35.0479873], [129.0140049, 35.0480116], [129.0138983, 35.0481546], [129.0140492, 35.0482442], [129.0141055, 35.048466]]], [[[129.0816694, 35.0501004], [129.0815932, 35.0501167], [129.081502, 35.050244], [129.0816334, 35.0502682], [129.0816656, 35.0502353], [129.0817373, 35.0501567], [129.0816694, 35.0501004]]], [[[129.0823603, 35.0502031], [129.0821922, 35.0502024], [129.0821913, 35.0503341], [129.0826687, 35.0503363], [129.0827143, 35.0502462], [129.0825695, 35.0502199], [129.0823603, 35.0502031]]], [[[129.0821993, 35.0507842], [129.0822798, 35.0508281], [129.0823603, 35.0507535], [129.0823951, 35.0506788], [129.0822825, 35.0506722], [129.0821993, 35.0507842]]], [[[129.0225101, 35.0615984], [129.0228165, 35.0616376], [129.0229533, 35.0616257], [129.0232477, 35.0615632], [129.0233027, 35.061467], [129.0231264, 35.0614001], [129.0230606, 35.0614528], [129.023007, 35.0613935], [129.0229831, 35.0613312], [129.022607, 35.0613778], [129.0225101, 35.0615984]]], [[[129.0232572, 35.0617885], [129.0229198, 35.0616641], [129.022783, 35.061676], [129.0225362, 35.0617652], [129.022444, 35.0618752], [129.0224975, 35.0621131], [129.0226209, 35.0621945], [129.0228052, 35.0622159], [129.0231567, 35.0621297], [129.0233054, 35.0619023], [129.0232572, 35.0617885]]], [[[129.0222878, 35.0750149], [129.0222276, 35.0749888], [129.0221745, 35.0749714], [129.0221374, 35.0749874], [129.0221391, 35.0750366], [129.0220046, 35.0751626], [129.0219728, 35.0751684], [129.0219693, 35.0751901], [129.0220029, 35.0752147], [129.0219869, 35.0752871], [129.0220206, 35.0753031], [129.0221338, 35.0752842], [129.0222559, 35.0753234], [129.0223373, 35.0752886], [129.0223232, 35.0753161], [129.0223391, 35.0753349], [129.0223515, 35.0754146], [129.0223161, 35.0753958], [129.0223019, 35.0754392], [129.022332, 35.0754551], [129.022332, 35.0754827], [129.022371, 35.0754899], [129.0223975, 35.0755261], [129.0222612, 35.0755232], [129.022217, 35.0754537], [129.0221374, 35.0753871], [129.0220984, 35.0753958], [129.0220896, 35.0754349], [129.0221285, 35.0754682], [129.0221356, 35.0755131], [129.0220931, 35.0755203], [129.022063, 35.075487], [129.0220312, 35.0754812], [129.0220312, 35.0755174], [129.0219852, 35.0755174], [129.0220064, 35.0755724], [129.0220878, 35.0756043], [129.0221409, 35.075726], [129.022417, 35.0756622], [129.0224377, 35.075655], [129.0224927, 35.0756322], [129.0226133, 35.0755898], [129.0227016, 35.0755089], [129.0226799, 35.0754198], [129.0226497, 35.0753064], [129.0225487, 35.0751192], [129.0224456, 35.0750573], [129.0222878, 35.0750149]]], [[[129.068398, 35.0959146], [129.0708416, 35.0939453], [129.0720177, 35.0926156], [129.0731724, 35.0913273], [129.0736082, 35.090834], [129.0739367, 35.0904618], [129.0743284, 35.0900072], [129.0745356, 35.0897789], [129.0747498, 35.0895499], [129.0748297, 35.0894604], [129.0748927, 35.0893891], [129.0749917, 35.0892762], [129.0750734, 35.0891884], [129.0751327, 35.0891197], [129.075166, 35.0890793], [129.0752342, 35.0890054], [129.0757178, 35.0884484], [129.0763226, 35.0877899], [129.076387, 35.0877315], [129.0775997, 35.0869337], [129.0776067, 35.0869292], [129.0776101, 35.086926], [129.0776074, 35.0869033], [129.0775598, 35.0865927], [129.0775611, 35.0865779], [129.0775725, 35.0865581], [129.0777901, 35.0863973], [129.0785435, 35.0857005], [129.0792891, 35.0849883], [129.0793093, 35.0849553], [129.0793227, 35.0849131], [129.0793334, 35.0848961], [129.0793562, 35.0848895], [129.0795969, 35.0848599], [129.0796025, 35.0848502], [129.0795842, 35.0847452], [129.0795674, 35.0847413], [129.0793388, 35.0847754], [129.079322, 35.0847732], [129.0793025, 35.0847633], [129.0789056, 35.0844988], [129.0784603, 35.0841849], [129.0782216, 35.0840094], [129.0781318, 35.0839336], [129.0779816, 35.0838096], [129.0779132, 35.0837591], [129.0777764, 35.08369], [129.0776932, 35.0836428], [129.0776069, 35.0835824], [129.077539, 35.0835391], [129.0775222, 35.083487], [129.0775343, 35.0834458], [129.0775653, 35.0834359], [129.0776697, 35.0833774], [129.0776302, 35.083328], [129.0777685, 35.0832199], [129.0778431, 35.0831024], [129.0783552, 35.083351], [129.0792612, 35.0820119], [129.0796327, 35.0815062], [129.0793716, 35.0813815], [129.0795731, 35.0810629], [129.0796969, 35.0810231], [129.0798125, 35.0809276], [129.07986, 35.0808042], [129.0798441, 35.0806782], [129.0799679, 35.0804823], [129.0800174, 35.0804814], [129.0800612, 35.0804677], [129.0800758, 35.0804838], [129.0801307, 35.0804547], [129.0801684, 35.0804152], [129.080194, 35.0803638], [129.0801967, 35.0803071], [129.0801661, 35.0803081], [129.0801558, 35.0802801], [129.0801296, 35.0802532], [129.0805767, 35.0796043], [129.080658, 35.0796055], [129.0807471, 35.0795503], [129.080787, 35.0794548], [129.0807513, 35.0793758], [129.080881, 35.0791606], [129.0814607, 35.0782973], [129.0816313, 35.078166], [129.0817925, 35.0780131], [129.0819295, 35.0778304], [129.0820202, 35.0776681], [129.0820873, 35.0774163], [129.0823339, 35.0770417], [129.0824243, 35.0770226], [129.0825035, 35.0769677], [129.0825369, 35.0768822], [129.0824901, 35.0768068], [129.0828657, 35.0762422], [129.0831495, 35.0758246], [129.0832313, 35.0758253], [129.0832486, 35.0758394], [129.0833128, 35.0758212], [129.0833541, 35.0757592], [129.0833704, 35.0756648], [129.0833338, 35.0756719], [129.0833069, 35.0756143], [129.0834777, 35.0753511], [129.0834815, 35.0752547], [129.0834175, 35.0751482], [129.0842321, 35.0738922], [129.0844238, 35.0739801], [129.0844729, 35.0739727], [129.0857912, 35.0745613], [129.085682, 35.0747199], [129.0857161, 35.0747639], [129.0855608, 35.0749722], [129.0867251, 35.0765977], [129.087401, 35.0775644], [129.0875239, 35.0774822], [129.0872649, 35.0770817], [129.0876073, 35.0766041], [129.0881537, 35.0768191], [129.0879884, 35.0770594], [129.0880811, 35.0771304], [129.0880773, 35.0771534], [129.0880509, 35.0771765], [129.0879613, 35.077142], [129.087877, 35.0772296], [129.0876503, 35.0773723], [129.0877041, 35.0774284], [129.0879009, 35.0773268], [129.0898147, 35.0784323], [129.0909216, 35.0791066], [129.0911482, 35.0792882], [129.0913081, 35.0793855], [129.0918194, 35.0797894], [129.0921445, 35.0799958], [129.0926415, 35.0802483], [129.0931219, 35.0803376], [129.0935112, 35.0803717], [129.0936527, 35.0804443], [129.0935941, 35.0805328], [129.0938766, 35.0805512], [129.0941273, 35.0805372], [129.094477, 35.0805917], [129.0947281, 35.0805271], [129.094818, 35.0804412], [129.0950008, 35.0804658], [129.0951836, 35.0805589], [129.0958128, 35.080554], [129.0959604, 35.0804581], [129.0960331, 35.0803671], [129.0959761, 35.0802901], [129.0960733, 35.0800808], [129.0958399, 35.0799732], [129.0960375, 35.07977], [129.0960757, 35.0795998], [129.0960624, 35.0794492], [129.0959722, 35.0793364], [129.0956091, 35.0792445], [129.0957829, 35.0790385], [129.095651, 35.0789429], [129.0955372, 35.0789821], [129.0954682, 35.0788595], [129.0955791, 35.0787565], [129.0957259, 35.0786952], [129.095699, 35.0783127], [129.0955962, 35.0781354], [129.0954201, 35.077623], [129.0951039, 35.0771151], [129.0950098, 35.0770056], [129.0951116, 35.0769909], [129.0950787, 35.0768437], [129.0948779, 35.0766328], [129.0948271, 35.0764752], [129.0945543, 35.0764121], [129.0943865, 35.0764513], [129.0942786, 35.0765543], [129.0941827, 35.0764342], [129.0937333, 35.0763477], [129.0929631, 35.0761914], [129.0925555, 35.0760099], [129.0923368, 35.0759069], [129.0921879, 35.0759331], [129.091866, 35.0756218], [129.0920132, 35.075517], [129.0918108, 35.0753594], [129.0916206, 35.0754336], [129.0913899, 35.0752521], [129.0911232, 35.0747293], [129.0912191, 35.0746439], [129.0912031, 35.074224], [129.0910606, 35.0741334], [129.0907666, 35.0742123], [129.090443, 35.0741461], [129.0903392, 35.0738465], [129.0870117, 35.0727477], [129.0868244, 35.0727555], [129.0860122, 35.0741584], [129.0858301, 35.0741597], [129.0844752, 35.0735332], [129.0804915, 35.0716117], [129.0804213, 35.0716514], [129.0799481, 35.0713954], [129.0800145, 35.0710432], [129.0800186, 35.0709446], [129.0800079, 35.0708417], [129.0800799, 35.0707556], [129.0800736, 35.0706617], [129.080046, 35.0706309], [129.0802366, 35.0704166], [129.080392, 35.0703383], [129.0804935, 35.070378], [129.0804942, 35.0703772], [129.08096, 35.069874], [129.0811282, 35.0697205], [129.0813, 35.0698611], [129.0814816, 35.0702076], [129.0811872, 35.0710864], [129.0812675, 35.0711056], [129.081331, 35.071163], [129.0813946, 35.0711932], [129.0815384, 35.071237], [129.0816722, 35.0712479], [129.0818261, 35.0712424], [129.081709, 35.0711795], [129.0816655, 35.0711822], [129.0816622, 35.0712178], [129.0816053, 35.0712123], [129.0814849, 35.0711795], [129.0814214, 35.0711411], [129.0813377, 35.0710563], [129.081311, 35.0710426], [129.0815997, 35.0702303], [129.0815821, 35.0701905], [129.084473, 35.0696812], [129.0843627, 35.0700461], [129.0842832, 35.070028], [129.0842126, 35.0701942], [129.0842832, 35.0702104], [129.0838948, 35.0711912], [129.0838242, 35.0711659], [129.083705, 35.0714874], [129.0839875, 35.0715957], [129.0840405, 35.0715777], [129.0847555, 35.0697535], [129.0848526, 35.0697101], [129.0848526, 35.0696487], [129.0847908, 35.0693886], [129.0847775, 35.06876], [129.0847775, 35.0684638], [129.0846672, 35.0684422], [129.0846764, 35.0680225], [129.084763, 35.0679273], [129.0846994, 35.067897], [129.0845691, 35.067882], [129.0846044, 35.0675524], [129.0848754, 35.0673724], [129.0849899, 35.0673605], [129.0851884, 35.0672256], [129.0852371, 35.0670631], [129.0853008, 35.0668516], [129.0854828, 35.0669052], [129.0855742, 35.0668608], [129.0854169, 35.0667596], [129.0855742, 35.0662783], [129.0858514, 35.0661097], [129.085754, 35.065892], [129.0856829, 35.0658675], [129.085829, 35.065518], [129.08601, 35.06531], [129.0860986, 35.0650274], [129.0862051, 35.0648522], [129.0861811, 35.06473], [129.0864994, 35.0647331], [129.0865025, 35.0645029], [129.0866867, 35.0644694], [129.0866292, 35.0643488], [129.0868904, 35.0638227], [129.0871737, 35.0634331], [129.0873278, 35.0634553], [129.087301, 35.063335], [129.0874658, 35.0633473], [129.0874771, 35.0631449], [129.0877913, 35.062878], [129.0880301, 35.0626836], [129.08834, 35.06261], [129.0884989, 35.0626909], [129.0886645, 35.0626605], [129.0886675, 35.062503], [129.0891085, 35.0622564], [129.0893316, 35.062349], [129.0894436, 35.0622926], [129.0893462, 35.0622221], [129.0892114, 35.062173], [129.0893799, 35.0619676], [129.0896009, 35.061894], [129.0896603, 35.0617547], [129.090144, 35.0615476], [129.0903754, 35.0615789], [129.0904812, 35.0614372], [129.0906788, 35.0613876], [129.0908333, 35.0612103], [129.0909569, 35.0610693], [129.0913389, 35.060965], [129.0915112, 35.060873], [129.0916236, 35.0609282], [129.0917454, 35.0610184], [129.0921227, 35.0608382], [129.0927586, 35.0606431], [129.0929009, 35.0608362], [129.0932679, 35.0608413], [129.0931369, 35.0606369], [129.0933804, 35.0606339], [129.093444, 35.0607228], [129.0939699, 35.0606801], [129.0938111, 35.0606032], [129.0940526, 35.0604306], [129.0939692, 35.0603006], [129.0941712, 35.0603356], [129.0945453, 35.0601525], [129.0947326, 35.0600636], [129.0950659, 35.0600636], [129.0953155, 35.0601148], [129.0955058, 35.0600167], [129.0957889, 35.0600513], [129.0961744, 35.0598585], [129.0963315, 35.0599266], [129.0964325, 35.0596064], [129.09628, 35.0593975], [129.0959504, 35.0590891], [129.096111, 35.0589445], [129.0959874, 35.0588157], [129.0961941, 35.0584688], [129.0958886, 35.0583234], [129.0956915, 35.0584692], [129.0955716, 35.0582331], [129.0953806, 35.0582454], [129.0952699, 35.0581444], [129.0957402, 35.0581411], [129.0956166, 35.0579878], [129.0950322, 35.0578897], [129.0949086, 35.0577824], [129.0951371, 35.0577057], [129.0951034, 35.0575156], [129.0948712, 35.0572949], [129.0946651, 35.0571078], [129.0948936, 35.0570496], [129.094755, 35.0568288], [129.0949536, 35.0568595], [129.0950547, 35.0567552], [129.0950601, 35.0565701], [129.0949225, 35.0564708], [129.0947861, 35.05654], [129.0943663, 35.056358], [129.094358, 35.0562309], [129.0941445, 35.0560163], [129.0941013, 35.0558687], [129.0939947, 35.0558262], [129.0937287, 35.055679], [129.0938588, 35.0554719], [129.0936621, 35.0554285], [129.0934291, 35.0555042], [129.0932118, 35.0552007], [129.0931556, 35.0548235], [129.0934189, 35.0548744], [129.0933066, 35.0545897], [129.0929592, 35.0545057], [129.0927401, 35.0545389], [129.0923702, 35.0540957], [129.092193, 35.0536522], [129.0921855, 35.0532536], [129.0923063, 35.0531356], [129.0924319, 35.0532], [129.0925188, 35.0531309], [129.0925001, 35.0530021], [129.0927099, 35.0529807], [129.0927342, 35.0528296], [129.0925233, 35.0526985], [129.0927473, 35.0526618], [129.09306, 35.0526465], [129.0932455, 35.052517], [129.0931099, 35.0521779], [129.0928689, 35.0521142], [129.0922566, 35.0518449], [129.0924781, 35.0517955], [129.0924111, 35.0516385], [129.0920992, 35.0514376], [129.0917383, 35.0514299], [129.09195, 35.0512339], [129.0915542, 35.0509765], [129.0913222, 35.0509422], [129.0911839, 35.0507998], [129.0907984, 35.0506574], [129.0904238, 35.0506723], [129.0900022, 35.0504638], [129.0895837, 35.0504024], [129.0894968, 35.0502528], [129.089553, 35.0501254], [129.0893874, 35.0499415], [129.0892031, 35.0499437], [129.0890862, 35.0500835], [129.0888404, 35.0499563], [129.0884805, 35.04989], [129.0884189, 35.0498044], [129.0881724, 35.0498184], [129.088206, 35.0497417], [129.0884006, 35.0497087], [129.0881668, 35.0494854], [129.0876607, 35.0493952], [129.087483, 35.0494533], [129.0873672, 35.0495146], [129.0873469, 35.0495853], [129.0872718, 35.0496381], [129.0872204, 35.0495606], [129.0871669, 35.0495174], [129.0871096, 35.0494979], [129.0871549, 35.0494153], [129.087005, 35.0492401], [129.0863474, 35.0492764], [129.0858157, 35.0493114], [129.0855467, 35.0494052], [129.0856111, 35.0495765], [129.0855601, 35.0496424], [129.085724, 35.0498398], [129.0858301, 35.0498901], [129.0855253, 35.0500179], [129.0852131, 35.050001], [129.0846423, 35.0501056], [129.0843876, 35.0502651], [129.0840753, 35.0503073], [129.0840366, 35.0502528], [129.0839092, 35.0502583], [129.0837847, 35.0502262], [129.0836678, 35.0502792], [129.0835257, 35.0502682], [129.083342, 35.0502814], [129.0830091, 35.050349], [129.082536, 35.0506783], [129.0823013, 35.0508632], [129.0821022, 35.0510769], [129.082216, 35.0512781], [129.082487, 35.0515014], [129.0821963, 35.0514524], [129.0821574, 35.0515628], [129.0820093, 35.0516188], [129.0820225, 35.0519209], [129.0822023, 35.0520583], [129.0819212, 35.0520653], [129.0818278, 35.0521417], [129.0818757, 35.0525783], [129.0816809, 35.0524238], [129.081499, 35.0525019], [129.081511, 35.0531394], [129.0814622, 35.053535], [129.0815545, 35.0536864], [129.0814998, 35.0539021], [129.0817349, 35.0540109], [129.0819236, 35.054033], [129.0820123, 35.0545815], [129.08208, 35.05465], [129.0821214, 35.0548278], [129.0819445, 35.0548941], [129.0818122, 35.055126], [129.0816999, 35.0551479], [129.0817488, 35.0553596], [129.0818272, 35.0553734], [129.0818773, 35.0554401], [129.081835, 35.0554745], [129.0817543, 35.0555836], [129.0816245, 35.055868], [129.0815716, 35.0559813], [129.0813505, 35.0561111], [129.0808045, 35.0563882], [129.0807159, 35.0563297], [129.0806549, 35.0562431], [129.0807036, 35.0562165], [129.0805468, 35.055988], [129.0804927, 35.0559693], [129.0804493, 35.0559194], [129.0803176, 35.0559], [129.08021, 35.0559299], [129.0802041, 35.0560356], [129.0800501, 35.05606], [129.0801227, 35.0562775], [129.08007, 35.0563146], [129.0799546, 35.0562666], [129.0797811, 35.0562579], [129.0796438, 35.0563534], [129.0795634, 35.0565217], [129.0796595, 35.0566723], [129.0795556, 35.0567147], [129.0795194, 35.056776], [129.0796827, 35.0570793], [129.0795705, 35.0573555], [129.0797152, 35.0575067], [129.0788212, 35.0584712], [129.0789613, 35.0585484], [129.079072, 35.0584694], [129.079168, 35.0583988], [129.0792918, 35.0584876], [129.0792652, 35.0585216], [129.0793936, 35.0586118], [129.0792886, 35.0586734], [129.079065, 35.05884], [129.0786443, 35.05892], [129.0782774, 35.0592534], [129.0783888, 35.0594159], [129.0783692, 35.0594946], [129.0781649, 35.0596698], [129.0780975, 35.0596369], [129.0779449, 35.0597862], [129.0777614, 35.0597508], [129.0775978, 35.0597408], [129.0774022, 35.0598088], [129.0774031, 35.0598497], [129.0772809, 35.0598911], [129.0773383, 35.0600002], [129.0774164, 35.059968], [129.0774482, 35.0599247], [129.0775609, 35.0599085], [129.07762, 35.0600067], [129.0775943, 35.060141], [129.0774153, 35.0603474], [129.0770375, 35.0605876], [129.0765793, 35.0607552], [129.0759375, 35.0608839], [129.0752866, 35.0608913], [129.0748478, 35.0606828], [129.0744561, 35.0606682], [129.0745106, 35.0605553], [129.0740331, 35.0605111], [129.0736632, 35.0603005], [129.0732201, 35.0597559], [129.0728742, 35.0593217], [129.0726675, 35.0591229], [129.0724814, 35.0591278], [129.0725333, 35.0590178], [129.0722237, 35.0587304], [129.0720613, 35.0587406], [129.0718911, 35.0588482], [129.0717101, 35.0587847], [129.0709927, 35.058552], [129.0708522, 35.058613], [129.0709361, 35.058851], [129.0711719, 35.0590371], [129.0708542, 35.0594246], [129.0706355, 35.0592308], [129.0704702, 35.0592874], [129.070505, 35.0593977], [129.0707447, 35.059648], [129.0705546, 35.0596258], [129.0706355, 35.0598195], [129.0702789, 35.0597214], [129.0704737, 35.0599005], [129.0702519, 35.0599863], [129.0699849, 35.0597872], [129.0700302, 35.059979], [129.0702729, 35.0601433], [129.0700572, 35.060261], [129.0698294, 35.0602243], [129.0696171, 35.0602708], [129.069734, 35.0603469], [129.0697096, 35.0604376], [129.0695507, 35.0605284], [129.0695717, 35.0606658], [129.0694429, 35.0607075], [129.069296, 35.0607737], [129.0693619, 35.0609429], [129.0695387, 35.0609356], [129.0695387, 35.061046], [129.0695747, 35.0612078], [129.0693665, 35.0613105], [129.069096, 35.0611237], [129.0690353, 35.0613231], [129.0689424, 35.0614212], [129.0687327, 35.0613648], [129.0686308, 35.061458], [129.0680982, 35.061463], [129.0681142, 35.0617582], [129.0684899, 35.06198], [129.06854, 35.0621499], [129.0681333, 35.0623925], [129.0677588, 35.0625937], [129.067363, 35.0625637], [129.0672194, 35.0627605], [129.0670276, 35.0628831], [129.066656, 35.0626624], [129.0664283, 35.062709], [129.0662365, 35.062709], [129.0661406, 35.0627973], [129.065787, 35.0627139], [129.0655892, 35.0627678], [129.0655143, 35.0626967], [129.0654154, 35.0627678], [129.0654334, 35.0629346], [129.0653857, 35.0631027], [129.065322, 35.0629363], [129.0650314, 35.0627915], [129.0649629, 35.0630614], [129.0650122, 35.0632399], [129.0649043, 35.0632914], [129.0647021, 35.0631031], [129.0646556, 35.0633208], [129.0647485, 35.063495], [129.0648444, 35.0635612], [129.0649553, 35.0639659], [129.0648354, 35.0640051], [129.064834, 35.0641894], [129.0653701, 35.0643], [129.0654138, 35.0645938], [129.0656011, 35.0650114], [129.0657104, 35.0653688], [129.0656455, 35.0658273], [129.0655335, 35.0660358], [129.0652369, 35.0662521], [129.0652849, 35.0663867], [129.0655092, 35.0663231], [129.0656295, 35.0664775], [129.065505, 35.0666259], [129.0656205, 35.0667301], [129.0655186, 35.0668797], [129.06553, 35.0673799], [129.065555, 35.0674953], [129.0656111, 35.0677169], [129.065455, 35.0679212], [129.064478, 35.0677162], [129.0639563, 35.0679764], [129.0640824, 35.0681015], [129.0644416, 35.0679221], [129.0653103, 35.0681042], [129.0652109, 35.0683187], [129.0650706, 35.0684711], [129.0648937, 35.0683391], [129.0648213, 35.0683956], [129.0651304, 35.0686198], [129.0653397, 35.06844], [129.0654661, 35.068532], [129.0652264, 35.0687523], [129.0647854, 35.0684416], [129.0647148, 35.0685166], [129.0647855, 35.0686236], [129.0646582, 35.0687309], [129.0646319, 35.0688167], [129.0643548, 35.0689639], [129.0640326, 35.0690896], [129.063703, 35.0692735], [129.0633884, 35.0694053], [129.0631786, 35.0695188], [129.0630025, 35.0695494], [129.0627441, 35.0695556], [129.0624407, 35.0695647], [129.0621635, 35.0696322], [129.0619275, 35.0696537], [129.0618114, 35.0696322], [129.0617178, 35.0696322], [129.061699, 35.0697395], [129.0615417, 35.0697272], [129.0614968, 35.0696445], [129.0614406, 35.0695096], [129.0612083, 35.0694728], [129.0609424, 35.0694881], [129.0609199, 35.0695862], [129.0608263, 35.0695188], [129.0605865, 35.0695188], [129.0604592, 35.0695494], [129.0603955, 35.0694391], [129.060212, 35.0695249], [129.0602344, 35.0695985], [129.0601371, 35.069672], [129.060006, 35.0697701], [129.0597175, 35.0697885], [129.0595752, 35.0698621], [129.0592606, 35.0699694], [129.0590246, 35.0699847], [129.0587923, 35.0699786], [129.0586163, 35.0699142], [129.0585601, 35.0697977], [129.0585826, 35.0696598], [129.0585451, 35.0695249], [129.058208, 35.0696291], [129.0582754, 35.0696996], [129.0581368, 35.0697364], [129.0581406, 35.0698131], [129.0580057, 35.0697824], [129.0578821, 35.0697732], [129.0579533, 35.069672], [129.0579046, 35.069577], [129.0577922, 35.069482], [129.0576536, 35.0694513], [129.0576049, 35.0695678], [129.0574963, 35.0695218], [129.0574439, 35.0696046], [129.057354, 35.0694973], [129.0572041, 35.0694391], [129.0570805, 35.0694728], [129.0569794, 35.0694299], [129.0568858, 35.0695034], [129.0569007, 35.0696506], [129.0568483, 35.0698069], [129.0568933, 35.0699112], [129.0570543, 35.0700461], [129.0570796, 35.0701472], [129.056897, 35.0702315], [129.0569298, 35.0703427], [129.0568642, 35.0703963], [129.0567284, 35.070289], [129.0565599, 35.0703005], [129.0565927, 35.0704078], [129.0568221, 35.0705074], [129.0566348, 35.0705228], [129.0564288, 35.070404], [129.056279, 35.0704385], [129.0563492, 35.0705764], [129.0561759, 35.0706531], [129.0560589, 35.0706377], [129.0559465, 35.0707259], [129.0559044, 35.0708715], [129.0557486, 35.0709324], [129.0555826, 35.070967], [129.0553021, 35.0709605], [129.0551025, 35.0709979], [129.0550788, 35.0711274], [129.0548479, 35.0710265], [129.0545372, 35.07127], [129.0543218, 35.0714463], [129.0542094, 35.0715689], [129.0539004, 35.0716073], [129.0536897, 35.0716302], [129.0534041, 35.0717605], [129.0530389, 35.0719828], [129.0526503, 35.0722549], [129.0521305, 35.0726764], [129.0518397, 35.0729462], [129.0516789, 35.073041], [129.051298, 35.07324], [129.0510345, 35.0733639], [129.05081, 35.0734143], [129.0506135, 35.0733623], [129.0504889, 35.0733947], [129.0505223, 35.0734872], [129.0506276, 35.0735271], [129.0505462, 35.0736683], [129.050186, 35.0738709], [129.0497973, 35.0740949], [129.0494174, 35.0744305], [129.0490608, 35.07472], [129.0487108, 35.0748635], [129.0485912, 35.0748095], [129.0485057, 35.074833], [129.0485619, 35.0749526], [129.0484119, 35.0750212], [129.0482303, 35.075077], [129.047948, 35.0751615], [129.0477855, 35.0751097], [129.0476544, 35.0752016], [129.0475467, 35.0752323], [129.0474531, 35.0752361], [129.0473781, 35.0751212], [129.0473501, 35.0754852], [129.0472096, 35.0756691], [129.0468818, 35.0758416], [129.046629, 35.0760523], [129.0463063, 35.0764376], [129.045361, 35.0775193], [129.0448653, 35.0778622], [129.0444158, 35.0782945], [129.0439513, 35.078768], [129.043636, 35.0789613], [129.0432239, 35.0793641], [129.0431251, 35.0794607], [129.0426802, 35.0796415], [129.0418642, 35.0803377], [129.0417185, 35.0805001], [129.0412758, 35.0807809], [129.0411267, 35.0808282], [129.0409222, 35.0807462], [129.0404753, 35.080648], [129.0401017, 35.0805056], [129.0398152, 35.080461], [129.0394603, 35.0807414], [129.038538, 35.0815303], [129.0381802, 35.081868], [129.0380523, 35.0819887], [129.037891, 35.0820849], [129.0365555, 35.0831852], [129.0345423, 35.0849078], [129.034382, 35.0850301], [129.0341965, 35.0850577], [129.033919, 35.0850474], [129.0333714, 35.0847189], [129.0332251, 35.0846684], [129.0330316, 35.084745], [129.03298, 35.0848512], [129.0330303, 35.0849709], [129.0332487, 35.0851136], [129.0333605, 35.0850356], [129.0342379, 35.08567], [129.0341324, 35.0860422], [129.0341022, 35.0862655], [129.0343474, 35.0863255], [129.0342597, 35.0868485], [129.0341626, 35.0868272], [129.0340922, 35.0870576], [129.0342725, 35.0870477], [129.0342752, 35.0873888], [129.0341113, 35.0878859], [129.0338129, 35.088222], [129.0328597, 35.0887302], [129.0321418, 35.0887124], [129.0320686, 35.0887932], [129.0329374, 35.0888283], [129.033698, 35.0886982], [129.0336745, 35.0890361], [129.0335784, 35.0893536], [129.0341378, 35.0895146], [129.0357858, 35.0889298], [129.0360419, 35.0890481], [129.0363558, 35.0896295], [129.0347574, 35.0902277], [129.0346458, 35.0902074], [129.0344682, 35.0898523], [129.0334339, 35.0895828], [129.0332995, 35.089619], [129.0329546, 35.0900877], [129.0323749, 35.0897954], [129.0323426, 35.089813], [129.0327032, 35.0900195], [129.0323763, 35.0904281], [129.0320116, 35.0902362], [129.0319978, 35.0902656], [129.0323139, 35.0904377], [129.0320651, 35.0908028], [129.031811, 35.0906804], [129.0317654, 35.0907402], [129.0321948, 35.0909684], [129.0319961, 35.0913106], [129.0314306, 35.0917937], [129.0314951, 35.0919269], [129.0313338, 35.0922427], [129.0312903, 35.0924398], [129.0313482, 35.0924554], [129.0312817, 35.0927426], [129.0312297, 35.0931633], [129.0314914, 35.0939294], [129.0316146, 35.0939884], [129.0316066, 35.0940257], [129.0318661, 35.0941123], [129.0330509, 35.0943952], [129.0334603, 35.0941902], [129.0335325, 35.0940667], [129.0331841, 35.0940381], [129.0332834, 35.0933707], [129.0340108, 35.0933675], [129.0347197, 35.0927415], [129.0371326, 35.0918519], [129.0374141, 35.0923824], [129.0367104, 35.0926569], [129.036073, 35.0945352], [129.0374955, 35.0948744], [129.0378879, 35.0937047], [129.037908, 35.0936876], [129.0383367, 35.0935404], [129.0383767, 35.0935352], [129.0384445, 35.0935697], [129.0384593, 35.093585], [129.0386967, 35.0947689], [129.0387268, 35.0947965], [129.0387636, 35.0948206], [129.038818, 35.0948513], [129.0394986, 35.0952387], [129.0400229, 35.0955679], [129.0406921, 35.0958707], [129.0419739, 35.0962616], [129.0420434, 35.0962806], [129.0430257, 35.0965872], [129.0441294, 35.0969478], [129.0441616, 35.0969548], [129.0441938, 35.0969526], [129.0451095, 35.0966272], [129.0451875, 35.0966147], [129.045208, 35.0966175], [129.0452184, 35.0966333], [129.0453008, 35.0968355], [129.0454236, 35.0970909], [129.045439, 35.0971048], [129.0454732, 35.0971084], [129.0468049, 35.0966695], [129.0472276, 35.0965389], [129.0470142, 35.0960577], [129.0474142, 35.0959512], [129.0473999, 35.0958794], [129.0475961, 35.0958081], [129.0475458, 35.0956764], [129.0480093, 35.0955155], [129.0486495, 35.0953926], [129.0488474, 35.0953546], [129.0491848, 35.0960232], [129.0478738, 35.0964557], [129.0475546, 35.0972372], [129.0477549, 35.0979382], [129.0495859, 35.0984348], [129.0485429, 35.1007991], [129.0484872, 35.1007847], [129.0484576, 35.1008502], [129.0486383, 35.1008966], [129.0497198, 35.0984702], [129.0502409, 35.0972695], [129.050793, 35.0974393], [129.051158, 35.0975515], [129.0513212, 35.0976017], [129.0517729, 35.0965929], [129.0518829, 35.0966298], [129.0519076, 35.09658], [129.052132, 35.0966523], [129.0521081, 35.0967038], [129.052345, 35.0967711], [129.0517687, 35.0979998], [129.0510179, 35.0994939], [129.051086, 35.0996121], [129.0526172, 35.1001038], [129.0537438, 35.0976724], [129.0542427, 35.0977953], [129.0531429, 35.1002487], [129.0534058, 35.1003321], [129.0546182, 35.0977426], [129.0551117, 35.097905], [129.0539519, 35.1004739], [129.0547223, 35.1007258], [129.0549398, 35.1007969], [129.0549723, 35.1008076], [129.0551724, 35.100873], [129.0553583, 35.101725], [129.055163, 35.1019447], [129.0550498, 35.101953], [129.0551104, 35.102075], [129.0552342, 35.1020367], [129.0552339, 35.1019704], [129.0554409, 35.1017489], [129.0552552, 35.1008285], [129.0563532, 35.1009306], [129.0567603, 35.1005339], [129.0573748, 35.1007699], [129.0581561, 35.1016854], [129.0583546, 35.1017971], [129.0592255, 35.1028834], [129.0591738, 35.1029144], [129.059234, 35.1029872], [129.0600531, 35.1025407], [129.0599958, 35.1024686], [129.0599348, 35.102501], [129.0595777, 35.1021943], [129.0592535, 35.1017858], [129.0589854, 35.101279], [129.0585993, 35.1006854], [129.0586931, 35.1006399], [129.0587367, 35.1006361], [129.0587723, 35.1006481], [129.058958, 35.1007644], [129.0591994, 35.1009839], [129.0612467, 35.1026871], [129.0617139, 35.1023028], [129.0631974, 35.1034104], [129.0631776, 35.1034394], [129.0624624, 35.1040301], [129.062892, 35.1044013], [129.0635854, 35.1038334], [129.0635906, 35.1038072], [129.0635038, 35.1036355], [129.0635438, 35.1035962], [129.0618006, 35.1022581], [129.061655, 35.1021447], [129.0618511, 35.1019953], [129.0619883, 35.1018227], [129.0620623, 35.1016197], [129.0620787, 35.1015281], [129.0620814, 35.1014054], [129.0620578, 35.1013075], [129.0619947, 35.1011798], [129.0619037, 35.1010576], [129.0617916, 35.100974], [129.0616536, 35.1009038], [129.0615236, 35.1008643], [129.0613224, 35.1008369], [129.0611305, 35.1008534], [129.0609643, 35.1008994], [129.0607778, 35.1009937], [129.0604667, 35.1012318], [129.0604252, 35.1012307], [129.0596701, 35.1007205], [129.0593409, 35.1004693], [129.059298, 35.1004638], [129.0592544, 35.1004611], [129.059202, 35.1004517], [129.0591639, 35.1004369], [129.0591344, 35.1004094], [129.059127, 35.1003924], [129.0591444, 35.100368], [129.0618335, 35.0990322], [129.0611728, 35.098108], [129.0611681, 35.0980888], [129.0611675, 35.0980762], [129.0613944, 35.0979536], [129.0614152, 35.0979465], [129.0614316, 35.0979464], [129.0621042, 35.0988684], [129.062119, 35.0988805], [129.0621458, 35.0988854], [129.0650251, 35.0975386], [129.0659679, 35.0970942], [129.0667069, 35.0967354], [129.0683256, 35.0959695], [129.0683618, 35.0959453], [129.068398, 35.0959146]]], [[[129.0265835, 35.0923605], [129.0270132, 35.0943448], [129.0271723, 35.0943213], [129.0267546, 35.0923729], [129.0265835, 35.0923605]]], [[[129.0922105, 35.0370439], [129.0922184, 35.0371302], [129.0922553, 35.03721], [129.092163, 35.0371992], [129.0921525, 35.0372445], [129.0922157, 35.0372963], [129.0921999, 35.0373934], [129.0922447, 35.0375338], [129.092445, 35.0376264], [129.0925451, 35.0376544], [129.0926268, 35.037512], [129.0926531, 35.03743], [129.0928375, 35.0376458], [129.0929432, 35.0376702], [129.0929456, 35.037745], [129.0930799, 35.0378054], [129.0931846, 35.0377939], [129.0933091, 35.0376781], [129.0933012, 35.0374991], [129.0931353, 35.0374538], [129.0933829, 35.03732], [129.0933935, 35.0372316], [129.0932031, 35.0369441], [129.0930623, 35.036834], [129.0928647, 35.0367638], [129.0927815, 35.0367269], [129.0927321, 35.0367419], [129.0927242, 35.0368044], [129.0926188, 35.0367635], [129.0923027, 35.036744], [129.0922447, 35.0367638], [129.0923132, 35.0368497], [129.0922632, 35.0369404], [129.0922105, 35.0370439]]], [[[129.0849808, 35.0492098], [129.0849084, 35.0492098], [129.0849325, 35.0492669], [129.0849888, 35.0492581], [129.0849808, 35.0492098]]], [[[129.08519, 35.0498949], [129.0851122, 35.0498049], [129.0850586, 35.0498268], [129.0851176, 35.0499213], [129.08519, 35.0498949]]], [[[129.084848, 35.0499751], [129.0846227, 35.0497939], [129.0845583, 35.0498334], [129.0846723, 35.0499081], [129.0846992, 35.0499597], [129.0847743, 35.0500453], [129.0848909, 35.0500409], [129.084848, 35.0499751]]], [[[129.0845919, 35.0501035], [129.0846562, 35.0500486], [129.0846643, 35.0499388], [129.0844578, 35.0498312], [129.0843802, 35.0497683], [129.0842673, 35.0497873], [129.0843397, 35.050075], [129.0845436, 35.0501013], [129.0845919, 35.0501035]]], [[[129.0836316, 35.0500772], [129.0835793, 35.0500025], [129.0835257, 35.0500201], [129.0835766, 35.0500991], [129.0836316, 35.0500772]]], [[[129.0837175, 35.0501935], [129.0838194, 35.0501738], [129.0838395, 35.0501397], [129.0837148, 35.0500552], [129.0836504, 35.0501035], [129.0837175, 35.0501935]]], [[[129.0834935, 35.0501189], [129.0834211, 35.0502166], [129.0834922, 35.0502495], [129.0836209, 35.0502287], [129.0836276, 35.0501957], [129.0835847, 35.0501891], [129.0834935, 35.0501189]]], [[[129.0909836, 35.0506129], [129.0908253, 35.0504592], [129.0906993, 35.050457], [129.0905544, 35.050288], [129.0904069, 35.0504219], [129.0905786, 35.0505624], [129.0907395, 35.0505756], [129.0909326, 35.05067], [129.0909836, 35.0506129]]], [[[129.08497, 35.0735533], [129.0846455, 35.0734216], [129.084616, 35.0735006], [129.0849191, 35.0736367], [129.08497, 35.0735533]]], [[[129.1272428, 35.0914445], [129.1272113, 35.0914582], [129.1272057, 35.0914989], [129.127401, 35.0915194], [129.1274195, 35.0914692], [129.1273909, 35.0914009], [129.1274577, 35.0913868], [129.1274431, 35.091373], [129.1274393, 35.0913605], [129.1274485, 35.0913428], [129.1274103, 35.0913602], [129.1274049, 35.0913768], [129.1273556, 35.0913784], [129.1273386, 35.0913466], [129.127363, 35.0913334], [129.12736, 35.0913218], [129.1272634, 35.091274], [129.1272478, 35.0912832], [129.127236, 35.0912774], [129.1271743, 35.0911213], [129.1271461, 35.0909902], [129.1271154, 35.0909685], [129.1270766, 35.0909794], [129.1270729, 35.0909977], [129.1270086, 35.0909559], [129.1268517, 35.0909322], [129.126849, 35.0909524], [129.1268576, 35.090971], [129.1268118, 35.0909669], [129.1266864, 35.090915], [129.1266492, 35.0909352], [129.1266161, 35.0909145], [129.1265982, 35.0909168], [129.1265682, 35.0909733], [129.1264335, 35.0910145], [129.1263814, 35.0910555], [129.1264005, 35.091115], [129.1264457, 35.0912013], [129.1264818, 35.0912291], [129.1265174, 35.0912589], [129.126604, 35.0912946], [129.1266509, 35.0912679], [129.1269443, 35.0914159], [129.1269418, 35.09143], [129.1269712, 35.091458], [129.1270788, 35.0914034], [129.1270866, 35.0914338], [129.1271212, 35.0914499], [129.127182, 35.0914435], [129.1272236, 35.091423], [129.1272428, 35.0914445]]], [[[129.1265955, 35.0924217], [129.1266629, 35.0924081], [129.1267505, 35.0924865], [129.1270154, 35.0924293], [129.127311, 35.0924756], [129.1274548, 35.0924599], [129.1275013, 35.0924028], [129.1274631, 35.0922826], [129.1275436, 35.0922104], [129.1275988, 35.0922263], [129.1276665, 35.0921744], [129.1276259, 35.0921329], [129.1275964, 35.092127], [129.1275828, 35.0921086], [129.1275381, 35.0920913], [129.1274973, 35.0920243], [129.1275751, 35.0920448], [129.1276295, 35.0919811], [129.1275192, 35.0918949], [129.1274313, 35.0918824], [129.1273704, 35.0919069], [129.1271296, 35.0917795], [129.1270494, 35.0917638], [129.1270127, 35.0917047], [129.1269741, 35.091627], [129.1269175, 35.0915576], [129.1268844, 35.0915458], [129.1268422, 35.0915549], [129.1268151, 35.0915232], [129.1266721, 35.091533], [129.126674, 35.0915642], [129.1266022, 35.0915914], [129.1264962, 35.0916005], [129.1264738, 35.0916257], [129.126428, 35.091621], [129.1263916, 35.0916308], [129.1263812, 35.0916538], [129.1263235, 35.0916626], [129.1262877, 35.0917026], [129.1262425, 35.0917059], [129.1261967, 35.0917946], [129.1262983, 35.0919295], [129.1263805, 35.0919806], [129.1263842, 35.0920579], [129.1262533, 35.0920996], [129.1262252, 35.0921571], [129.1262322, 35.0922479], [129.1263427, 35.092275], [129.1265955, 35.0924217]]], [[[129.1266669, 35.0927823], [129.1266303, 35.0927816], [129.1265566, 35.0928249], [129.1265286, 35.0928106], [129.1264692, 35.0928172], [129.126518, 35.0928458], [129.1264401, 35.0928988], [129.1266101, 35.0930085], [129.1266484, 35.0930108], [129.1266905, 35.0929458], [129.1267499, 35.0929851], [129.1267706, 35.0930126], [129.1268236, 35.0930487], [129.1268623, 35.0930383], [129.1269368, 35.0930509], [129.1269346, 35.0930747], [129.1269796, 35.0930917], [129.1270084, 35.0931382], [129.1270971, 35.0931579], [129.1271292, 35.0931335], [129.1272998, 35.0931935], [129.1273076, 35.0930973], [129.1272572, 35.0930376], [129.1272682, 35.0930112], [129.1271938, 35.0929341], [129.1271797, 35.0928537], [129.1270844, 35.0928345], [129.1269489, 35.0927725], [129.1269221, 35.0927913], [129.1268211, 35.0927626], [129.1267884, 35.0927867], [129.1267182, 35.0927741], [129.1267, 35.0927955], [129.1266669, 35.0927823]]], [[[129.1266294, 35.0935901], [129.126522, 35.0935046], [129.1265737, 35.0934912], [129.1265419, 35.0934531], [129.1265508, 35.0934025], [129.1265222, 35.0933845], [129.1264728, 35.093387], [129.1264639, 35.093341], [129.1262634, 35.0932135], [129.1262311, 35.0932488], [129.1261908, 35.0932167], [129.1260162, 35.0932849], [129.1259995, 35.093381], [129.1260571, 35.0934471], [129.1261183, 35.0934504], [129.1261285, 35.0934193], [129.1261483, 35.0934285], [129.1261414, 35.0935121], [129.1262336, 35.0935872], [129.1262617, 35.0936292], [129.1262535, 35.093675], [129.1262124, 35.0937178], [129.1261934, 35.0938169], [129.1263305, 35.0939065], [129.1263328, 35.094006], [129.1262833, 35.0939868], [129.1262538, 35.0940239], [129.1261673, 35.0939928], [129.1262478, 35.0941724], [129.1264873, 35.0945241], [129.1265906, 35.0945021], [129.1266127, 35.0943837], [129.1266666, 35.0943884], [129.1266984, 35.094239], [129.1266557, 35.0940756], [129.1266814, 35.0939714], [129.1267136, 35.0939654], [129.1267387, 35.093935], [129.1267578, 35.0938281], [129.1267356, 35.0937922], [129.1267157, 35.0937886], [129.1266868, 35.0937285], [129.1266795, 35.0936715], [129.1266375, 35.0936263], [129.1266294, 35.0935901]]], [[[129.1190663, 35.0971677], [129.1190459, 35.0971982], [129.1190258, 35.0971935], [129.1190179, 35.0971726], [129.1189931, 35.0971624], [129.1189866, 35.0971836], [129.1189631, 35.0971844], [129.1189642, 35.0971603], [129.1189869, 35.0971459], [129.1189468, 35.0971374], [129.1189131, 35.097141], [129.1188982, 35.0971911], [129.1187986, 35.0972033], [129.1187365, 35.0971848], [129.1187127, 35.0972123], [129.1185681, 35.0971524], [129.1185707, 35.0971358], [129.1185467, 35.0971192], [129.1185732, 35.0971044], [129.1185575, 35.0970804], [129.1185895, 35.0970637], [129.1185498, 35.0970427], [129.1184891, 35.0971083], [129.118462, 35.0971002], [129.1184881, 35.097081], [129.1184947, 35.0970536], [129.1184293, 35.097035], [129.1183879, 35.0970572], [129.118376, 35.0970505], [129.1183515, 35.0970564], [129.1183589, 35.097098], [129.1183286, 35.0971013], [129.1183365, 35.0971563], [129.1183516, 35.0971709], [129.1184022, 35.0971457], [129.1184453, 35.0971376], [129.1184544, 35.0971566], [129.1184221, 35.0971975], [129.1184352, 35.0972219], [129.1184304, 35.0972474], [129.1184344, 35.0972717], [129.1183863, 35.0972841], [129.1183614, 35.0972749], [129.1183552, 35.0972817], [129.1183465, 35.0972821], [129.1183415, 35.0972898], [129.1183431, 35.0972993], [129.1183606, 35.0973058], [129.1183664, 35.0972979], [129.1183732, 35.0972958], [129.1184156, 35.0972941], [129.1184461, 35.0973128], [129.11845, 35.0973421], [129.1185186, 35.097372], [129.1185385, 35.0973735], [129.1185511, 35.097384], [129.1185647, 35.0973845], [129.1185846, 35.0973951], [129.1185691, 35.0974101], [129.1185363, 35.0974122], [129.1185288, 35.0974346], [129.1184956, 35.0974324], [129.118491, 35.0974209], [129.1184697, 35.0974304], [129.1184352, 35.0974151], [129.118413, 35.0974274], [129.11839, 35.0974159], [129.1184071, 35.0974005], [129.1184084, 35.0973859], [129.1183828, 35.097377], [129.118395, 35.09735], [129.1183793, 35.0973438], [129.1183606, 35.0973513], [129.1183467, 35.0973611], [129.1183384, 35.0973658], [129.1183367, 35.0973756], [129.1183296, 35.0973808], [129.1183373, 35.0973919], [129.1183343, 35.0974099], [129.1183223, 35.0974101], [129.1183255, 35.0974231], [129.1183199, 35.0974463], [129.1183105, 35.0974388], [129.1182992, 35.0974544], [129.1182773, 35.0974595], [129.1182445, 35.0974585], [129.1182268, 35.0974754], [129.1182345, 35.0974858], [129.1182588, 35.0974911], [129.1182769, 35.0975142], [129.1183153, 35.0975167], [129.1183253, 35.097564], [129.1183203, 35.097576], [129.1183326, 35.0975812], [129.1183438, 35.0975804], [129.1183503, 35.0975833], [129.1183571, 35.0975688], [129.118365, 35.0975628], [129.1183672, 35.0975513], [129.1184043, 35.0975555], [129.1184299, 35.0975704], [129.1184552, 35.0975731], [129.1185205, 35.0976074], [129.1185884, 35.0976295], [129.1186328, 35.0976272], [129.1186421, 35.0976166], [129.1186625, 35.0976123], [129.1186684, 35.0975959], [129.1186936, 35.097596], [129.1187777, 35.0976131], [129.118812, 35.097605], [129.118866, 35.0976199], [129.1189314, 35.0976291], [129.1189712, 35.0976338], [129.119013, 35.097629], [129.1190139, 35.0975937], [129.1190084, 35.09758], [129.1190404, 35.0975815], [129.1190514, 35.097558], [129.1191002, 35.0975461], [129.1191164, 35.097511], [129.1191055, 35.0974828], [129.1191531, 35.0974929], [129.1191901, 35.0974878], [129.1191824, 35.0974503], [129.1192363, 35.0974438], [129.119245, 35.0974299], [129.1192414, 35.097406], [129.1192387, 35.097389], [129.1192502, 35.0973628], [129.1192721, 35.0973641], [129.1192921, 35.0973203], [129.1192979, 35.0972824], [129.1192937, 35.0972748], [129.1192777, 35.0972767], [129.119267, 35.0972812], [129.1192616, 35.0972788], [129.1192649, 35.0972671], [129.1192732, 35.0972591], [129.1192632, 35.0972464], [129.1192564, 35.0972368], [129.1192614, 35.0972146], [129.1192158, 35.097205], [129.1191903, 35.0972246], [129.1191577, 35.097214], [129.1191398, 35.0972312], [129.1190919, 35.0972025], [129.1191062, 35.0971669], [129.119076, 35.0971802], [129.1190663, 35.0971677]]], [[[129.1238327, 35.0977526], [129.1238345, 35.097818], [129.1238282, 35.0978319], [129.1237338, 35.0978763], [129.1236385, 35.0979941], [129.1236249, 35.0981035], [129.1236633, 35.0981546], [129.1236631, 35.098188], [129.1236227, 35.0981862], [129.1236274, 35.0982355], [129.1236601, 35.0982531], [129.1237257, 35.0982512], [129.1237273, 35.0982238], [129.1237989, 35.0982385], [129.1238046, 35.0983247], [129.1241505, 35.0983227], [129.1241671, 35.0982862], [129.124045, 35.0982211], [129.1242543, 35.0981672], [129.1242785, 35.0980979], [129.1242394, 35.0979808], [129.1243222, 35.0979282], [129.1244255, 35.0979602], [129.1246059, 35.0979438], [129.1246305, 35.097862], [129.1246759, 35.0978442], [129.1247324, 35.0976909], [129.1245532, 35.0975609], [129.1246434, 35.097476], [129.1246352, 35.0973962], [129.1241327, 35.0971581], [129.1240297, 35.0970797], [129.1239749, 35.0970968], [129.1239527, 35.0970826], [129.1238676, 35.0971312], [129.1238484, 35.0972906], [129.1239393, 35.0973337], [129.1238428, 35.0974546], [129.1237811, 35.0976102], [129.1238146, 35.0976193], [129.1238327, 35.0977526]]], [[[129.1252359, 35.1429667], [129.1258987, 35.1425408], [129.1253133, 35.1419316], [129.1246505, 35.1423575], [129.1252359, 35.1429667]]], [[[129.1271425, 35.1438777], [129.1268334, 35.1435554], [129.1262252, 35.1439456], [129.1265343, 35.1442678], [129.1271425, 35.1438777]]], [[[129.1305424, 35.1474217], [129.1302284, 35.1470944], [129.1296202, 35.1474845], [129.1299342, 35.1478118], [129.1305424, 35.1474217]]], [[[129.1321068, 35.149001], [129.1315197, 35.1483901], [129.1308569, 35.148816], [129.131444, 35.1494268], [129.1321068, 35.149001]]], [[[129.1395764, 35.1579067], [129.1389568, 35.1584573], [129.1380343, 35.1584324], [129.137973, 35.1584928], [129.1379711, 35.1585733], [129.1380705, 35.1586467], [129.1383465, 35.1586561], [129.1383466, 35.1586174], [129.138991, 35.1586614], [129.1394512, 35.1582601], [129.1395307, 35.1583101], [129.1397876, 35.1580535], [129.139754, 35.1579702], [129.1396965, 35.1579204], [129.1395764, 35.1579067]]], [[[129.217451, 35.1691935], [129.2173944, 35.1692225], [129.2173961, 35.1692673], [129.2175023, 35.1692471], [129.2174988, 35.169208], [129.217451, 35.1691935]]], [[[129.2118129, 35.1797198], [129.2117457, 35.1797169], [129.2116997, 35.1797574], [129.2116431, 35.1797401], [129.2115864, 35.1797806], [129.2116431, 35.1799628], [129.2117492, 35.1800525], [129.2118377, 35.1800091], [129.2118908, 35.1799194], [129.2119722, 35.179795], [129.2119758, 35.1797343], [129.2119368, 35.1797025], [129.2118342, 35.179688], [129.2118129, 35.1797198]]], [[[129.2298917, 35.2171836], [129.2298557, 35.217271], [129.2297647, 35.2173151], [129.2297059, 35.2172372], [129.2295666, 35.2171975], [129.2295686, 35.2170877], [129.2294031, 35.2170924], [129.2292451, 35.2178357], [129.2291805, 35.2180197], [129.22919, 35.2181121], [129.2292379, 35.2181784], [129.2292361, 35.218342], [129.2290937, 35.2188064], [129.2301893, 35.2190448], [129.2303423, 35.21858], [129.230295, 35.2184295], [129.2302899, 35.2181332], [129.2301301, 35.2180684], [129.23006, 35.2179245], [129.2303076, 35.2178763], [129.2303173, 35.2178124], [129.2302522, 35.2177801], [129.2302314, 35.2177242], [129.23015, 35.2176788], [129.2299985, 35.2176996], [129.2300573, 35.2175007], [129.2302831, 35.2173126], [129.2302631, 35.2171745], [129.2301191, 35.2171098], [129.23011, 35.2170114], [129.2301466, 35.2169399], [129.2303252, 35.2170384], [129.2304715, 35.2169879], [129.230681, 35.21681], [129.230574, 35.2165996], [129.2302499, 35.2166167], [129.2301591, 35.2166795], [129.2301433, 35.2167773], [129.2300797, 35.2168327], [129.2299631, 35.216698], [129.2298133, 35.216828], [129.2297434, 35.2169852], [129.2298573, 35.2170977], [129.2298917, 35.2171836]]], [[[129.2482614, 35.2393334], [129.2483361, 35.2391903], [129.248252, 35.2391484], [129.2482194, 35.2392189], [129.2481586, 35.2392399], [129.2481656, 35.23932], [129.2482194, 35.2394916], [129.2481727, 35.2396004], [129.2482754, 35.23969], [129.2483268, 35.2397072], [129.2483548, 35.2396747], [129.2484785, 35.2398044], [129.2485813, 35.2398311], [129.248621, 35.2397567], [129.2485883, 35.239669], [129.2486957, 35.2396194], [129.248684, 35.2395393], [129.248656, 35.2394974], [129.2486186, 35.239402], [129.2485346, 35.2393334], [129.2484318, 35.239299], [129.2482614, 35.2393334]]], [[[129.2496287, 35.2408563], [129.2496857, 35.24086], [129.2496873, 35.2408814], [129.2497535, 35.2408953], [129.249792, 35.2409129], [129.249829, 35.2409041], [129.2498382, 35.2408814], [129.2498274, 35.24086], [129.249849, 35.2408336], [129.2498367, 35.2408059], [129.2498321, 35.2407896], [129.2498074, 35.2407732], [129.2497936, 35.2407367], [129.249755, 35.2407028], [129.2497242, 35.2406914], [129.2496934, 35.2406789], [129.2496564, 35.240665], [129.2496688, 35.2406537], [129.2496842, 35.2406323], [129.2496842, 35.2406147], [129.249658, 35.2405858], [129.2496364, 35.2405719], [129.2495994, 35.2405543], [129.2495532, 35.2405392], [129.2495009, 35.2405367], [129.2494423, 35.2404926], [129.2494053, 35.2404599], [129.2493946, 35.2404713], [129.249356, 35.2404348], [129.249316, 35.240426], [129.2492975, 35.2404851], [129.2492698, 35.240553], [129.2492467, 35.240582], [129.2491989, 35.2406021], [129.249088, 35.2406336], [129.249088, 35.2406826], [129.2491496, 35.2407065], [129.249242, 35.2407267], [129.2493237, 35.2407644], [129.2494146, 35.2407757], [129.2494084, 35.2408097], [129.2494377, 35.2408223], [129.2495024, 35.2408185], [129.2495686, 35.2408424], [129.2496287, 35.2408563]]], [[[129.2494485, 35.2411217], [129.2494316, 35.2411016], [129.2493946, 35.2410814], [129.2493592, 35.2410538], [129.2493222, 35.2410198], [129.2493099, 35.2409808], [129.2492898, 35.2409204], [129.249276, 35.2408751], [129.249239, 35.240855], [129.249182, 35.2408537], [129.2491111, 35.2408273], [129.2490911, 35.2408021], [129.2490387, 35.2407845], [129.2490064, 35.2407719], [129.2489802, 35.2407732], [129.2489602, 35.2407832], [129.2489525, 35.2407493], [129.2489401, 35.2407191], [129.2488986, 35.2406776], [129.2488539, 35.2406398], [129.2488123, 35.2406109], [129.2487861, 35.2405832], [129.2487476, 35.2405807], [129.2486952, 35.2405656], [129.2486675, 35.2405782], [129.2486428, 35.2406008], [129.248629, 35.240626], [129.2486151, 35.2408134], [129.2486274, 35.2408499], [129.2486613, 35.2408789], [129.2486937, 35.240894], [129.2487507, 35.240894], [129.2487599, 35.2408789], [129.2487584, 35.2408575], [129.2487645, 35.2408487], [129.2487861, 35.2408625], [129.24884, 35.2408889], [129.2488878, 35.2409141], [129.2489309, 35.2409342], [129.2490033, 35.2409707], [129.2490495, 35.2409984], [129.249088, 35.2410412], [129.2491604, 35.2411041], [129.2492205, 35.2411154], [129.2492544, 35.241123], [129.2492483, 35.2410852], [129.2493037, 35.241094], [129.2493237, 35.2411167], [129.2493669, 35.2411406], [129.2494038, 35.2411406], [129.2494593, 35.2411368], [129.2494485, 35.2411217]]], [[[129.2468766, 35.2440644], [129.2468019, 35.2441178], [129.2468346, 35.2441521], [129.2468626, 35.2442169], [129.2469467, 35.2442474], [129.2470121, 35.2442627], [129.2471242, 35.2442589], [129.2472082, 35.2442093], [129.2472643, 35.244133], [129.2471895, 35.2440834], [129.2470541, 35.2440834], [129.2469747, 35.2440453], [129.2468766, 35.2440644]]], [[[129.262465, 35.2969374], [129.2619985, 35.2977592], [129.2621331, 35.2977893], [129.2625881, 35.2970352], [129.2627171, 35.2968591], [129.2626774, 35.2965734], [129.2625272, 35.29631], [129.2624174, 35.296365], [129.2625531, 35.2966389], [129.2625676, 35.2968152], [129.262465, 35.2969374]]], [[[129.2614327, 35.2971492], [129.261372, 35.2971301], [129.2611478, 35.2974198], [129.2615121, 35.2975265], [129.2615681, 35.2974084], [129.2612973, 35.2973283], [129.2614327, 35.2971492]]], [[[129.2623334, 35.3003737], [129.2622879, 35.3004266], [129.2622802, 35.3004719], [129.2623422, 35.3005042], [129.2620066, 35.3016128], [129.2619375, 35.3016081], [129.2619092, 35.3017031], [129.2619462, 35.3017794], [129.2620756, 35.3017925], [129.2621231, 35.3017218], [129.2625312, 35.3004956], [129.2625338, 35.3004231], [129.26248, 35.3003699], [129.2623971, 35.3003548], [129.2623334, 35.3003737]]]]}}]}