{"type":"FeatureCollection","properties":{"source":"OpenStreetMap contributors","crs":"EPSG:4326","grid_size_m":1000,"coastal_belt_m":5000,"include_islands":true},"features":[{"type":"Feature","properties":{"chance":60,"depth_m":43.6,"coastal_limit_km":5},"geometry":{"type":"Polygon","coordinates":[[[128.66110586687273,34.96534034812434],[128.66104906336497,34.96131407807313],[128.6594026163601,34.96431651512451],[128.65898908124527,34.965360569718996],[128.66110586687273,34.96534034812434]]]}},{"type":"Feature","properties":{"chance":58,"depth_m":44.6,"coastal_limit_km":5},"geometry":{"type":"Polygon","coordinates":[[[128.66123310236614,34.97435597727268],[128.66110586687273,34.96534034812434],[128.65898908124527,34.965360569718996],[128.65755531876533,34.96898018932238],[128.65750903222929,34.9691229711392],[128.65638846627044,34.97340466717313],[128.65624829810514,34.97440354874013],[128.66123310236614,34.97435597727268]]]}},{"type":"Feature","properties":{"chance":61,"depth_m":45.0,"coastal_limit_km":5},"geometry":{"type":"Polygon","coordinates":[[[128.66136039437654,34.98337159260502],[128.66123310236614,34.97435597727268],[128.65624829810514,34.97440354874013],[128.65577789017607,34.97775565946489],[128.6556831478767,34.98213488356635],[128.65580781619255,34.98342458137678],[128.66136039437654,34.98337159260502]]]}},{"type":"Feature","properties":{"chance":50,"depth_m":44.8,"coastal_limit_km":5},"geometry":{"type":"Polygon","coordinates":[[[128.66148774292876,34.99238719411966],[128.66136039437654,34.98337159260502],[128.65580781619255,34.98342458137678],[128.65610521594468,34.98650100207659],[128.65704019127807,34.99081279485018],[128.65759020418332,34.99242442358772],[128.66148774292876,34.99238719411966]]]}},{"type":"Feature","properties":{"chance":53,"depth_m":44.0,"coastal_limit_km":5},"geometry":{"type":"Polygon","coordinates":[[[128.66148774292876,34.99238719411966],[128.65759020418332,34.99242442358772],[128.6584793248912,34.995029548341776],[128.66040910160964,34.99911144040288],[128.6616103875129,35.00106598362066],[128.66148774292876,34.99238719411966]]]}},{"type":"Feature","properties":{"chance":83,"depth_m":43.5,"coastal_limit_km":5},"geometry":{"type":"Polygon","coordinates":[[[128.66212533468627,35.03746499436664],[128.66204786565467,35.03199328346532],[128.66180321875768,35.03298768057533],[128.66127262098638,35.03747315932918],[128.66212533468627,35.03746499436664]]]}},{"type":"Feature","properties":{"chance":76,"depth_m":43.6,"coastal_limit_km":5},"geometry":{"type":"Polygon","coordinates":[[[128.66225302301117,35.04648051293866],[128.66212533468627,35.03746499436664],[128.66127262098638,35.03747315932918],[128.66125847362827,35.037592749941005],[128.66129047102345,35.04221948663999],[128.66137124461238,35.042830089270225],[128.6607580614742,35.043692986628265],[128.65914804718787,35.046510221717405],[128.66225302301117,35.04648051293866]]]}},{"type":"Feature","properties":{"chance":54,"depth_m":44.7,"coastal_limit_km":5},"geometry":{"type":"Polygon","coordinates":[[[128.66238076805197,35.05549601768086],[128.66225302301117,35.04648051293866],[128.65914804718787,35.046510221717405],[128.65867098770656,35.04734494953971],[128.65698920299906,35.05113573920777],[128.65572623245268,35.05503499908238],[128.6556396278727,35.05536026540588],[128.65559843081712,35.055560823539324],[128.66238076805197,35.05549601768086]]]}},{"type":"Feature","properties":{"chance":60,"depth_m":45.6,"coastal_limit_km":5},"geometry":{"type":"Polygon","coordinates":[[[128.6625085698336,35.0645115085915],[128.66238076805197,35.05549601768086],[128.65559843081712,35.055560823539324],[128.6547594967617,35.05964477331024],[128.6543850569375,35.0639790498297],[128.65440398319552,35.06458892175832],[128.6625085698336,35.0645115085915]]]}},{"type":"Feature","properties":{"chance":55,"depth_m":45.6,"coastal_limit_km":5},"geometry":{"type":"Polygon","coordinates":[[[128.66263642838106,35.07352698566889],[128.6625085698336,35.0645115085915],[128.65440398319552,35.06458892175832],[128.65451986723266,35.06832283036901],[128.65487167623024,35.07068306285963],[128.6541733018938,35.07360782904965],[128.66263642838106,35.07352698566889]]]}},{"type":"Feature","properties":{"chance":46,"depth_m":45.9,"coastal_limit_km":5},"geometry":{"type":"Polygon","coordinates":[[[128.6627643437193,35.082542448911276],[128.66263642838106,35.07352698566889],[128.6541733018938,35.07360782904965],[128.6537269112341,35.07547719144146],[128.65369910409913,35.075640881283036],[128.65321164038414,35.08016293082132],[128.6532487859975,35.082633324536054],[128.6627643437193,35.082542448911276]]]}},{"type":"Feature","properties":{"chance":45,"depth_m":45.9,"coastal_limit_km":5},"geometry":{"type":"Polygon","coordinates":[[[128.66289231587328,35.09155789831693],[128.6627643437193,35.082542448911276],[128.6532487859975,35.082633324536054],[128.65327989990863,35.08470235122026],[128.6539032823881,35.08921310446745],[128.65454394551975,35.091637685023],[128.66289231587328,35.09155789831693]]]}},{"type":"Feature","properties":{"chance":58,"depth_m":45.3,"coastal_limit_km":5},"geometry":{"type":"Polygon","coordinates":[[[128.66302034486802,35.100573333884164],[128.66289231587328,35.09155789831693],[128.65454394551975,35.091637685023],[128.6550755551985,35.0936494358632],[128.6551290592415,35.093811960867946],[128.65726051773802,35.099008847927976],[128.6581996487249,35.100619486464744],[128.66302034486802,35.100573333884164]]]}},{"type":"Feature","properties":{"chance":80,"depth_m":43.8,"coastal_limit_km":5},"geometry":{"type":"Polygon","coordinates":[[[128.66302034486802,35.100573333884164],[128.6581996487249,35.100619486464744],[128.6601443578408,35.10395449036951],[128.66026768716344,35.104136639954135],[128.6629792215526,35.10773289767854],[128.6631245303377,35.10790681307092],[128.66302034486802,35.100573333884164]]]}},{"type":"Feature","properties":{"chance":75,"depth_m":35.1,"coastal_limit_km":5},"geometry":{"type":"Polygon","coordinates":[[[128.67128825796186,34.91114128163836],[128.67121147605502,34.90573515676536],[128.67065171219377,34.91004523537236],[128.67064787042844,34.91010823452303],[128.6706455530029,34.91114747493175],[128.67128825796186,34.91114128163836]]]}},{"type":"Feature","properties":{"chance":79,"depth_m":35.1,"coastal_limit_km":5},"geometry":{"type":"Polygon","coordinates":[[[128.67128825796186,34.91114128163836],[128.6706455530029,34.91114747493175],[128.67063815429316,34.91446637212554],[128.67113939115615,34.91880491303821],[128.6714136897789,34.91996968372402],[128.67128825796186,34.91114128163836]]]}},{"type":"Feature","properties":{"chance":77,"depth_m":37.2,"coastal_limit_km":5},"geometry":{"type":"Polygon","coordinates":[[[128.67192929304375,34.95621952852317],[128.67180960397036,34.947810492225585],[128.67142043183296,34.948493606832784],[128.67122942488504,34.94888433211745],[128.67104805717156,34.94931231042502],[128.66811899556816,34.95199516733722],[128.6649788117215,34.955499670830214],[128.6648811722407,34.95562043540561],[128.66440012770596,34.95629194952974],[128.67192929304375,34.95621952852317]]]}},{"type":"Feature","properties":{"chance":65,"depth_m":39.3,"coastal_limit_km":5},"geometry":{"type":"Polygon","coordinates":[[[128.66110586687273,34.96534034812434],[128.6720576709589,34.96523513644702],[128.67192929304375,34.95621952852317],[128.66440012770596,34.95629194952974],[128.6618542693383,34.95984563015199],[128.66104906336497,34.96131407807313],[128.66110586687273,34.96534034812434]]]}},{"type":"Feature","properties":{"chance":37,"depth_m":39.5,"coastal_limit_km":5},"geometry":{"type":"Polygon","coordinates":[[[128.66110586687273,34.96534034812434],[128.66123310236614,34.97435597727268],[128.67218610589865,34.9742507305491],[128.6720576709589,34.96523513644702],[128.66110586687273,34.96534034812434]]]}},{"type":"Feature","properties":{"chance":40,"depth_m":39.5,"coastal_limit_km":5},"geometry":{"type":"Polygon","coordinates":[[[128.66123310236614,34.97435597727268],[128.66136039437654,34.98337159260502],[128.67231459788792,34.983266310827666],[128.67218610589865,34.9742507305491],[128.66123310236614,34.97435597727268]]]}},{"type":"Feature","properties":{"chance":60,"depth_m":39.5,"coastal_limit_km":5},"geometry":{"type":"Polygon","coordinates":[[[128.66136039437654,34.98337159260502],[128.66148774292876,34.99238719411966],[128.67244314695182,34.99228187728098],[128.67231459788792,34.983266310827666],[128.66136039437654,34.98337159260502]]]}},{"type":"Feature","properties":{"chance":70,"depth_m":39.5,"coastal_limit_km":5},"geometry":{"type":"Polygon","coordinates":[[[128.67257175311536,35.001297429907304],[128.67244314695182,34.99228187728098],[128.66148774292876,34.99238719411966],[128.6616103875129,35.00106598362066],[128.66181621167675,35.00140085742147],[128.67257175311536,35.001297429907304]]]}},{"type":"Feature","properties":{"chance":71,"depth_m":38.5,"coastal_limit_km":5},"geometry":{"type":"Polygon","coordinates":[[[128.6727004164037,35.01031296870488],[128.67257175311536,35.001297429907304],[128.66181621167675,35.00140085742147],[128.66281136502587,35.0030199168805],[128.66566348663562,35.00671805643655],[128.66893857764396,35.01017092011111],[128.66914228719432,35.01034729758924],[128.6727004164037,35.01031296870488]]]}},{"type":"Feature","properties":{"chance":63,"depth_m":36.2,"coastal_limit_km":5},"geometry":{"type":"Polygon","coordinates":[[[128.67282913684178,35.019328493672006],[128.6727004164037,35.01031296870488],[128.66914228719432,35.01034729758924],[128.67167137360872,35.01253695850057],[128.67132340254628,35.01291508420825],[128.66841267497927,35.01685922711136],[128.668282489041,35.01705787770695],[128.6669448586089,35.019385221551595],[128.67282913684178,35.019328493672006]]]}},{"type":"Feature","properties":{"chance":79,"depth_m":38.4,"coastal_limit_km":5},"geometry":{"type":"Polygon","coordinates":[[[128.67295791445483,35.02834400480695],[128.67282913684178,35.019328493672006],[128.6669448586089,35.019385221551595],[128.6658097619522,35.021360064258836],[128.6657802307246,35.02141935269453],[128.66519594641878,35.022778329645305],[128.6648675295074,35.023425416289115],[128.6645935922359,35.02403580841155],[128.6641334525171,35.025249447298094],[128.66399258468005,35.02557706213052],[128.6639292574241,35.02578800925125],[128.66292349419027,35.02844059245896],[128.67295791445483,35.02834400480695]]]}},{"type":"Feature","properties":{"chance":82,"depth_m":39.5,"coastal_limit_km":5},"geometry":{"type":"Polygon","coordinates":[[[128.66212533468627,35.03746499436664],[128.67308674926792,35.037359502107925],[128.67295791445483,35.02834400480695],[128.66292349419027,35.02844059245896],[128.66291887242198,35.028452781432804],[128.66204786565467,35.03199328346532],[128.66212533468627,35.03746499436664]]]}},{"type":"Feature","properties":{"chance":71,"depth_m":39.5,"coastal_limit_km":5},"geometry":{"type":"Polygon","coordinates":[[[128.66212533468627,35.03746499436664],[128.66225302301117,35.04648051293866],[128.6732156413062,35.04637498557322],[128.67308674926792,35.037359502107925],[128.66212533468627,35.03746499436664]]]}},{"type":"Feature","properties":{"chance":46,"depth_m":39.5,"coastal_limit_km":5},"geometry":{"type":"Polygon","coordinates":[[[128.66225302301117,35.04648051293866],[128.66238076805197,35.05549601768086],[128.67334459059484,35.05539045520115],[128.6732156413062,35.04637498557322],[128.66225302301117,35.04648051293866]]]}},{"type":"Feature","properties":{"chance":36,"depth_m":39.5,"coastal_limit_km":5},"geometry":{"type":"Polygon","coordinates":[[[128.66238076805197,35.05549601768086],[128.6625085698336,35.0645115085915],[128.67347359715896,35.064405910989926],[128.67334459059484,35.05539045520115],[128.66238076805197,35.05549601768086]]]}},{"type":"Feature","properties":{"chance":56,"depth_m":39.5,"coastal_limit_km":5},"geometry":{"type":"Polygon","coordinates":[[[128.6625085698336,35.0645115085915],[128.66263642838106,35.07352698566889],[128.6736026610238,35.07342135293784],[128.67347359715896,35.064405910989926],[128.6625085698336,35.0645115085915]]]}},{"type":"Feature","properties":{"chance":71,"depth_m":39.5,"coastal_limit_km":5},"geometry":{"type":"Polygon","coordinates":[[[128.66263642838106,35.07352698566889],[128.6627643437193,35.082542448911276],[128.6737317822146,35.08243678104318],[128.6736026610238,35.07342135293784],[128.66263642838106,35.07352698566889]]]}},{"type":"Feature","properties":{"chance":73,"depth_m":39.5,"coastal_limit_km":5},"geometry":{"type":"Polygon","coordinates":[[[128.6627643437193,35.082542448911276],[128.66289231587328,35.09155789831693],[128.67386096075649,35.09145219530419],[128.6737317822146,35.08243678104318],[128.6627643437193,35.082542448911276]]]}},{"type":"Feature","properties":{"chance":63,"depth_m":39.5,"coastal_limit_km":5},"geometry":{"type":"Polygon","coordinates":[[[128.66289231587328,35.09155789831693],[128.66302034486802,35.100573333884164],[128.6739901966748,35.10046759571915],[128.67386096075649,35.09145219530419],[128.66289231587328,35.09155789831693]]]}},{"type":"Feature","properties":{"chance":74,"depth_m":39.5,"coastal_limit_km":5},"geometry":{"type":"Polygon","coordinates":[[[128.67411948999475,35.109482982286366],[128.6739901966748,35.10046759571915],[128.66302034486802,35.100573333884164],[128.6631245303377,35.10790681307092],[128.66315356454402,35.10794156306252],[128.66469687793634,35.10957388703538],[128.67411948999475,35.109482982286366]]]}},{"type":"Feature","properties":{"chance":79,"depth_m":37.0,"coastal_limit_km":5},"geometry":{"type":"Polygon","coordinates":[[[128.67411948999475,35.109482982286366],[128.66469687793634,35.10957388703538],[128.66711230656855,35.11212845126732],[128.67164231550993,35.11590426470548],[128.6718408343124,35.11605132374474],[128.6728552371821,35.11673066094166],[128.67289052581404,35.11677196088834],[128.67289207248868,35.11677425751092],[128.6742471323258,35.118379309538774],[128.67411948999475,35.109482982286366]]]}},{"type":"Feature","properties":{"chance":51,"depth_m":26.3,"coastal_limit_km":5},"geometry":{"type":"Polygon","coordinates":[[[128.68197441306228,34.89300396993903],[128.6818580271,34.884877434949395],[128.67901465372086,34.88823286576339],[128.67644862275552,34.89197592019732],[128.675861177724,34.893063265300846],[128.68197441306228,34.89300396993903]]]}},{"type":"Feature","properties":{"chance":62,"depth_m":28.5,"coastal_limit_km":5},"geometry":{"type":"Polygon","coordinates":[[[128.6821035876739,34.902019639252174],[128.68197441306228,34.89300396993903],[128.675861177724,34.893063265300846],[128.67432674816078,34.89590330845399],[128.67266837805397,34.89997933977521],[128.6726502465611,34.900032132659526],[128.67208615399366,34.90211666428799],[128.6821035876739,34.902019639252174]]]}},{"type":"Feature","properties":{"chance":84,"depth_m":29.8,"coastal_limit_km":5},"geometry":{"type":"Polygon","coordinates":[[[128.67128825796186,34.91114128163836],[128.68223281966615,34.91103529474819],[128.6821035876739,34.902019639252174],[128.67208615399366,34.90211666428799],[128.67130795889938,34.90499221574031],[128.67121147605502,34.90573515676536],[128.67128825796186,34.91114128163836]]]}},{"type":"Feature","properties":{"chance":88,"depth_m":29.8,"coastal_limit_km":5},"geometry":{"type":"Polygon","coordinates":[[[128.68236210906412,34.92005093642532],[128.68223281966615,34.91103529474819],[128.67128825796186,34.91114128163836],[128.6714136897789,34.91996968372402],[128.671457699146,34.92015655999762],[128.68236210906412,34.92005093642532]]]}},{"type":"Feature","properties":{"chance":80,"depth_m":29.0,"coastal_limit_km":5},"geometry":{"type":"Polygon","coordinates":[[[128.68249145589294,34.92906656428181],[128.68236210906412,34.92005093642532],[128.671457699146,34.92015655999762],[128.67214697564665,34.923083303284294],[128.67365156553976,34.927261545030355],[128.67457756551076,34.92914333535514],[128.68249145589294,34.92906656428181]]]}},{"type":"Feature","properties":{"chance":64,"depth_m":27.1,"coastal_limit_km":5},"geometry":{"type":"Polygon","coordinates":[[[128.6826208601778,34.938082178315916],[128.68249145589294,34.92906656428181],[128.67457756551076,34.92914333535514],[128.67563916629018,34.93130057089862],[128.67809125932212,34.935162609789614],[128.67814223359315,34.93523422989192],[128.67961898908422,34.93710255944929],[128.67865481568975,34.93812072520601],[128.6826208601778,34.938082178315916]]]}},{"type":"Feature","properties":{"chance":66,"depth_m":27.8,"coastal_limit_km":5},"geometry":{"type":"Polygon","coordinates":[[[128.68275032194387,34.94709777852589],[128.6826208601778,34.938082178315916],[128.67865481568975,34.93812072520601],[128.6772230512804,34.93963260670707],[128.67402056836343,34.94392934864577],[128.6721571291497,34.947200470205985],[128.68275032194387,34.94709777852589]]]}},{"type":"Feature","properties":{"chance":69,"depth_m":29.8,"coastal_limit_km":5},"geometry":{"type":"Polygon","coordinates":[[[128.67192929304375,34.95621952852317],[128.6828798412164,34.95611336490997],[128.68275032194387,34.94709777852589],[128.6721571291497,34.947200470205985],[128.67180960397036,34.947810492225585],[128.67192929304375,34.95621952852317]]]}},{"type":"Feature","properties":{"chance":55,"depth_m":29.8,"coastal_limit_km":5},"geometry":{"type":"Polygon","coordinates":[[[128.67192929304375,34.95621952852317],[128.6720576709589,34.96523513644702],[128.68300941802056,34.965128937466424],[128.6828798412164,34.95611336490997],[128.67192929304375,34.95621952852317]]]}},{"type":"Feature","properties":{"chance":47,"depth_m":29.8,"coastal_limit_km":5},"geometry":{"type":"Polygon","coordinates":[[[128.6720576709589,34.96523513644702],[128.67218610589865,34.9742507305491],[128.68313905238156,34.97414449619347],[128.68300941802056,34.965128937466424],[128.6720576709589,34.96523513644702]]]}},{"type":"Feature","properties":{"chance":51,"depth_m":29.8,"coastal_limit_km":5},"geometry":{"type":"Polygon","coordinates":[[[128.67218610589865,34.9742507305491],[128.67231459788792,34.983266310827666],[128.68326874432472,34.983160041089405],[128.68313905238156,34.97414449619347],[128.67218610589865,34.9742507305491]]]}},{"type":"Feature","properties":{"chance":76,"depth_m":29.8,"coastal_limit_km":5},"geometry":{"type":"Polygon","coordinates":[[[128.67231459788792,34.983266310827666],[128.67244314695182,34.99228187728098],[128.68339849387522,34.99217557215247],[128.68326874432472,34.983160041089405],[128.67231459788792,34.983266310827666]]]}},{"type":"Feature","properties":{"chance":89,"depth_m":29.8,"coastal_limit_km":5},"geometry":{"type":"Polygon","coordinates":[[[128.67244314695182,34.99228187728098],[128.67257175311536,35.001297429907304],[128.68352830105846,35.00119108938092],[128.68339849387522,34.99217557215247],[128.67244314695182,34.99228187728098]]]}},{"type":"Feature","properties":{"chance":86,"depth_m":29.8,"coastal_limit_km":5},"geometry":{"type":"Polygon","coordinates":[[[128.67257175311536,35.001297429907304],[128.6727004164037,35.01031296870488],[128.68365816589963,35.010206592772995],[128.68352830105846,35.00119108938092],[128.67257175311536,35.001297429907304]]]}},{"type":"Feature","properties":{"chance":69,"depth_m":29.8,"coastal_limit_km":5},"geometry":{"type":"Polygon","coordinates":[[[128.6727004164037,35.01031296870488],[128.67282913684178,35.019328493672006],[128.68378808842414,35.019222082326976],[128.68365816589963,35.010206592772995],[128.6727004164037,35.01031296870488]]]}},{"type":"Feature","properties":{"chance":65,"depth_m":29.8,"coastal_limit_km":5},"geometry":{"type":"Polygon","coordinates":[[[128.67282913684178,35.019328493672006],[128.67295791445483,35.02834400480695],[128.68391806865728,35.028237558041134],[128.68378808842414,35.019222082326976],[128.67282913684178,35.019328493672006]]]}},{"type":"Feature","properties":{"chance":68,"depth_m":29.8,"coastal_limit_km":5},"geometry":{"type":"Polygon","coordinates":[[[128.67295791445483,35.02834400480695],[128.67308674926792,35.037359502107925],[128.6840481066244,35.037253019913685],[128.68391806865728,35.028237558041134],[128.67295791445483,35.02834400480695]]]}},{"type":"Feature","properties":{"chance":59,"depth_m":29.8,"coastal_limit_km":5},"geometry":{"type":"Polygon","coordinates":[[[128.67308674926792,35.037359502107925],[128.6732156413062,35.04637498557322],[128.6841782023509,35.046268467942944],[128.6840481066244,35.037253019913685],[128.67308674926792,35.037359502107925]]]}},{"type":"Feature","properties":{"chance":51,"depth_m":29.8,"coastal_limit_km":5},"geometry":{"type":"Polygon","coordinates":[[[128.6732156413062,35.04637498557322],[128.67334459059484,35.05539045520115],[128.68430835586216,35.055283902127144],[128.6841782023509,35.046268467942944],[128.6732156413062,35.04637498557322]]]}},{"type":"Feature","properties":{"chance":48,"depth_m":29.8,"coastal_limit_km":5},"geometry":{"type":"Polygon","coordinates":[[[128.67334459059484,35.05539045520115],[128.67347359715896,35.064405910989926],[128.6844385671836,35.06429932246456],[128.68430835586216,35.055283902127144],[128.67334459059484,35.05539045520115]]]}},{"type":"Feature","properties":{"chance":69,"depth_m":29.8,"coastal_limit_km":5},"geometry":{"type":"Polygon","coordinates":[[[128.67347359715896,35.064405910989926],[128.6736026610238,35.07342135293784],[128.68456883634065,35.073314728953456],[128.6844385671836,35.06429932246456],[128.67347359715896,35.064405910989926]]]}},{"type":"Feature","properties":{"chance":87,"depth_m":29.8,"coastal_limit_km":5},"geometry":{"type":"Polygon","coordinates":[[[128.6736026610238,35.07342135293784],[128.6737317822146,35.08243678104318],[128.68469916335874,35.0823301215921],[128.68456883634065,35.073314728953456],[128.6736026610238,35.07342135293784]]]}},{"type":"Feature","properties":{"chance":89,"depth_m":29.8,"coastal_limit_km":5},"geometry":{"type":"Polygon","coordinates":[[[128.6737317822146,35.08243678104318],[128.67386096075649,35.09145219530419],[128.68482954826334,35.09134550037876],[128.68469916335874,35.0823301215921],[128.6737317822146,35.08243678104318]]]}},{"type":"Feature","properties":{"chance":76,"depth_m":29.8,"coastal_limit_km":5},"geometry":{"type":"Polygon","coordinates":[[[128.67386096075649,35.09145219530419],[128.6739901966748,35.10046759571915],[128.68495999107992,35.10036086531171],[128.68482954826334,35.09134550037876],[128.67386096075649,35.09145219530419]]]}},{"type":"Feature","properties":{"chance":59,"depth_m":29.8,"coastal_limit_km":5},"geometry":{"type":"Polygon","coordinates":[[[128.6739901966748,35.10046759571915],[128.67411948999475,35.109482982286366],[128.685090491834,35.10937621638921],[128.68495999107992,35.10036086531171],[128.6739901966748,35.10046759571915]]]}},{"type":"Feature","properties":{"chance":64,"depth_m":29.8,"coastal_limit_km":5},"geometry":{"type":"Polygon","coordinates":[[[128.68522105055104,35.118391553609534],[128.685090491834,35.10937621638921],[128.67411948999475,35.109482982286366],[128.6742471323258,35.118379309538774],[128.6743468371402,35.11849740552265],[128.68522105055104,35.118391553609534]]]}},{"type":"Feature","properties":{"chance":56,"depth_m":27.8,"coastal_limit_km":5},"geometry":{"type":"Polygon","coordinates":[[[128.68535166725664,35.12740687697097],[128.68522105055104,35.118391553609534],[128.6743468371402,35.11849740552265],[128.67583451462875,35.12025944277957],[128.67662063002166,35.121281276406876],[128.67972659723955,35.12459330068412],[128.68293917865822,35.12743045011844],[128.68535166725664,35.12740687697097]]]}},{"type":"Feature","properties":{"chance":64,"depth_m":24.6,"coastal_limit_km":5},"geometry":{"type":"Polygon","coordinates":[[[128.68535166725664,35.12740687697097],[128.68293917865822,35.12743045011844],[128.6831929460797,35.12765454923532],[128.68332185060342,35.12775828947782],[128.68537856756112,35.12926306984096],[128.68535166725664,35.12740687697097]]]}},{"type":"Feature","properties":{"chance":80,"depth_m":14.8,"coastal_limit_km":5},"geometry":{"type":"Polygon","coordinates":[[[128.69278621467194,34.88388142153242],[128.69267345791565,34.87607708369181],[128.68963571730103,34.87804691659775],[128.68955592397876,34.87810399318839],[128.68539076618598,34.8814174242919],[128.68533436185817,34.881467306020824],[128.6827473320378,34.883979513436365],[128.69278621467194,34.88388142153242]]]}},{"type":"Feature","properties":{"chance":75,"depth_m":18.0,"coastal_limit_km":5},"geometry":{"type":"Polygon","coordinates":[[[128.68197441306228,34.89300396993903],[128.6929165265418,34.89289706902613],[128.69278621467194,34.88388142153242],[128.6827473320378,34.883979513436365],[128.6820467769865,34.88465977163226],[128.6820014657181,34.88470815590376],[128.6818580271,34.884877434949395],[128.68197441306228,34.89300396993903]]]}},{"type":"Feature","properties":{"chance":66,"depth_m":18.0,"coastal_limit_km":5},"geometry":{"type":"Polygon","coordinates":[[[128.68197441306228,34.89300396993903],[128.6821035876739,34.902019639252174],[128.69304689629763,34.901912702696805],[128.6929165265418,34.89289706902613],[128.68197441306228,34.89300396993903]]]}},{"type":"Feature","properties":{"chance":84,"depth_m":18.0,"coastal_limit_km":5},"geometry":{"type":"Polygon","coordinates":[[[128.6821035876739,34.902019639252174],[128.68223281966615,34.91103529474819],[128.6931773239647,34.91092832254271],[128.69304689629763,34.901912702696805],[128.6821035876739,34.902019639252174]]]}},{"type":"Feature","properties":{"chance":92,"depth_m":18.0,"coastal_limit_km":5},"geometry":{"type":"Polygon","coordinates":[[[128.68223281966615,34.91103529474819],[128.68236210906412,34.92005093642532],[128.69330780956844,34.919943928562084],[128.6931773239647,34.91092832254271],[128.68223281966615,34.91103529474819]]]}},{"type":"Feature","properties":{"chance":84,"depth_m":18.0,"coastal_limit_km":5},"geometry":{"type":"Polygon","coordinates":[[[128.68236210906412,34.92005093642532],[128.68249145589294,34.92906656428181],[128.69343835313416,34.928959520753146],[128.69330780956844,34.919943928562084],[128.68236210906412,34.92005093642532]]]}},{"type":"Feature","properties":{"chance":63,"depth_m":18.0,"coastal_limit_km":5},"geometry":{"type":"Polygon","coordinates":[[[128.68249145589294,34.92906656428181],[128.6826208601778,34.938082178315916],[128.69356895468727,34.93797509911416],[128.69343835313416,34.928959520753146],[128.68249145589294,34.92906656428181]]]}},{"type":"Feature","properties":{"chance":44,"depth_m":18.0,"coastal_limit_km":5},"geometry":{"type":"Polygon","coordinates":[[[128.6826208601778,34.938082178315916],[128.68275032194387,34.94709777852589],[128.69369961425323,34.94699066364337],[128.69356895468727,34.93797509911416],[128.6826208601778,34.938082178315916]]]}},{"type":"Feature","properties":{"chance":54,"depth_m":18.0,"coastal_limit_km":5},"geometry":{"type":"Polygon","coordinates":[[[128.68275032194387,34.94709777852589],[128.6828798412164,34.95611336490997],[128.6938303318574,34.95600621433901],[128.69369961425323,34.94699066364337],[128.68275032194387,34.94709777852589]]]}},{"type":"Feature","properties":{"chance":73,"depth_m":18.0,"coastal_limit_km":5},"geometry":{"type":"Polygon","coordinates":[[[128.6828798412164,34.95611336490997],[128.68300941802056,34.965128937466424],[128.69396110752533,34.96502175119935],[128.6938303318574,34.95600621433901],[128.6828798412164,34.95611336490997]]]}},{"type":"Feature","properties":{"chance":79,"depth_m":18.0,"coastal_limit_km":5},"geometry":{"type":"Polygon","coordinates":[[[128.68300941802056,34.965128937466424],[128.68313905238156,34.97414449619347],[128.69409194128238,34.97403727422263],[128.69396110752533,34.96502175119935],[128.68300941802056,34.965128937466424]]]}},{"type":"Feature","properties":{"chance":72,"depth_m":18.0,"coastal_limit_km":5},"geometry":{"type":"Polygon","coordinates":[[[128.68313905238156,34.97414449619347],[128.68326874432472,34.983160041089405],[128.6942228331541,34.983052783407075],[128.69409194128238,34.97403727422263],[128.68313905238156,34.97414449619347]]]}},{"type":"Feature","properties":{"chance":78,"depth_m":18.0,"coastal_limit_km":5},"geometry":{"type":"Polygon","coordinates":[[[128.68326874432472,34.983160041089405],[128.68339849387522,34.99217557215247],[128.69435378316595,34.99206827875096],[128.6942228331541,34.983052783407075],[128.68326874432472,34.983160041089405]]]}},{"type":"Feature","properties":{"chance":89,"depth_m":18.0,"coastal_limit_km":5},"geometry":{"type":"Polygon","coordinates":[[[128.68339849387522,34.99217557215247],[128.68352830105846,35.00119108938092],[128.6944847913435,35.001083760252556],[128.69435378316595,34.99206827875096],[128.68339849387522,34.99217557215247]]]}},{"type":"Feature","properties":{"chance":87,"depth_m":18.0,"coastal_limit_km":5},"geometry":{"type":"Polygon","coordinates":[[[128.68352830105846,35.00119108938092],[128.68365816589963,35.010206592772995],[128.69461585771228,35.01009922791006],[128.6944847913435,35.001083760252556],[128.68352830105846,35.00119108938092]]]}},{"type":"Feature","properties":{"chance":70,"depth_m":18.0,"coastal_limit_km":5},"geometry":{"type":"Polygon","coordinates":[[[128.68365816589963,35.010206592772995],[128.68378808842414,35.019222082326976],[128.6947469822978,35.019114681721774],[128.69461585771228,35.01009922791006],[128.68365816589963,35.010206592772995]]]}},{"type":"Feature","properties":{"chance":43,"depth_m":18.0,"coastal_limit_km":5},"geometry":{"type":"Polygon","coordinates":[[[128.68378808842414,35.019222082326976],[128.68391806865728,35.028237558041134],[128.6948781651257,35.02813012168595],[128.6947469822978,35.019114681721774],[128.68378808842414,35.019222082326976]]]}},{"type":"Feature","properties":{"chance":47,"depth_m":18.0,"coastal_limit_km":5},"geometry":{"type":"Polygon","coordinates":[[[128.68391806865728,35.028237558041134],[128.6840481066244,35.037253019913685],[128.6950094062215,35.037145547800826],[128.6948781651257,35.02813012168595],[128.68391806865728,35.028237558041134]]]}},{"type":"Feature","properties":{"chance":70,"depth_m":18.0,"coastal_limit_km":5},"geometry":{"type":"Polygon","coordinates":[[[128.6840481066244,35.037253019913685],[128.6841782023509,35.046268467942944],[128.6951407056108,35.04616096006468],[128.6950094062215,35.037145547800826],[128.6840481066244,35.037253019913685]]]}},{"type":"Feature","properties":{"chance":81,"depth_m":18.0,"coastal_limit_km":5},"geometry":{"type":"Polygon","coordinates":[[[128.6841782023509,35.046268467942944],[128.68430835586216,35.055283902127144],[128.69527206331935,35.055176358475755],[128.6951407056108,35.04616096006468],[128.6841782023509,35.046268467942944]]]}},{"type":"Feature","properties":{"chance":78,"depth_m":18.0,"coastal_limit_km":5},"geometry":{"type":"Polygon","coordinates":[[[128.68430835586216,35.055283902127144],[128.6844385671836,35.06429932246456],[128.69540347937266,35.064191743032325],[128.69527206331935,35.055176358475755],[128.68430835586216,35.055283902127144]]]}},{"type":"Feature","properties":{"chance":70,"depth_m":18.0,"coastal_limit_km":5},"geometry":{"type":"Polygon","coordinates":[[[128.6844385671836,35.06429932246456],[128.68456883634065,35.073314728953456],[128.69553495379645,35.073207113732636],[128.69540347937266,35.064191743032325],[128.6844385671836,35.06429932246456]]]}},{"type":"Feature","properties":{"chance":85,"depth_m":18.0,"coastal_limit_km":5},"geometry":{"type":"Polygon","coordinates":[[[128.68456883634065,35.073314728953456],[128.68469916335874,35.0823301215921],[128.6956664866164,35.08222247057497],[128.69553495379645,35.073207113732636],[128.68456883634065,35.073314728953456]]]}},{"type":"Feature","properties":{"chance":88,"depth_m":18.0,"coastal_limit_km":5},"geometry":{"type":"Polygon","coordinates":[[[128.68469916335874,35.0823301215921],[128.68482954826334,35.09134550037876],[128.6957980778582,35.09123781355758],[128.6956664866164,35.08222247057497],[128.68469916335874,35.0823301215921]]]}},{"type":"Feature","properties":{"chance":76,"depth_m":18.0,"coastal_limit_km":5},"geometry":{"type":"Polygon","coordinates":[[[128.68482954826334,35.09134550037876],[128.68495999107992,35.10036086531171],[128.69592972754756,35.10025314267874],[128.6957980778582,35.09123781355758],[128.68482954826334,35.09134550037876]]]}},{"type":"Feature","properties":{"chance":51,"depth_m":18.0,"coastal_limit_km":5},"geometry":{"type":"Polygon","coordinates":[[[128.68495999107992,35.10036086531171],[128.685090491834,35.10937621638921],[128.69606143571022,35.10926845793671],[128.69592972754756,35.10025314267874],[128.68495999107992,35.10036086531171]]]}},{"type":"Feature","properties":{"chance":39,"depth_m":18.0,"coastal_limit_km":5},"geometry":{"type":"Polygon","coordinates":[[[128.685090491834,35.10937621638921],[128.68522105055104,35.118391553609534],[128.69619320237192,35.11828375932974],[128.69606143571022,35.10926845793671],[128.685090491834,35.10937621638921]]]}},{"type":"Feature","properties":{"chance":66,"depth_m":18.0,"coastal_limit_km":5},"geometry":{"type":"Polygon","coordinates":[[[128.68522105055104,35.118391553609534],[128.68535166725664,35.12740687697097],[128.69632502755846,35.12729904685613],[128.69619320237192,35.11828375932974],[128.68522105055104,35.118391553609534]]]}},{"type":"Feature","properties":{"chance":85,"depth_m":15.8,"coastal_limit_km":5},"geometry":{"type":"Polygon","coordinates":[[[128.69632502755846,35.12729904685613],[128.68535166725664,35.12740687697097],[128.68537856756112,35.12926306984096],[128.6872130071493,35.13060514513853],[128.691415560977,35.13313580775725],[128.69589159339228,35.135327429340926],[128.69644562648548,35.135543073589204],[128.69632502755846,35.12729904685613]]]}},{"type":"Feature","properties":{"chance":79,"depth_m":15.2,"coastal_limit_km":5},"geometry":{"type":"Polygon","coordinates":[[[128.70359562760956,34.87475794658083],[128.70353826582496,34.87082241571778],[128.7029584268678,34.871012683892324],[128.70290094893303,34.87103417287087],[128.69821254331856,34.87301656391448],[128.69475362472824,34.87484516341409],[128.70359562760956,34.87475794658083]]]}},{"type":"Feature","properties":{"chance":92,"depth_m":10.6,"coastal_limit_km":5},"geometry":{"type":"Polygon","coordinates":[[[128.69278621467194,34.88388142153242],[128.7037270756771,34.883773571940566],[128.70359562760956,34.87475794658083],[128.69475362472824,34.87484516341409],[128.6937770896099,34.875361388436225],[128.69267345791565,34.87607708369181],[128.69278621467194,34.88388142153242]]]}},{"type":"Feature","properties":{"chance":94,"depth_m":10.6,"coastal_limit_km":5},"geometry":{"type":"Polygon","coordinates":[[[128.69278621467194,34.88388142153242],[128.6929165265418,34.89289706902613],[128.70385858213544,34.89278918347133],[128.7037270756771,34.883773571940566],[128.69278621467194,34.88388142153242]]]}},{"type":"Feature","properties":{"chance":82,"depth_m":10.6,"coastal_limit_km":5},"geometry":{"type":"Polygon","coordinates":[[[128.6929165265418,34.89289706902613],[128.69304689629763,34.901912702696805],[128.7039901470101,34.90180478117136],[128.70385858213544,34.89278918347133],[128.6929165265418,34.89289706902613]]]}},{"type":"Feature","properties":{"chance":70,"depth_m":10.6,"coastal_limit_km":5},"geometry":{"type":"Polygon","coordinates":[[[128.69304689629763,34.901912702696805],[128.6931773239647,34.91092832254271],[128.70412177032668,34.91082036503887],[128.7039901470101,34.90180478117136],[128.69304689629763,34.901912702696805]]]}},{"type":"Feature","properties":{"chance":76,"depth_m":10.6,"coastal_limit_km":5},"geometry":{"type":"Polygon","coordinates":[[[128.6931773239647,34.91092832254271],[128.69330780956844,34.919943928562084],[128.70425345211078,34.91983593507212],[128.70412177032668,34.91082036503887],[128.6931773239647,34.91092832254271]]]}},{"type":"Feature","properties":{"chance":71,"depth_m":10.6,"coastal_limit_km":5},"geometry":{"type":"Polygon","coordinates":[[[128.69330780956844,34.919943928562084],[128.69343835313416,34.928959520753146],[128.70438519238797,34.928851491269356],[128.70425345211078,34.91983593507212],[128.69330780956844,34.919943928562084]]]}},{"type":"Feature","properties":{"chance":54,"depth_m":10.6,"coastal_limit_km":5},"geometry":{"type":"Polygon","coordinates":[[[128.69343835313416,34.928959520753146],[128.69356895468727,34.93797509911416],[128.70451699118394,34.93786703362879],[128.70438519238797,34.928851491269356],[128.69343835313416,34.928959520753146]]]}},{"type":"Feature","properties":{"chance":53,"depth_m":10.6,"coastal_limit_km":5},"geometry":{"type":"Polygon","coordinates":[[[128.69356895468727,34.93797509911416],[128.69369961425323,34.94699066364337],[128.7046488485243,34.946882562148694],[128.70451699118394,34.93786703362879],[128.69356895468727,34.93797509911416]]]}},{"type":"Feature","properties":{"chance":67,"depth_m":10.6,"coastal_limit_km":5},"geometry":{"type":"Polygon","coordinates":[[[128.69369961425323,34.94699066364337],[128.6938303318574,34.95600621433901],[128.70478076443476,34.95589807682727],[128.7046488485243,34.946882562148694],[128.69369961425323,34.94699066364337]]]}},{"type":"Feature","properties":{"chance":88,"depth_m":10.6,"coastal_limit_km":5},"geometry":{"type":"Polygon","coordinates":[[[128.6938303318574,34.95600621433901],[128.69396110752533,34.96502175119935],[128.70491273894092,34.9649135776628],[128.70478076443476,34.95589807682727],[128.6938303318574,34.95600621433901]]]}},{"type":"Feature","properties":{"chance":96,"depth_m":10.6,"coastal_limit_km":5},"geometry":{"type":"Polygon","coordinates":[[[128.69396110752533,34.96502175119935],[128.69409194128238,34.97403727422263],[128.70504477206853,34.973929064653504],[128.70491273894092,34.9649135776628],[128.69396110752533,34.96502175119935]]]}},{"type":"Feature","properties":{"chance":88,"depth_m":10.6,"coastal_limit_km":5},"geometry":{"type":"Polygon","coordinates":[[[128.69409194128238,34.97403727422263],[128.6942228331541,34.983052783407075],[128.70517686384332,34.98294453779764],[128.70504477206853,34.973929064653504],[128.69409194128238,34.97403727422263]]]}},{"type":"Feature","properties":{"chance":68,"depth_m":10.6,"coastal_limit_km":5},"geometry":{"type":"Polygon","coordinates":[[[128.6942228331541,34.983052783407075],[128.69435378316595,34.99206827875096],[128.70530901429103,34.99195999709345],[128.70517686384332,34.98294453779764],[128.6942228331541,34.983052783407075]]]}},{"type":"Feature","properties":{"chance":72,"depth_m":10.6,"coastal_limit_km":5},"geometry":{"type":"Polygon","coordinates":[[[128.69435378316595,34.99206827875096],[128.6944847913435,35.001083760252556],[128.70544122343736,35.000975442539186],[128.70530901429103,34.99195999709345],[128.69435378316595,34.99206827875096]]]}},{"type":"Feature","properties":{"chance":71,"depth_m":10.6,"coastal_limit_km":5},"geometry":{"type":"Polygon","coordinates":[[[128.6944847913435,35.001083760252556],[128.69461585771228,35.01009922791006],[128.70557349130814,35.009990874133095],[128.70544122343736,35.000975442539186],[128.6944847913435,35.001083760252556]]]}},{"type":"Feature","properties":{"chance":58,"depth_m":10.6,"coastal_limit_km":5},"geometry":{"type":"Polygon","coordinates":[[[128.69461585771228,35.01009922791006],[128.6947469822978,35.019114681721774],[128.70570581792916,35.019006291873424],[128.70557349130814,35.009990874133095],[128.69461585771228,35.01009922791006]]]}},{"type":"Feature","properties":{"chance":59,"depth_m":10.6,"coastal_limit_km":5},"geometry":{"type":"Polygon","coordinates":[[[128.6947469822978,35.019114681721774],[128.6948781651257,35.02813012168595],[128.70583820332615,35.02802169575843],[128.70570581792916,35.019006291873424],[128.6947469822978,35.019114681721774]]]}},{"type":"Feature","properties":{"chance":58,"depth_m":10.6,"coastal_limit_km":5},"geometry":{"type":"Polygon","coordinates":[[[128.6948781651257,35.02813012168595],[128.6950094062215,35.037145547800826],[128.70597064752502,35.03703708578636],[128.70583820332615,35.02802169575843],[128.6948781651257,35.02813012168595]]]}},{"type":"Feature","properties":{"chance":83,"depth_m":10.6,"coastal_limit_km":5},"geometry":{"type":"Polygon","coordinates":[[[128.6950094062215,35.037145547800826],[128.6951407056108,35.04616096006468],[128.7061031505516,35.046052461955476],[128.70597064752502,35.03703708578636],[128.6950094062215,35.037145547800826]]]}},{"type":"Feature","properties":{"chance":95,"depth_m":10.6,"coastal_limit_km":5},"geometry":{"type":"Polygon","coordinates":[[[128.6951407056108,35.04616096006468],[128.69527206331935,35.055176358475755],[128.70623571243172,35.05506782426402],[128.7061031505516,35.046052461955476],[128.6951407056108,35.04616096006468]]]}},{"type":"Feature","properties":{"chance":93,"depth_m":10.6,"coastal_limit_km":5},"geometry":{"type":"Polygon","coordinates":[[[128.69527206331935,35.055176358475755],[128.69540347937266,35.064191743032325],[128.70636833319125,35.064083172710255],[128.70623571243172,35.05506782426402],[128.69527206331935,35.055176358475755]]]}},{"type":"Feature","properties":{"chance":76,"depth_m":10.6,"coastal_limit_km":5},"geometry":{"type":"Polygon","coordinates":[[[128.69540347937266,35.064191743032325],[128.69553495379645,35.073207113732636],[128.70650101285614,35.07309850729245],[128.70636833319125,35.064083172710255],[128.69540347937266,35.064191743032325]]]}},{"type":"Feature","properties":{"chance":66,"depth_m":10.6,"coastal_limit_km":5},"geometry":{"type":"Polygon","coordinates":[[[128.69553495379645,35.073207113732636],[128.6956664866164,35.08222247057497],[128.70663375145222,35.082113828008865],[128.70650101285614,35.07309850729245],[128.69553495379645,35.073207113732636]]]}},{"type":"Feature","properties":{"chance":69,"depth_m":10.6,"coastal_limit_km":5},"geometry":{"type":"Polygon","coordinates":[[[128.6956664866164,35.08222247057497],[128.6957980778582,35.09123781355758],[128.70676654900552,35.09112913485773],[128.70663375145222,35.082113828008865],[128.6956664866164,35.08222247057497]]]}},{"type":"Feature","properties":{"chance":61,"depth_m":10.6,"coastal_limit_km":5},"geometry":{"type":"Polygon","coordinates":[[[128.6957980778582,35.09123781355758],[128.69592972754756,35.10025314267874],[128.7068994055419,35.100144427837336],[128.70676654900552,35.09112913485773],[128.6957980778582,35.09123781355758]]]}},{"type":"Feature","properties":{"chance":63,"depth_m":10.6,"coastal_limit_km":5},"geometry":{"type":"Polygon","coordinates":[[[128.69592972754756,35.10025314267874],[128.69606143571022,35.10926845793671],[128.7070323210874,35.10915970694593],[128.7068994055419,35.100144427837336],[128.69592972754756,35.10025314267874]]]}},{"type":"Feature","properties":{"chance":60,"depth_m":10.6,"coastal_limit_km":5},"geometry":{"type":"Polygon","coordinates":[[[128.69606143571022,35.10926845793671],[128.69619320237192,35.11828375932974],[128.707165295668,35.11817497218178],[128.7070323210874,35.10915970694593],[128.69606143571022,35.10926845793671]]]}},{"type":"Feature","properties":{"chance":76,"depth_m":10.6,"coastal_limit_km":5},"geometry":{"type":"Polygon","coordinates":[[[128.69619320237192,35.11828375932974],[128.69632502755846,35.12729904685613],[128.70729832930965,35.127190223543145],[128.707165295668,35.11817497218178],[128.69619320237192,35.11828375932974]]]}},{"type":"Feature","properties":{"chance":93,"depth_m":10.6,"coastal_limit_km":5},"geometry":{"type":"Polygon","coordinates":[[[128.7074314220384,35.13620546102831],[128.70729832930965,35.127190223543145],[128.69632502755846,35.12729904685613],[128.69644562648548,35.135543073589204],[128.69837840424626,35.13629533243524],[128.7074314220384,35.13620546102831]]]}},{"type":"Feature","properties":{"chance":95,"depth_m":14.4,"coastal_limit_km":5},"geometry":{"type":"Polygon","coordinates":[[[128.7074314220384,35.13620546102831],[128.69837840424626,35.13629533243524],[128.70060070638604,35.13716022155775],[128.7055003882801,35.13861763513742],[128.70570008494244,35.138668359547864],[128.7074733342845,35.139043618972295],[128.7074314220384,35.13620546102831]]]}},{"type":"Feature","properties":{"chance":76,"depth_m":23.0,"coastal_limit_km":5},"geometry":{"type":"Polygon","coordinates":[[[128.70359562760956,34.87475794658083],[128.7145352361913,34.874649148975536],[128.71443704970207,34.86797289445931],[128.7126581638866,34.868256630641554],[128.7077298003411,34.86944689931459],[128.70353826582496,34.87082241571778],[128.70359562760956,34.87475794658083]]]}},{"type":"Feature","properties":{"chance":86,"depth_m":23.0,"coastal_limit_km":5},"geometry":{"type":"Polygon","coordinates":[[[128.70359562760956,34.87475794658083],[128.7037270756771,34.883773571940566],[128.71466787829152,34.88366473805199],[128.7145352361913,34.874649148975536],[128.70359562760956,34.87475794658083]]]}},{"type":"Feature","properties":{"chance":89,"depth_m":23.0,"coastal_limit_km":5},"geometry":{"type":"Polygon","coordinates":[[[128.7037270756771,34.883773571940566],[128.70385858213544,34.89278918347133],[128.7148005793127,34.89268031329169],[128.71466787829152,34.88366473805199],[128.7037270756771,34.883773571940566]]]}},{"type":"Feature","properties":{"chance":77,"depth_m":23.0,"coastal_limit_km":5},"geometry":{"type":"Polygon","coordinates":[[[128.70385858213544,34.89278918347133],[128.7039901470101,34.90180478117136],[128.71493333928063,34.90169587469286],[128.7148005793127,34.89268031329169],[128.70385858213544,34.89278918347133]]]}},{"type":"Feature","properties":{"chance":52,"depth_m":23.0,"coastal_limit_km":5},"geometry":{"type":"Polygon","coordinates":[[[128.7039901470101,34.90180478117136],[128.70412177032668,34.91082036503887],[128.7150661582211,34.910711422253726],[128.71493333928063,34.90169587469286],[128.7039901470101,34.90180478117136]]]}},{"type":"Feature","properties":{"chance":42,"depth_m":23.0,"coastal_limit_km":5},"geometry":{"type":"Polygon","coordinates":[[[128.70412177032668,34.91082036503887],[128.70425345211078,34.91983593507212],[128.71519903615996,34.91972695597254],[128.7150661582211,34.910711422253726],[128.70412177032668,34.91082036503887]]]}},{"type":"Feature","properties":{"chance":61,"depth_m":23.0,"coastal_limit_km":5},"geometry":{"type":"Polygon","coordinates":[[[128.70425345211078,34.91983593507212],[128.70438519238797,34.928851491269356],[128.71533197312303,34.928742475847514],[128.71519903615996,34.91972695597254],[128.70425345211078,34.91983593507212]]]}},{"type":"Feature","properties":{"chance":76,"depth_m":23.0,"coastal_limit_km":5},"geometry":{"type":"Polygon","coordinates":[[[128.70438519238797,34.928851491269356],[128.70451699118394,34.93786703362879],[128.7154649691362,34.937757981876906],[128.71533197312303,34.928742475847514],[128.70438519238797,34.928851491269356]]]}},{"type":"Feature","properties":{"chance":77,"depth_m":23.0,"coastal_limit_km":5},"geometry":{"type":"Polygon","coordinates":[[[128.70451699118394,34.93786703362879],[128.7046488485243,34.946882562148694],[128.71559802422533,34.94677347405895],[128.7154649691362,34.937757981876906],[128.70451699118394,34.93786703362879]]]}},{"type":"Feature","properties":{"chance":68,"depth_m":23.0,"coastal_limit_km":5},"geometry":{"type":"Polygon","coordinates":[[[128.7046488485243,34.946882562148694],[128.70478076443476,34.95589807682727],[128.71573113841632,34.95578895239185],[128.71559802422533,34.94677347405895],[128.7046488485243,34.946882562148694]]]}},{"type":"Feature","properties":{"chance":81,"depth_m":23.0,"coastal_limit_km":5},"geometry":{"type":"Polygon","coordinates":[[[128.70478076443476,34.95589807682727],[128.70491273894092,34.9649135776628],[128.7158643117351,34.96480441687388],[128.71573113841632,34.95578895239185],[128.70478076443476,34.95589807682727]]]}},{"type":"Feature","properties":{"chance":88,"depth_m":23.0,"coastal_limit_km":5},"geometry":{"type":"Polygon","coordinates":[[[128.70491273894092,34.9649135776628],[128.70504477206853,34.973929064653504],[128.71599754420754,34.973819867503266],[128.7158643117351,34.96480441687388],[128.70491273894092,34.9649135776628]]]}},{"type":"Feature","properties":{"chance":83,"depth_m":23.0,"coastal_limit_km":5},"geometry":{"type":"Polygon","coordinates":[[[128.70504477206853,34.973929064653504],[128.70517686384332,34.98294453779764],[128.7161308358597,34.982835304278254],[128.71599754420754,34.973819867503266],[128.70504477206853,34.973929064653504]],[[128.7110041,34.980889100000006],[128.7109382,34.9808686],[128.7109143,34.98078339999999],[128.710848,34.9807596],[128.7107894,34.980802],[128.7105415,34.98079310000001],[128.71043,34.9807346],[128.7104762,34.980591800000006],[128.7105738,34.98047100000001],[128.7107175,34.980492000000005],[128.7107785,34.980573500000006],[128.7108261,34.980700899999995],[128.7108946,34.9807281],[128.7109379,34.980608999999994],[128.7109968,34.9806076],[128.7110351,34.9806628],[128.7110187,34.9807633],[128.7110545,34.9808435],[128.7110041,34.980889100000006]]]}},{"type":"Feature","properties":{"chance":60,"depth_m":23.0,"coastal_limit_km":5},"geometry":{"type":"Polygon","coordinates":[[[128.70517686384332,34.98294453779764],[128.70530901429103,34.99195999709345],[128.71626418671744,34.99185072719709],[128.7161308358597,34.982835304278254],[128.70517686384332,34.98294453779764]]]}},{"type":"Feature","properties":{"chance":36,"depth_m":23.0,"coastal_limit_km":5},"geometry":{"type":"Polygon","coordinates":[[[128.70530901429103,34.99195999709345],[128.70544122343736,35.000975442539186],[128.71639759680681,35.00086613625801],[128.71626418671744,34.99185072719709],[128.70530901429103,34.99195999709345]]]}},{"type":"Feature","properties":{"chance":55,"depth_m":23.0,"coastal_limit_km":5},"geometry":{"type":"Polygon","coordinates":[[[128.70544122343736,35.000975442539186],[128.70557349130814,35.009990874133095],[128.71653106615383,35.009881531459264],[128.71639759680681,35.00086613625801],[128.70544122343736,35.000975442539186]]]}},{"type":"Feature","properties":{"chance":75,"depth_m":23.0,"coastal_limit_km":5},"geometry":{"type":"Polygon","coordinates":[[[128.70557349130814,35.009990874133095],[128.70570581792916,35.019006291873424],[128.71666459478448,35.01889691279909],[128.71653106615383,35.009881531459264],[128.70557349130814,35.009990874133095]]]}},{"type":"Feature","properties":{"chance":81,"depth_m":23.0,"coastal_limit_km":5},"geometry":{"type":"Polygon","coordinates":[[[128.70570581792916,35.019006291873424],[128.70583820332615,35.02802169575843],[128.71679818272483,35.02791228027575],[128.71666459478448,35.01889691279909],[128.70570581792916,35.019006291873424]]]}},{"type":"Feature","properties":{"chance":74,"depth_m":23.0,"coastal_limit_km":5},"geometry":{"type":"Polygon","coordinates":[[[128.70583820332615,35.02802169575843],[128.70597064752502,35.03703708578636],[128.7169318300009,35.03692763388747],[128.71679818272483,35.02791228027575],[128.70583820332615,35.02802169575843]]]}},{"type":"Feature","properties":{"chance":77,"depth_m":23.0,"coastal_limit_km":5},"geometry":{"type":"Polygon","coordinates":[[[128.7169318300009,35.03692763388747],[128.70597064752502,35.03703708578636],[128.7061031505516,35.046052461955476],[128.7170655366388,35.04594297363252],[128.71697798374527,35.04004006271532],[128.7165284,35.039866100000005],[128.7161583,35.039787],[128.7160134,35.0396377],[128.7162092,35.0392446],[128.71628700000002,35.03902720000001],[128.7164211,35.0388537],[128.7166008,35.038577000000004],[128.71695410938605,35.03843012866133],[128.7169318300009,35.03692763388747]],[[128.7166129,35.038380399999994],[128.7166424,35.0382937],[128.7166585,35.0382432],[128.7167189,35.0382245],[128.71674430000002,35.03828270000001],[128.7167363,35.03834859999999],[128.7167014,35.038400200000005],[128.71668400000001,35.0384463],[128.7166277,35.038480400000005],[128.7164989,35.0385012],[128.7165284,35.0384419],[128.7166129,35.038380399999994]]]}},{"type":"Feature","properties":{"chance":85,"depth_m":23.0,"coastal_limit_km":5},"geometry":{"type":"Polygon","coordinates":[[[128.7061031505516,35.046052461955476],[128.70623571243172,35.05506782426402],[128.71719930266462,35.05495829950916],[128.7170655366388,35.04594297363252],[128.7061031505516,35.046052461955476]]]}},{"type":"Feature","properties":{"chance":83,"depth_m":23.0,"coastal_limit_km":5},"geometry":{"type":"Polygon","coordinates":[[[128.70623571243172,35.05506782426402],[128.70636833319125,35.064083172710255],[128.71733312810449,35.0639736115156],[128.71719930266462,35.05495829950916],[128.70623571243172,35.05506782426402]]]}},{"type":"Feature","properties":{"chance":64,"depth_m":23.0,"coastal_limit_km":5},"geometry":{"type":"Polygon","coordinates":[[[128.70636833319125,35.064083172710255],[128.70650101285614,35.07309850729245],[128.7174670129845,35.07298890965013],[128.71733312810449,35.0639736115156],[128.70636833319125,35.064083172710255]],[[128.7101582,35.065847999999995],[128.7101153,35.0657273],[128.7098765,35.0656372],[128.7095305,35.0655385],[128.7093991,35.0653123],[128.7092,35.06499000000001],[128.7092864,35.064664699999994],[128.7095761,35.064359499999995],[128.7097719,35.0643244],[128.7098926,35.0644144],[128.7101045,35.0644298],[128.7103727,35.06445610000001],[128.7105927,35.0645308],[128.7106571,35.0646866],[128.7107536,35.06469760000001],[128.7108797,35.0646537],[128.7110379,35.06459],[128.7113517,35.0646076],[128.7115368,35.06459220000001],[128.7116548,35.0647042],[128.7118372,35.06475029999999],[128.71201,35.06487],[128.7120062,35.065048899999994],[128.7120464,35.0652135],[128.7118499,35.06551000000001],[128.7115878,35.065700899999996],[128.7115797,35.0658019],[128.7111479,35.065975300000005],[128.71076,35.0661499],[128.71044,35.0661499],[128.7101796,35.065995099999995],[128.7101582,35.065847999999995]]]}},{"type":"Feature","properties":{"chance":42,"depth_m":21.2,"coastal_limit_km":5},"geometry":{"type":"MultiPolygon","coordinates":[[[[128.71760095733086,35.08200419391099],[128.7174670129845,35.07298890965013],[128.70650101285614,35.07309850729245],[128.70663375145222,35.082113828008865],[128.7081153161791,35.082099075449584],[128.708066,35.0820263],[128.7080124,35.08186380000001],[128.7080401,35.0817001],[128.7083557,35.081187799999995],[128.7089646,35.0809244],[128.709662,35.0807949],[128.7106061,35.0805754],[128.7114269,35.0805534],[128.7120652,35.0804876],[128.7124085,35.0803537],[128.7129208,35.080206600000004],[128.7130684,35.0801759],[128.7132293,35.0801913],[128.7137845,35.0802988],[128.7140903,35.0803669],[128.714321,35.080557799999994],[128.7144738,35.0806939],[128.7142999,35.080939900000004],[128.7139991,35.0811044],[128.7138006,35.0814051],[128.7134895,35.0816904],[128.7131113,35.081877],[128.71279205682958,35.082052388407874],[128.71760095733086,35.08200419391099]],[[128.7146214,35.0768856],[128.7145865,35.07669020000001],[128.71447,35.0765701],[128.7144792,35.076301699999995],[128.7146723,35.07611730000001],[128.7150612,35.0760427],[128.7154099,35.07606],[128.7155816,35.0759988],[128.7158042,35.0758758],[128.7159759,35.0759878],[128.7159973,35.0761392],[128.71604030000003,35.076240199999994],[128.7161663,35.076231400000005],[128.7162119,35.07623579999999],[128.7163326,35.0763544],[128.7163353,35.076525600000004],[128.71603,35.076699899999994],[128.7157299,35.07682989999999],[128.7153777,35.0773004],[128.7149888,35.0775331],[128.7143853,35.0778646],[128.7141868,35.077937],[128.7141654,35.07775039999999],[128.7142217,35.077577000000005],[128.7142915,35.0774475],[128.7146053,35.077138],[128.7146214,35.0768856]]],[[[128.7112140700669,35.08206816132598],[128.710995,35.081982399999994],[128.7106168,35.0820263],[128.71047308606916,35.08207556081592],[128.7112140700669,35.08206816132598]]]]}},{"type":"Feature","properties":{"chance":51,"depth_m":23.0,"coastal_limit_km":5},"geometry":{"type":"Polygon","coordinates":[[[128.71760095733086,35.08200419391099],[128.71279205682958,35.082052388407874],[128.7127438,35.08207889999999],[128.7121242,35.0824148],[128.7117836,35.08230499999999],[128.7114993,35.0821953],[128.711451,35.0823906],[128.7112632,35.08236649999999],[128.7113705,35.0821294],[128.7112140700669,35.08206816132598],[128.71047308606916,35.08207556081592],[128.7101045,35.0822019],[128.7097746,35.0823753],[128.7096271,35.08259040000001],[128.7096781,35.082744],[128.7093428,35.082750600000004],[128.7087983,35.082654],[128.7085623,35.082564],[128.7083638,35.082417],[128.7081894,35.0822084],[128.7081153161791,35.082099075449584],[128.70663375145222,35.082113828008865],[128.70676654900552,35.09112913485773],[128.7177349611697,35.09101946429645],[128.7176367371236,35.08441171589198],[128.7175903,35.0843299],[128.71763437901782,35.084253054380994],[128.71760095733086,35.08200419391099]]]}},{"type":"Feature","properties":{"chance":71,"depth_m":23.0,"coastal_limit_km":5},"geometry":{"type":"Polygon","coordinates":[[[128.70676654900552,35.09112913485773],[128.7068994055419,35.100144427837336],[128.71786902452718,35.10003472080475],[128.7177349611697,35.09101946429645],[128.70676654900552,35.09112913485773]]]}},{"type":"Feature","properties":{"chance":83,"depth_m":23.0,"coastal_limit_km":5},"geometry":{"type":"Polygon","coordinates":[[[128.7068994055419,35.100144427837336],[128.7070323210874,35.10915970694593],[128.71800314742953,35.10904996343416],[128.71786902452718,35.10003472080475],[128.7068994055419,35.100144427837336]]]}},{"type":"Feature","properties":{"chance":80,"depth_m":23.0,"coastal_limit_km":5},"geometry":{"type":"Polygon","coordinates":[[[128.7070323210874,35.10915970694593],[128.707165295668,35.11817497218178],[128.718137329903,35.118065192182925],[128.71800314742953,35.10904996343416],[128.7070323210874,35.10915970694593]]]}},{"type":"Feature","properties":{"chance":67,"depth_m":23.0,"coastal_limit_km":5},"geometry":{"type":"Polygon","coordinates":[[[128.707165295668,35.11817497218178],[128.70729832930965,35.127190223543145],[128.71827157197376,35.127080407049306],[128.718137329903,35.118065192182925],[128.707165295668,35.11817497218178]]]}},{"type":"Feature","properties":{"chance":81,"depth_m":23.0,"coastal_limit_km":5},"geometry":{"type":"Polygon","coordinates":[[[128.70729832930965,35.127190223543145],[128.7074314220384,35.13620546102831],[128.71840587366813,35.136095608031574],[128.71827157197376,35.127080407049306],[128.70729832930965,35.127190223543145]]]}},{"type":"Feature","properties":{"chance":84,"depth_m":23.0,"coastal_limit_km":5},"geometry":{"type":"Polygon","coordinates":[[[128.71840587366813,35.136095608031574],[128.7074314220384,35.13620546102831],[128.7074733342845,35.139043618972295],[128.71077268988532,35.13974175802076],[128.71594686398737,35.14041276851111],[128.7184720986126,35.14053957755461],[128.71840587366813,35.136095608031574]]]}},{"type":"Feature","properties":{"chance":66,"depth_m":34.0,"coastal_limit_km":5},"geometry":{"type":"Polygon","coordinates":[[[128.7145352361913,34.874649148975536],[128.72547478587785,34.874539367418784],[128.7253634133017,34.86703395350125],[128.72281133062367,34.86704114376581],[128.7177001335706,34.86745235300548],[128.71443704970207,34.86797289445931],[128.7145352361913,34.874649148975536]]]}},{"type":"Feature","properties":{"chance":64,"depth_m":34.0,"coastal_limit_km":5},"geometry":{"type":"Polygon","coordinates":[[[128.7145352361913,34.874649148975536],[128.71466787829152,34.88366473805199],[128.725608621985,34.88355491988391],[128.72547478587785,34.874539367418784],[128.7145352361913,34.874649148975536]]]}},{"type":"Feature","properties":{"chance":67,"depth_m":34.0,"coastal_limit_km":5},"geometry":{"type":"Polygon","coordinates":[[[128.71466787829152,34.88366473805199],[128.7148005793127,34.89268031329169],[128.72574251754327,34.89257045850443],[128.725608621985,34.88355491988391],[128.71466787829152,34.88366473805199]]]}},{"type":"Feature","properties":{"chance":58,"depth_m":34.0,"coastal_limit_km":5},"geometry":{"type":"Polygon","coordinates":[[[128.7148005793127,34.89268031329169],[128.71493333928063,34.90169587469286],[128.72587647257862,34.901585983278544],[128.72574251754327,34.89257045850443],[128.7148005793127,34.89268031329169]]]}},{"type":"Feature","properties":{"chance":49,"depth_m":34.0,"coastal_limit_km":5},"geometry":{"type":"Polygon","coordinates":[[[128.71493333928063,34.90169587469286],[128.7150661582211,34.910711422253726],[128.7260104871172,34.91060149420452],[128.72587647257862,34.901585983278544],[128.71493333928063,34.90169587469286]]]}},{"type":"Feature","properties":{"chance":45,"depth_m":34.0,"coastal_limit_km":5},"geometry":{"type":"Polygon","coordinates":[[[128.7150661582211,34.910711422253726],[128.71519903615996,34.91972695597254],[128.72614456118495,34.919616991280556],[128.7260104871172,34.91060149420452],[128.7150661582211,34.910711422253726]],[[128.7253571,34.9124293],[128.7253061,34.912357699999994],[128.7253099,34.9122947],[128.725328,34.9122419],[128.7253733,34.9121935],[128.7254297,34.9121436],[128.7255095,34.9120865],[128.725567,34.912065],[128.7256367,34.912067500000006],[128.7256914,34.912105600000004],[128.7257653,34.9121276],[128.7258276,34.912157500000006],[128.7258359,34.912215700000004],[128.7257801,34.912274000000004],[128.7257842,34.9123403],[128.7257447,34.9123779],[128.7258074,34.9123808],[128.7258117,34.91243709999999],[128.7257444,34.9124833],[128.7256334,34.912521000000005],[128.7255406,34.912520199999996],[128.7254097,34.9124633],[128.7253571,34.9124293]]]}},{"type":"Feature","properties":{"chance":67,"depth_m":34.0,"coastal_limit_km":5},"geometry":{"type":"Polygon","coordinates":[[[128.71519903615996,34.91972695597254],[128.71533197312303,34.928742475847514],[128.72627869480806,34.92863247450489],[128.72614456118495,34.919616991280556],[128.71519903615996,34.91972695597254]]]}},{"type":"Feature","properties":{"chance":85,"depth_m":34.0,"coastal_limit_km":5},"geometry":{"type":"Polygon","coordinates":[[[128.71533197312303,34.928742475847514],[128.7154649691362,34.937757981876906],[128.7264128880125,34.93764794387575],[128.72627869480806,34.92863247450489],[128.71533197312303,34.928742475847514]]]}},{"type":"Feature","properties":{"chance":88,"depth_m":34.0,"coastal_limit_km":5},"geometry":{"type":"Polygon","coordinates":[[[128.7154649691362,34.937757981876906],[128.71559802422533,34.94677347405895],[128.7265471408245,34.9466633993914],[128.7264128880125,34.93764794387575],[128.7154649691362,34.937757981876906]]]}},{"type":"Feature","properties":{"chance":76,"depth_m":34.0,"coastal_limit_km":5},"geometry":{"type":"Polygon","coordinates":[[[128.71559802422533,34.94677347405895],[128.71573113841632,34.95578895239185],[128.72668145327012,34.955678841050016],[128.7265471408245,34.9466633993914],[128.71559802422533,34.94677347405895]]]}},{"type":"Feature","properties":{"chance":58,"depth_m":34.0,"coastal_limit_km":5},"geometry":{"type":"Polygon","coordinates":[[[128.71573113841632,34.95578895239185],[128.7158643117351,34.96480441687388],[128.72681582537552,34.96469426884987],[128.72668145327012,34.955678841050016],[128.71573113841632,34.95578895239185]]]}},{"type":"Feature","properties":{"chance":68,"depth_m":32.5,"coastal_limit_km":5},"geometry":{"type":"Polygon","coordinates":[[[128.72681582537552,34.96469426884987],[128.7158643117351,34.96480441687388],[128.71599754420754,34.973819867503266],[128.7269502571669,34.973709682789185],[128.72690559873882,34.970715195340674],[128.726737,34.97084350000001],[128.7265599,34.9709142],[128.7265372,34.97100720000001],[128.7264191,34.971111500000006],[128.726142,34.97126029999999],[128.7259921,34.9713534],[128.7258422,34.97138689999999],[128.7256787,34.9713087],[128.7256242,34.9711933],[128.725606,34.9709328],[128.7254879,34.9705829],[128.7254388,34.9704393],[128.7252315,34.9704491],[128.7251572,34.9693687],[128.7239164,34.9694051],[128.7234865,34.9691623],[128.7234116,34.96917830000001],[128.7233106,34.9691329],[128.7233139,34.9690528],[128.7233985,34.968980800000004],[128.7234669,34.96896480000001],[128.723988,34.969253],[128.7251444,34.9692218],[128.7250745,34.9683459],[128.7244295,34.9679773],[128.7239563,34.96780760000001],[128.7235494,34.9685094],[128.7234638,34.9684705],[128.7238896,34.967781699999996],[128.7235211,34.9676312],[128.7229487,34.96754930000001],[128.7226898,34.9674227],[128.7224809,34.9672589],[128.7223582,34.967232900000006],[128.7222492,34.9672031],[128.7221402,34.9670728],[128.722013,34.9669835],[128.7219858,34.9667602],[128.7220312,34.96650699999999],[128.7220267,34.9662725],[128.7221584,34.9659636],[128.7221675,34.9658631],[128.7220448,34.9657998],[128.7220312,34.9657067],[128.7221266,34.965669500000004],[128.7221947,34.965617400000006],[128.722113,34.9655615],[128.7221402,34.9655132],[128.7222129,34.96550570000001],[128.7222583,34.96547220000001],[128.7221902,34.9654462],[128.722222,34.96531589999999],[128.7223128,34.9652303],[128.7223719,34.96526750000001],[128.7224536,34.9652228],[128.722549,34.9652861],[128.7224854,34.9654424],[128.7223219,34.9655318],[128.7222856,34.96560989999999],[128.7223764,34.9656099],[128.7225263,34.96558019999999],[128.7225445,34.9656434],[128.7224446,34.9657067],[128.7225218,34.9657588],[128.7226035,34.9658333],[128.7225581,34.9659003],[128.7225172,34.96595239999999],[128.7225808,34.96594869999999],[128.7227216,34.965963599999995],[128.7227307,34.9660455],[128.7226671,34.9661273],[128.7227171,34.966194400000006],[128.7228624,34.9663284],[128.7231304,34.96638050000001],[128.7232758,34.966480999999995],[128.7232576,34.9666187],[128.723353,34.966674499999996],[128.7236937,34.9667453],[128.7238481,34.9668793],[128.7240434,34.9669872],[128.7241525,34.9670952],[128.7248701,34.96740410000001],[128.7252562,34.9675046],[128.725765,34.9674525],[128.7261874,34.9673743],[128.7265008,34.96721060000001],[128.7266689,34.96718450000001],[128.726737,34.9670952],[128.72685151991834,34.96708844765235],[128.72681582537552,34.96469426884987]]]}},{"type":"Feature","properties":{"chance":59,"depth_m":34.0,"coastal_limit_km":5},"geometry":{"type":"Polygon","coordinates":[[[128.71599754420754,34.973819867503266],[128.7161308358597,34.982835304278254],[128.7270847486704,34.98272508286621],[128.7269502571669,34.973709682789185],[128.71599754420754,34.973819867503266]]]}},{"type":"Feature","properties":{"chance":52,"depth_m":34.0,"coastal_limit_km":5},"geometry":{"type":"Polygon","coordinates":[[[128.7161308358597,34.982835304278254],[128.71626418671744,34.99185072719709],[128.72721929991224,34.991740469079176],[128.7270847486704,34.98272508286621],[128.7161308358597,34.982835304278254]]]}},{"type":"Feature","properties":{"chance":52,"depth_m":34.0,"coastal_limit_km":5},"geometry":{"type":"Polygon","coordinates":[[[128.71626418671744,34.99185072719709],[128.71639759680681,35.00086613625801],[128.72735391091865,35.00075584142632],[128.72721929991224,34.991740469079176],[128.71626418671744,34.99185072719709]]]}},{"type":"Feature","properties":{"chance":60,"depth_m":34.0,"coastal_limit_km":5},"geometry":{"type":"Polygon","coordinates":[[[128.71639759680681,35.00086613625801],[128.71653106615383,35.009881531459264],[128.72748858171585,35.009771199905884],[128.72735391091865,35.00075584142632],[128.71639759680681,35.00086613625801]]]}},{"type":"Feature","properties":{"chance":81,"depth_m":34.0,"coastal_limit_km":5},"geometry":{"type":"Polygon","coordinates":[[[128.71653106615383,35.009881531459264],[128.71666459478448,35.01889691279909],[128.7276233123301,35.01878654451611],[128.72748858171585,35.009771199905884],[128.71653106615383,35.009881531459264]]]}},{"type":"Feature","properties":{"chance":89,"depth_m":34.0,"coastal_limit_km":5},"geometry":{"type":"Polygon","coordinates":[[[128.71666459478448,35.01889691279909],[128.71679818272483,35.02791228027575],[128.7277581027877,35.02780187525524],[128.7276233123301,35.01878654451611],[128.71666459478448,35.01889691279909]]]}},{"type":"Feature","properties":{"chance":81,"depth_m":34.0,"coastal_limit_km":5},"geometry":{"type":"Polygon","coordinates":[[[128.71679818272483,35.02791228027575],[128.7169318300009,35.03692763388747],[128.72789295311492,35.036817192121525],[128.7277581027877,35.02780187525524],[128.71679818272483,35.02791228027575]]]}},{"type":"Feature","properties":{"chance":57,"depth_m":34.0,"coastal_limit_km":5},"geometry":{"type":"Polygon","coordinates":[[[128.7170655366388,35.04594297363252],[128.7280278633381,35.04583249511319],[128.72789295311492,35.036817192121525],[128.7169318300009,35.03692763388747],[128.71695410938605,35.03843012866133],[128.7169549,35.038429799999996],[128.7171131,35.0384386],[128.7173358,35.0384145],[128.7175128,35.038563799999984],[128.7175932,35.03868899999999],[128.7175772,35.038814200000004],[128.7176979,35.03883830000001],[128.71787760000004,35.03879],[128.7183255,35.038757100000005],[128.7185562,35.03892840000001],[128.7185669,35.0390338],[128.7185535,35.039288500000005],[128.7186044,35.0393808],[128.7186125,35.0395389],[128.7184435,35.0396377],[128.7182584,35.0397387],[128.7176523,35.0400681],[128.717435,35.04011859999999],[128.7170675,35.0400747],[128.71697798374527,35.04004006271532],[128.7170655366388,35.04594297363252]]]}},{"type":"Feature","properties":{"chance":59,"depth_m":34.0,"coastal_limit_km":5},"geometry":{"type":"Polygon","coordinates":[[[128.7170655366388,35.04594297363252],[128.71719930266462,35.05495829950916],[128.72816283348354,35.05484778422851],[128.7280278633381,35.04583249511319],[128.7170655366388,35.04594297363252]]]}},{"type":"Feature","properties":{"chance":59,"depth_m":34.0,"coastal_limit_km":5},"geometry":{"type":"Polygon","coordinates":[[[128.71719930266462,35.05495829950916],[128.71733312810449,35.0639736115156],[128.72829786357758,35.0638630594657],[128.72816283348354,35.05484778422851],[128.71719930266462,35.05495829950916]]]}},{"type":"Feature","properties":{"chance":53,"depth_m":34.0,"coastal_limit_km":5},"geometry":{"type":"Polygon","coordinates":[[[128.71733312810449,35.0639736115156],[128.7174670129845,35.07298890965013],[128.7284329536466,35.072878320823044],[128.72829786357758,35.0638630594657],[128.71733312810449,35.0639736115156]]]}},{"type":"Feature","properties":{"chance":57,"depth_m":34.0,"coastal_limit_km":5},"geometry":{"type":"Polygon","coordinates":[[[128.7174670129845,35.07298890965013],[128.71760095733086,35.08200419391099],[128.72856810371704,35.081893568298774],[128.7284329536466,35.072878320823044],[128.7174670129845,35.07298890965013]]]}},{"type":"Feature","properties":{"chance":56,"depth_m":36.0,"coastal_limit_km":5},"geometry":{"type":"Polygon","coordinates":[[[128.7287033138152,35.09090880189114],[128.72856810371704,35.081893568298774],[128.71760095733086,35.08200419391099],[128.71763437901782,35.084253054380994],[128.717692,35.0841526],[128.7177621,35.0840377],[128.7181086,35.08393939999999],[128.7181399,35.0839727],[128.7183204,35.0840096],[128.7186656,35.0841363],[128.7189475,35.084366100000004],[128.7193902,35.08454579999999],[128.7198291,35.0846396],[128.720322,35.0846096],[128.7206655,35.0845295],[128.7207976,35.084296300000005],[128.7210303,35.084213000000005],[128.7210247,35.0840682],[128.721148,35.0840623],[128.7212177,35.0841226],[128.7212892,35.0840829],[128.72132,35.083999899999995],[128.7214475,35.0840628],[128.7216236,35.0838762],[128.7220568,35.083866300000004],[128.7220772,35.0839463],[128.7225572,35.0840228],[128.7227608,35.08403950000001],[128.7227723,35.084098],[128.7227013,35.0841062],[128.7226744,35.0841663],[128.7230026,35.08425979999999],[128.7231803,35.08441989999999],[128.7231101,35.0845234],[128.7231759,35.0845075],[128.723351,35.08475909999999],[128.7232678,35.0848582],[128.723327,35.08500399999999],[128.7228142,35.08537710000001],[128.7224968,35.0856467],[128.7222845,35.0858798],[128.7221724,35.0861349],[128.7221334,35.08640000000001],[128.7221869,35.0868283],[128.7223542,35.0871501],[128.7227968,35.08770989999999],[128.722994,35.08789279999999],[128.7232958,35.0881327],[128.7238614,35.0881333],[128.7238642,35.0881619],[128.7284463,35.0881706],[128.7284546,35.088223799999994],[128.7284468,35.088309],[128.7282322,35.088318900000004],[128.72824300000002,35.088255200000006],[128.7274665,35.0882607],[128.7261979,35.088233200000005],[128.7261929,35.0882108],[128.7259026,35.08820970000001],[128.7259065,35.08823259999999],[128.7238744,35.0882215],[128.7237693,35.088247],[128.7233079,35.0882538],[128.7233334,35.088360300000005],[128.7231799,35.08854],[128.723021,35.0886658],[128.7228375,35.088716],[128.7227222,35.0890505],[128.7226769,35.089069],[128.7225618,35.0894211],[128.7223841,35.0895316],[128.7223557,35.0894845],[128.7224937,35.08939569999999],[128.7226994,35.0887522],[128.7226774,35.08871249999999],[128.7217065,35.088563900000004],[128.7214471,35.088814799999994],[128.7211348,35.0891854],[128.7211769,35.0893412],[128.7211188,35.0893526],[128.721068,35.089184],[128.7213912,35.08878260000001],[128.72160360000004,35.0885497],[128.7215513,35.0882863],[128.7212037,35.0877048],[128.7207263,35.08683390000001],[128.7205879,35.08654219999999],[128.7204712,35.0862543],[128.7204126,35.086238300000005],[128.7203651,35.0861442],[128.7198982,35.0863799],[128.7196505,35.0866641],[128.71962240000002,35.08693500000001],[128.7195507,35.0869329],[128.7195888,35.0866605],[128.7198754,35.086313200000006],[128.7203074,35.08610300000001],[128.7200497,35.0855815],[128.7197477,35.0853792],[128.719596,35.08536990000001],[128.7193223,35.08515319999999],[128.7190369,35.0849327],[128.71885810000003,35.0849052],[128.7187457,35.0848893],[128.7185899,35.0848393],[128.7181618,35.0848243],[128.7177906,35.0846828],[128.7176367371236,35.08441171589198],[128.7177349611697,35.09101946429645],[128.71822753897783,35.09101451584181],[128.7182839,35.0908526],[128.7183386,35.0907255],[128.7183563,35.0905984],[128.71833,35.0904601],[128.7183619,35.0903037],[128.7183076,35.0902632],[128.7184319,35.0901647],[128.7185131,35.0900461],[128.7185584,35.0899173],[128.7187394,35.089722900000005],[128.7189695,35.0896558],[128.7190664,35.0895662],[128.7190841,35.0895114],[128.7191264,35.089461500000006],[128.719177,35.089461799999995],[128.7191879,35.0895082],[128.7192696,35.089530999999994],[128.7193941,35.0895865],[128.7193867,35.0896776],[128.7195474,35.0897686],[128.7197338,35.08975650000001],[128.7198781,35.0897635],[128.7199372,35.08984209999999],[128.7200197,35.0898138],[128.7200461,35.089861899999995],[128.7201613,35.0898641],[128.7206623,35.0899394],[128.7210557,35.0900434],[128.7212573,35.09027410000001],[128.7213041,35.0904275],[128.7213229,35.090373],[128.7213715,35.0904706],[128.7216879,35.090557000000004],[128.72224,35.0907199],[128.7223155,35.0908415],[128.7224747132088,35.09097176554237],[128.7287033138152,35.09090880189114]]]}},{"type":"Feature","properties":{"chance":74,"depth_m":35.9,"coastal_limit_km":5},"geometry":{"type":"Polygon","coordinates":[[[128.7177349611697,35.09101946429645],[128.71786902452718,35.10003472080475],[128.72883858396756,35.09992402159839],[128.7287033138152,35.09090880189114],[128.7224747132088,35.09097176554237],[128.7225696,35.0910494],[128.7227317,35.0912284],[128.7226603,35.09134840000001],[128.7225521,35.09145939999999],[128.722403,35.091480700000005],[128.7224556,35.09155990000001],[128.7226498,35.091905600000004],[128.7225644,35.09194090000001],[128.722366,35.0915533],[128.7219707,35.0915985],[128.721898,35.0915504],[128.7203721,35.0926883],[128.7204852,35.0927964],[128.7204036,35.0928543],[128.7203329,35.09290450000001],[128.7201716,35.092771799999994],[128.7197837,35.09300110000001],[128.7194799,35.0929748],[128.7194321,35.092823],[128.7192364,35.0923852],[128.7190619,35.0924165],[128.7188819,35.091896899999995],[128.7189568,35.091875400000006],[128.7188233,35.0916876],[128.7186213,35.0914988],[128.7183474,35.09154929999999],[128.7182789,35.0915253],[128.7182289,35.091445900000004],[128.71825210000003,35.091398],[128.7182422,35.091295099999996],[128.7182046,35.0912148],[128.7182527,35.091170299999995],[128.71820710000003,35.0911518],[128.7182147,35.09105139999999],[128.71822753897783,35.09101451584181],[128.7177349611697,35.09101946429645]],[[128.7220517,35.0955175],[128.7219038,35.09559980000001],[128.7217042,35.0955491],[128.7215753,35.0954454],[128.7215669,35.095417],[128.72155370000002,35.09537250000001],[128.72153120000002,35.095296899999994],[128.7215241,35.0952189],[128.721619,35.0951504],[128.7217909,35.0951449],[128.7220722,35.0952004],[128.7221532,35.09533650000001],[128.7221256,35.09539170000001],[128.7221811,35.0954857],[128.7220517,35.0955175]]]}},{"type":"Feature","properties":{"chance":88,"depth_m":34.0,"coastal_limit_km":5},"geometry":{"type":"Polygon","coordinates":[[[128.71786902452718,35.10003472080475],[128.71800314742953,35.10904996343416],[128.72897391420057,35.10893922741879],[128.72883858396756,35.09992402159839],[128.71786902452718,35.10003472080475]]]}},{"type":"Feature","properties":{"chance":86,"depth_m":34.0,"coastal_limit_km":5},"geometry":{"type":"Polygon","coordinates":[[[128.71800314742953,35.10904996343416],[128.718137329903,35.118065192182925],[128.72910930454066,35.11795441935058],[128.72897391420057,35.10893922741879],[128.71800314742953,35.10904996343416]]]}},{"type":"Feature","properties":{"chance":69,"depth_m":34.0,"coastal_limit_km":5},"geometry":{"type":"Polygon","coordinates":[[[128.718137329903,35.118065192182925],[128.71827157197376,35.127080407049306],[128.7292447550143,35.126969597392026],[128.72910930454066,35.11795441935058],[128.718137329903,35.118065192182925]]]}},{"type":"Feature","properties":{"chance":53,"depth_m":34.0,"coastal_limit_km":5},"geometry":{"type":"Polygon","coordinates":[[[128.71827157197376,35.127080407049306],[128.71840587366813,35.136095608031574],[128.729380265648,35.13598476154139],[128.7292447550143,35.126969597392026],[128.71827157197376,35.127080407049306]]]}},{"type":"Feature","properties":{"chance":56,"depth_m":34.0,"coastal_limit_km":5},"geometry":{"type":"Polygon","coordinates":[[[128.729380265648,35.13598476154139],[128.71840587366813,35.136095608031574],[128.7184720986126,35.14053957755461],[128.7211753902993,35.14067526918001],[128.72641055378824,35.140526866108175],[128.72944366347235,35.14020107225634],[128.729380265648,35.13598476154139]]]}},{"type":"Feature","properties":{"chance":60,"depth_m":42.7,"coastal_limit_km":5},"geometry":{"type":"Polygon","coordinates":[[[128.72547478587785,34.874539367418784],[128.73641427613927,34.874428601927924],[128.73631656181206,34.867902030601556],[128.7331625427405,34.8674150173774],[128.72801643222945,34.86702912000571],[128.72794677027662,34.86702662056089],[128.7253634133017,34.86703395350125],[128.72547478587785,34.874539367418784]]]}},{"type":"Feature","properties":{"chance":36,"depth_m":42.7,"coastal_limit_km":5},"geometry":{"type":"Polygon","coordinates":[[[128.72547478587785,34.874539367418784],[128.725608621985,34.88355491988391],[128.73654930622735,34.88344411745368],[128.73641427613927,34.874428601927924],[128.72547478587785,34.874539367418784]]]}},{"type":"Feature","properties":{"chance":38,"depth_m":42.7,"coastal_limit_km":5},"geometry":{"type":"Polygon","coordinates":[[[128.725608621985,34.88355491988391],[128.72574251754327,34.89257045850443],[128.73668439629665,34.8924596191269],[128.73654930622735,34.88344411745368],[128.725608621985,34.88355491988391]]]}},{"type":"Feature","properties":{"chance":62,"depth_m":42.7,"coastal_limit_km":5},"geometry":{"type":"Polygon","coordinates":[[[128.72574251754327,34.89257045850443],[128.72587647257862,34.901585983278544],[128.73681954637345,34.90147510694581],[128.73668439629665,34.8924596191269],[128.72574251754327,34.89257045850443]]]}},{"type":"Feature","properties":{"chance":73,"depth_m":42.7,"coastal_limit_km":5},"geometry":{"type":"Polygon","coordinates":[[[128.72587647257862,34.901585983278544],[128.7260104871172,34.91060149420452],[128.73695475648404,34.91049058090862],[128.73681954637345,34.90147510694581],[128.72587647257862,34.901585983278544]]]}},{"type":"Feature","properties":{"chance":70,"depth_m":42.7,"coastal_limit_km":5},"geometry":{"type":"Polygon","coordinates":[[[128.7260104871172,34.91060149420452],[128.72614456118495,34.919616991280556],[128.73709002665464,34.91950604101357],[128.73695475648404,34.91049058090862],[128.7260104871172,34.91060149420452]]]}},{"type":"Feature","properties":{"chance":62,"depth_m":42.7,"coastal_limit_km":5},"geometry":{"type":"Polygon","coordinates":[[[128.72614456118495,34.919616991280556],[128.72627869480806,34.92863247450489],[128.73722535691164,34.92852148725887],[128.73709002665464,34.91950604101357],[128.72614456118495,34.919616991280556]]]}},{"type":"Feature","properties":{"chance":77,"depth_m":42.7,"coastal_limit_km":5},"geometry":{"type":"Polygon","coordinates":[[[128.72627869480806,34.92863247450489],[128.7264128880125,34.93764794387575],[128.73736074728131,34.93753691964275],[128.73722535691164,34.92852148725887],[128.72627869480806,34.92863247450489]]]}},{"type":"Feature","properties":{"chance":80,"depth_m":42.7,"coastal_limit_km":5},"geometry":{"type":"Polygon","coordinates":[[[128.7264128880125,34.93764794387575],[128.7265471408245,34.9466633993914],[128.73749619779002,34.94655233816347],[128.73736074728131,34.93753691964275],[128.7264128880125,34.93764794387575]]]}},{"type":"Feature","properties":{"chance":69,"depth_m":42.7,"coastal_limit_km":5},"geometry":{"type":"Polygon","coordinates":[[[128.7265471408245,34.9466633993914],[128.72668145327012,34.955678841050016],[128.73763170846414,34.95556774281919],[128.73749619779002,34.94655233816347],[128.7265471408245,34.9466633993914]]]}},{"type":"Feature","properties":{"chance":44,"depth_m":42.7,"coastal_limit_km":5},"geometry":{"type":"Polygon","coordinates":[[[128.72668145327012,34.955678841050016],[128.72681582537552,34.96469426884987],[128.73776727933003,34.964583133608215],[128.73763170846414,34.95556774281919],[128.72668145327012,34.955678841050016]]]}},{"type":"Feature","properties":{"chance":33,"depth_m":45.0,"coastal_limit_km":5},"geometry":{"type":"Polygon","coordinates":[[[128.7269502571669,34.973709682789185],[128.7379029104141,34.97359851052872],[128.73776727933003,34.964583133608215],[128.72681582537552,34.96469426884987],[128.72685151991834,34.96708844765235],[128.7268642,34.96708770000001],[128.7269778,34.9669723],[128.7271504,34.96689039999999],[128.7272412,34.9669239],[128.7273411,34.9668867],[128.727382,34.9667937],[128.7274638,34.9666038],[128.7276319,34.9664363],[128.72791350000003,34.9662576],[128.728077,34.966239],[128.7281315,34.96619059999999],[128.72810880000003,34.9660827],[128.7281769,34.96603429999999],[128.7281633,34.9659412],[128.7282814,34.96588909999999],[128.7284313,34.9658519],[128.7284676,34.96577739999999],[128.7285176,34.9656583],[128.7286539,34.9655764],[128.7286493,34.965494500000005],[128.7287674,34.965427500000004],[128.7289945,34.9653791],[128.7291081,34.9652489],[128.7293398,34.9652861],[128.7294942,34.9652563],[128.7295532,34.96509249999999],[128.7296305,34.96491009999999],[128.7298031,34.964820799999984],[128.7300256,34.964902699999996],[128.7304072,34.9650702],[128.7309795,34.9652638],[128.7313838,34.9655355],[128.7317108,34.9657477],[128.7320288,34.9658109],[128.7322423,34.9657626],[128.732315,34.965710400000006],[128.7323922,34.9655988],[128.7325784,34.9655727],[128.73303720000004,34.9656621],[128.7331235,34.9657179],[128.7331189,34.9657737],[128.7331916,34.96579979999999],[128.7334415,34.965848199999996],[128.7335777,34.96591149999999],[128.7336777,34.96598590000001],[128.7338457,34.96604549999999],[128.7338457,34.9661162],[128.733764,34.9661795],[128.7337821,34.9662427],[128.7341001,34.9663767],[128.7345134,34.966548],[128.7354037,34.9669574],[128.73559,34.96713609999999],[128.7355627,34.96727009999999],[128.7354219,34.967437600000004],[128.7354764,34.9674711],[128.735599,34.96751209999999],[128.735649,34.9674525],[128.7357853,34.9674376],[128.7358807,34.9675232],[128.736076,34.9677466],[128.7361759,34.9678731],[128.736135,34.967958700000004],[128.73597150000003,34.968025700000005],[128.7358216,34.96812249999999],[128.7357853,34.96824910000001],[128.735649,34.968405399999995],[128.7353674,34.9685394],[128.735004,34.96858039999999],[128.7346452,34.968934],[128.7346724,34.9690084],[128.7346361,34.969079099999995],[128.7344907,34.969135],[128.7344498,34.96924659999999],[128.73434080000004,34.9693211],[128.73425,34.969399200000005],[128.7340728,34.9693955],[128.7338593,34.969384399999996],[128.7336141,34.9694514],[128.7333234,34.9694141],[128.7330508,34.9695779],[128.7327101,34.9698199],[128.732592,34.9698534],[128.732583,34.9699352],[128.7323422,34.9700841],[128.7321469,34.970173499999994],[128.7319062,34.970233],[128.731679,34.9701362],[128.7316018,34.9701772],[128.7314928,34.9701623],[128.73137020000001,34.9700097],[128.7311612,34.969927799999994],[128.7308751,34.969965],[128.7304708,34.9701325],[128.7303572,34.9703186],[128.7302391,34.97040799999999],[128.7301392,34.9704489],[128.7301347,34.97059779999999],[128.7299938,34.9706276],[128.7298621,34.9707057],[128.7296986,34.9707504],[128.7294669,34.970676],[128.7291036,34.970542],[128.7288583,34.97045640000001],[128.7286584,34.97037449999999],[128.7285994,34.9702889],[128.7284222,34.97022559999999],[128.728136,34.9701586],[128.727859,34.9701549],[128.7276137,34.9702181],[128.7274729,34.9703075],[128.7274002,34.97043399999999],[128.727432,34.9705345],[128.7273366,34.9705829],[128.7271913,34.97056059999999],[128.7269278,34.9706983],[128.72690559873882,34.970715195340674],[128.7269502571669,34.973709682789185]]]}},{"type":"Feature","properties":{"chance":57,"depth_m":42.7,"coastal_limit_km":5},"geometry":{"type":"Polygon","coordinates":[[[128.7269502571669,34.973709682789185],[128.7270847486704,34.98272508286621],[128.73803860174277,34.98261387357896],[128.7379029104141,34.97359851052872],[128.7269502571669,34.973709682789185]]]}},{"type":"Feature","properties":{"chance":73,"depth_m":42.7,"coastal_limit_km":5},"geometry":{"type":"Polygon","coordinates":[[[128.7270847486704,34.98272508286621],[128.72721929991224,34.991740469079176],[128.73817435334246,34.991629222757176],[128.73803860174277,34.98261387357896],[128.7270847486704,34.98272508286621]]]}},{"type":"Feature","properties":{"chance":75,"depth_m":42.7,"coastal_limit_km":5},"geometry":{"type":"Polygon","coordinates":[[[128.72721929991224,34.991740469079176],[128.72735391091865,35.00075584142632],[128.73831016523968,35.000644558061595],[128.73817435334246,34.991629222757176],[128.72721929991224,34.991740469079176]]]}},{"type":"Feature","properties":{"chance":65,"depth_m":42.7,"coastal_limit_km":5},"geometry":{"type":"Polygon","coordinates":[[[128.72735391091865,35.00075584142632],[128.72748858171585,35.009771199905884],[128.73844603746082,35.00965987949044],[128.73831016523968,35.000644558061595],[128.72735391091865,35.00075584142632]]]}},{"type":"Feature","properties":{"chance":70,"depth_m":42.7,"coastal_limit_km":5},"geometry":{"type":"Polygon","coordinates":[[[128.73844603746082,35.00965987949044],[128.72748858171585,35.009771199905884],[128.7276233123301,35.01878654451611],[128.73478225047094,35.018713910363196],[128.7346431,35.0183974],[128.7349765,35.01807110000001],[128.7349799,35.0178899],[128.7351585,35.01788620000001],[128.7354368,35.01775539999999],[128.7361903,35.0177506],[128.7367314,35.0177351],[128.7377736,35.0175084],[128.7373813,35.01730080000001],[128.7378,35.0168701],[128.7379501,35.01674],[128.73811,35.01662],[128.7383532,35.0165981],[128.73854841009788,35.01644980158884],[128.73844603746082,35.00965987949044]]]}},{"type":"Feature","properties":{"chance":79,"depth_m":42.7,"coastal_limit_km":5},"geometry":{"type":"MultiPolygon","coordinates":[[[[128.73861992388797,35.02119164190452],[128.7382639,35.0214432],[128.7383934,35.0215688],[128.7382765,35.02165130000001],[128.7386318949387,35.02198529367253],[128.73861992388797,35.02119164190452]]],[[[128.7276233123301,35.01878654451611],[128.7277581027877,35.02780187525524],[128.73871796298099,35.02769048071441],[128.7386336539892,35.02210191185262],[128.7380199,35.0215811],[128.737282,35.022048000000005],[128.7367004,35.02221910000001],[128.7366284,35.022439199999994],[128.736044,35.02249390000001],[128.7357903,35.02231549999999],[128.735516,35.0223601],[128.7353109,35.02238799999999],[128.7351356,35.02237829999999],[128.7351404,35.0222044],[128.7354401,35.02216069999999],[128.7357227,35.0221224],[128.7357445,35.02208499999999],[128.735782,35.02200309999999],[128.7358468,35.02183600000001],[128.7358856,35.02167810000001],[128.7359153,35.02147109999999],[128.7359263,35.02128409999999],[128.7358819,35.0211544],[128.7357662,35.02086719999999],[128.7356978,35.0207443],[128.7355624,35.0205305],[128.7354541,35.0204222],[128.7353998,35.02031490000001],[128.7353433,35.02036819999999],[128.7352543,35.0203081],[128.7351598,35.02038369999999],[128.7352332,35.02043619999999],[128.7351849,35.0204742],[128.7351179,35.0204246],[128.7349214,35.0205862],[128.7348413,35.02053170000001],[128.7352222,35.02018420000001],[128.735021,35.0200141],[128.7347314,35.0200968],[128.7347544,35.0201873],[128.7344016,35.0202933],[128.7343029,35.0201656],[128.7343279,35.0200498],[128.7347769,35.019895600000005],[128.7347895,35.01909],[128.7347895,35.018730399999995],[128.73478225047094,35.018713910363196],[128.7276233123301,35.01878654451611]]]]}},{"type":"Feature","properties":{"chance":72,"depth_m":42.7,"coastal_limit_km":5},"geometry":{"type":"Polygon","coordinates":[[[128.7277581027877,35.02780187525524],[128.72789295311492,35.036817192121525],[128.73885401633305,35.03670576050601],[128.73871796298099,35.02769048071441],[128.7277581027877,35.02780187525524]]]}},{"type":"Feature","properties":{"chance":52,"depth_m":42.7,"coastal_limit_km":5},"geometry":{"type":"Polygon","coordinates":[[[128.72789295311492,35.036817192121525],[128.7280278633381,35.04583249511319],[128.73899013011516,35.04572102641499],[128.73885401633305,35.03670576050601],[128.72789295311492,35.036817192121525]]]}},{"type":"Feature","properties":{"chance":23,"depth_m":42.7,"coastal_limit_km":5},"geometry":{"type":"Polygon","coordinates":[[[128.7280278633381,35.04583249511319],[128.72816283348354,35.05484778422851],[128.73912630435382,35.05473627843961],[128.73899013011516,35.04572102641499],[128.7280278633381,35.04583249511319]]]}},{"type":"Feature","properties":{"chance":50,"depth_m":42.7,"coastal_limit_km":5},"geometry":{"type":"Polygon","coordinates":[[[128.72816283348354,35.05484778422851],[128.72829786357758,35.0638630594657],[128.73926253907572,35.063751516578115],[128.73912630435382,35.05473627843961],[128.72816283348354,35.05484778422851]]]}},{"type":"Feature","properties":{"chance":71,"depth_m":42.7,"coastal_limit_km":5},"geometry":{"type":"Polygon","coordinates":[[[128.72829786357758,35.0638630594657],[128.7284329536466,35.072878320823044],[128.73939883430737,35.07276674082874],[128.73926253907572,35.063751516578115],[128.72829786357758,35.0638630594657]]]}},{"type":"Feature","properties":{"chance":78,"depth_m":42.7,"coastal_limit_km":5},"geometry":{"type":"Polygon","coordinates":[[[128.7284329536466,35.072878320823044],[128.72856810371704,35.081893568298774],[128.73953519007543,35.08178195118973],[128.73939883430737,35.07276674082874],[128.7284329536466,35.072878320823044]]]}},{"type":"Feature","properties":{"chance":71,"depth_m":42.7,"coastal_limit_km":5},"geometry":{"type":"Polygon","coordinates":[[[128.72856810371704,35.081893568298774],[128.7287033138152,35.09090880189114],[128.73967160640652,35.090797147659345],[128.73953519007543,35.08178195118973],[128.72856810371704,35.081893568298774]]]}},{"type":"Feature","properties":{"chance":65,"depth_m":42.7,"coastal_limit_km":5},"geometry":{"type":"Polygon","coordinates":[[[128.7287033138152,35.09090880189114],[128.72883858396756,35.09992402159839],[128.73980808332735,35.09981233023582],[128.73967160640652,35.090797147659345],[128.7287033138152,35.09090880189114]]]}},{"type":"Feature","properties":{"chance":76,"depth_m":42.7,"coastal_limit_km":5},"geometry":{"type":"Polygon","coordinates":[[[128.72883858396756,35.09992402159839],[128.72897391420057,35.10893922741879],[128.7399446208645,35.10882749891741],[128.73980808332735,35.09981233023582],[128.72883858396756,35.09992402159839]]]}},{"type":"Feature","properties":{"chance":74,"depth_m":42.7,"coastal_limit_km":5},"geometry":{"type":"Polygon","coordinates":[[[128.72897391420057,35.10893922741879],[128.72910930454066,35.11795441935058],[128.74008121904475,35.11784265370235],[128.7399446208645,35.10882749891741],[128.72897391420057,35.10893922741879]]]}},{"type":"Feature","properties":{"chance":59,"depth_m":42.7,"coastal_limit_km":5},"geometry":{"type":"Polygon","coordinates":[[[128.72910930454066,35.11795441935058],[128.7292447550143,35.126969597392026],[128.74021787789474,35.126857794588915],[128.74008121904475,35.11784265370235],[128.72910930454066,35.11795441935058]]]}},{"type":"Feature","properties":{"chance":32,"depth_m":42.7,"coastal_limit_km":5},"geometry":{"type":"Polygon","coordinates":[[[128.7292447550143,35.126969597392026],[128.729380265648,35.13598476154139],[128.74035459744127,35.13587292157534],[128.74021787789474,35.126857794588915],[128.7292447550143,35.126969597392026]]]}},{"type":"Feature","properties":{"chance":31,"depth_m":42.7,"coastal_limit_km":5},"geometry":{"type":"Polygon","coordinates":[[[128.74035459744127,35.13587292157534],[128.729380265648,35.13598476154139],[128.72944366347235,35.14020107225634],[128.73160457892436,35.13996891519115],[128.73671006781953,35.13900650964691],[128.74038689346747,35.138001897367566],[128.74035459744127,35.13587292157534]]]}},{"type":"Feature","properties":{"chance":45,"depth_m":48.2,"coastal_limit_km":5},"geometry":{"type":"Polygon","coordinates":[[[128.73641427613927,34.874428601927924],[128.74735370644572,34.87431685252044],[128.7472990488527,34.87069841463949],[128.74320829238147,34.86937476989181],[128.7382415829153,34.86819923055004],[128.73631656181206,34.867902030601556],[128.73641427613927,34.874428601927924]]]}},{"type":"Feature","properties":{"chance":46,"depth_m":48.2,"coastal_limit_km":5},"geometry":{"type":"Polygon","coordinates":[[[128.73641427613927,34.874428601927924],[128.73654930622735,34.88344411745368],[128.74748993048848,34.883332330778806],[128.74735370644572,34.87431685252044],[128.73641427613927,34.874428601927924]]]}},{"type":"Feature","properties":{"chance":46,"depth_m":48.2,"coastal_limit_km":5},"geometry":{"type":"Polygon","coordinates":[[[128.73654930622735,34.88344411745368],[128.73668439629665,34.8924596191269],[128.74762621504257,34.89234779517665],[128.74748993048848,34.883332330778806],[128.73654930622735,34.88344411745368]]]}},{"type":"Feature","properties":{"chance":70,"depth_m":48.2,"coastal_limit_km":5},"geometry":{"type":"Polygon","coordinates":[[[128.73668439629665,34.8924596191269],[128.73681954637345,34.90147510694581],[128.74776256013453,34.90136324571215],[128.74762621504257,34.89234779517665],[128.73668439629665,34.8924596191269]]]}},{"type":"Feature","properties":{"chance":83,"depth_m":48.2,"coastal_limit_km":5},"geometry":{"type":"Polygon","coordinates":[[[128.73681954637345,34.90147510694581],[128.73695475648404,34.91049058090862],[128.74789896579082,34.91037868238358],[128.74776256013453,34.90136324571215],[128.73681954637345,34.90147510694581]]]}},{"type":"Feature","properties":{"chance":81,"depth_m":48.2,"coastal_limit_km":5},"geometry":{"type":"Polygon","coordinates":[[[128.73695475648404,34.91049058090862],[128.73709002665464,34.91950604101357],[128.748035432038,34.91939410518913],[128.74789896579082,34.91037868238358],[128.73695475648404,34.91049058090862]]]}},{"type":"Feature","properties":{"chance":65,"depth_m":48.2,"coastal_limit_km":5},"geometry":{"type":"Polygon","coordinates":[[[128.73709002665464,34.91950604101357],[128.73722535691164,34.92852148725887],[128.74817195890256,34.928409514127004],[128.748035432038,34.91939410518913],[128.73709002665464,34.91950604101357]]]}},{"type":"Feature","properties":{"chance":54,"depth_m":48.2,"coastal_limit_km":5},"geometry":{"type":"Polygon","coordinates":[[[128.73722535691164,34.92852148725887],[128.73736074728131,34.93753691964275],[128.7483085464111,34.93742490919547],[128.74817195890256,34.928409514127004],[128.73722535691164,34.92852148725887]]]}},{"type":"Feature","properties":{"chance":58,"depth_m":48.2,"coastal_limit_km":5},"geometry":{"type":"Polygon","coordinates":[[[128.73736074728131,34.93753691964275],[128.73749619779002,34.94655233816347],[128.74844519459018,34.94644029039273],[128.7483085464111,34.93742490919547],[128.73736074728131,34.93753691964275]]]}},{"type":"Feature","properties":{"chance":50,"depth_m":48.2,"coastal_limit_km":5},"geometry":{"type":"Polygon","coordinates":[[[128.73749619779002,34.94655233816347],[128.73763170846414,34.95556774281919],[128.74858190346637,34.95545565771698],[128.74844519459018,34.94644029039273],[128.73749619779002,34.94655233816347]]]}},{"type":"Feature","properties":{"chance":50,"depth_m":48.2,"coastal_limit_km":5},"geometry":{"type":"Polygon","coordinates":[[[128.73763170846414,34.95556774281919],[128.73776727933003,34.964583133608215],[128.74871867306635,34.96447101116648],[128.74858190346637,34.95545565771698],[128.73763170846414,34.95556774281919]]]}},{"type":"Feature","properties":{"chance":47,"depth_m":48.2,"coastal_limit_km":5},"geometry":{"type":"Polygon","coordinates":[[[128.73776727933003,34.964583133608215],[128.7379029104141,34.97359851052872],[128.74885550341673,34.97348635073946],[128.74871867306635,34.96447101116648],[128.73776727933003,34.964583133608215]]]}},{"type":"Feature","properties":{"chance":59,"depth_m":48.2,"coastal_limit_km":5},"geometry":{"type":"Polygon","coordinates":[[[128.7379029104141,34.97359851052872],[128.73803860174277,34.98261387357896],[128.7489923945441,34.98250167643412],[128.74885550341673,34.97348635073946],[128.7379029104141,34.97359851052872]],[[128.74816780000003,34.9796256],[128.7482201,34.979608],[128.7481758,34.9795476],[128.74815170000002,34.979497],[128.7481356,34.97945750000001],[128.7482402,34.97942119999999],[128.7484789,34.97946950000001],[128.7485915,34.97955090000001],[128.7486774,34.979750800000005],[128.7485352,34.9799311],[128.7483448,34.980029900000005],[128.7482589,34.9800278],[128.7480363,34.9799245],[128.7479854,34.9798563],[128.7480739,34.9797893],[128.7480618,34.9797519],[128.7480041,34.9797157],[128.7479478,34.9796234],[128.7481141,34.9796047],[128.74816780000003,34.9796256]]]}},{"type":"Feature","properties":{"chance":81,"depth_m":48.2,"coastal_limit_km":5},"geometry":{"type":"Polygon","coordinates":[[[128.73803860174277,34.98261387357896],[128.73817435334246,34.991629222757176],[128.74912934647523,34.991516988248705],[128.7489923945441,34.98250167643412],[128.73803860174277,34.98261387357896]]]}},{"type":"Feature","properties":{"chance":84,"depth_m":48.2,"coastal_limit_km":5},"geometry":{"type":"Polygon","coordinates":[[[128.73817435334246,34.991629222757176],[128.73831016523968,35.000644558061595],[128.74926635923674,35.00053228618143],[128.74912934647523,34.991516988248705],[128.73817435334246,34.991629222757176]]]}},{"type":"Feature","properties":{"chance":72,"depth_m":48.2,"coastal_limit_km":5},"geometry":{"type":"Polygon","coordinates":[[[128.73831016523968,35.000644558061595],[128.73844603746082,35.00965987949044],[128.74940343285533,35.009547570230566],[128.74926635923674,35.00053228618143],[128.73831016523968,35.000644558061595]]]}},{"type":"Feature","properties":{"chance":54,"depth_m":48.2,"coastal_limit_km":5},"geometry":{"type":"Polygon","coordinates":[[[128.74954056735777,35.01856284039431],[128.74940343285533,35.009547570230566],[128.73844603746082,35.00965987949044],[128.73854841009788,35.01644980158884],[128.7385829,35.0164236],[128.73859,35.0162199],[128.7388098,35.01608100000001],[128.7390572,35.0162972],[128.7395684,35.0164024],[128.7400903,35.0165105],[128.74092,35.01636],[128.74123,35.01638],[128.7415687,35.01629710000001],[128.7418754,35.0160408],[128.74281,35.0156],[128.7429401,35.01547],[128.74311,35.015339899999994],[128.74327,35.0152001],[128.74358,35.014700000000005],[128.7437401,35.0145699],[128.7446645,35.014652600000005],[128.7457104,35.01460539999999],[128.7460799,35.014709999999994],[128.7461339,35.0150546],[128.7461339,35.0160161],[128.7460799,35.01625],[128.7457599,35.0167601],[128.7453724,35.0172107],[128.7449107,35.0173082],[128.7444759,35.017541900000005],[128.7444592,35.0178718],[128.7440096,35.0181608],[128.7434361556788,35.01862554443883],[128.74954056735777,35.01856284039431]]]}},{"type":"Feature","properties":{"chance":54,"depth_m":48.2,"coastal_limit_km":5},"geometry":{"type":"Polygon","coordinates":[[[128.73871796298099,35.02769048071441],[128.74967776277077,35.0275780966709],[128.74954056735777,35.01856284039431],[128.7434361556788,35.01862554443883],[128.7434351,35.018626399999995],[128.7427434,35.0187536],[128.7426301,35.019070000000006],[128.7423199,35.01984],[128.7421601,35.020090100000004],[128.7424462,35.02056420000001],[128.7426201,35.0208701],[128.7424885,35.0211962],[128.74215,35.02138000000001],[128.7417861,35.02153609999999],[128.7414868,35.0215242],[128.7404658,35.02109239999999],[128.7397997,35.0208508],[128.7393422,35.02081900000001],[128.7390222,35.0209074],[128.73861992388797,35.02119164190452],[128.7386318949387,35.02198529367253],[128.7387315,35.02207889999999],[128.7386829,35.022143699999994],[128.7386336539892,35.02210191185262],[128.73871796298099,35.02769048071441]]]}},{"type":"Feature","properties":{"chance":51,"depth_m":48.2,"coastal_limit_km":5},"geometry":{"type":"Polygon","coordinates":[[[128.73871796298099,35.02769048071441],[128.73885401633305,35.03670576050601],[128.74981501912112,35.03659333905858],[128.74967776277077,35.0275780966709],[128.73871796298099,35.02769048071441]]]}},{"type":"Feature","properties":{"chance":53,"depth_m":48.2,"coastal_limit_km":5},"geometry":{"type":"Polygon","coordinates":[[[128.73885401633305,35.03670576050601],[128.73899013011516,35.04572102641499],[128.74995233643557,35.04560856755558],[128.74981501912112,35.03659333905858],[128.73885401633305,35.03670576050601]]]}},{"type":"Feature","properties":{"chance":53,"depth_m":48.2,"coastal_limit_km":5},"geometry":{"type":"Polygon","coordinates":[[[128.73899013011516,35.04572102641499],[128.73912630435382,35.05473627843961],[128.75008971474094,35.05462378216014],[128.74995233643557,35.04560856755558],[128.73899013011516,35.04572102641499]]]}},{"type":"Feature","properties":{"chance":55,"depth_m":48.2,"coastal_limit_km":5},"geometry":{"type":"Polygon","coordinates":[[[128.73912630435382,35.05473627843961],[128.73926253907572,35.063751516578115],[128.75022715406405,35.063638982870515],[128.75008971474094,35.05462378216014],[128.73912630435382,35.05473627843961]]]}},{"type":"Feature","properties":{"chance":76,"depth_m":48.2,"coastal_limit_km":5},"geometry":{"type":"Polygon","coordinates":[[[128.73926253907572,35.063751516578115],[128.73939883430737,35.07276674082874],[128.7503646544317,35.0726541696849],[128.75022715406405,35.063638982870515],[128.73926253907572,35.063751516578115]]]}},{"type":"Feature","properties":{"chance":85,"depth_m":48.2,"coastal_limit_km":5},"geometry":{"type":"Polygon","coordinates":[[[128.73939883430737,35.07276674082874],[128.73953519007543,35.08178195118973],[128.7505022158708,35.081669342601586],[128.7503646544317,35.0726541696849],[128.73939883430737,35.07276674082874]]]}},{"type":"Feature","properties":{"chance":77,"depth_m":48.2,"coastal_limit_km":5},"geometry":{"type":"Polygon","coordinates":[[[128.73953519007543,35.08178195118973],[128.73967160640652,35.090797147659345],[128.75063983840818,35.09068450161878],[128.7505022158708,35.081669342601586],[128.73953519007543,35.08178195118973]]]}},{"type":"Feature","properties":{"chance":57,"depth_m":48.2,"coastal_limit_km":5},"geometry":{"type":"Polygon","coordinates":[[[128.73967160640652,35.090797147659345],[128.73980808332735,35.09981233023582],[128.75077752207073,35.099699646734756],[128.75063983840818,35.09068450161878],[128.73967160640652,35.090797147659345]]]}},{"type":"Feature","properties":{"chance":49,"depth_m":48.2,"coastal_limit_km":5},"geometry":{"type":"Polygon","coordinates":[[[128.73980808332735,35.09981233023582],[128.7399446208645,35.10882749891741],[128.7509152668854,35.108714777947725],[128.75077752207073,35.099699646734756],[128.73980808332735,35.09981233023582]]]}},{"type":"Feature","properties":{"chance":49,"depth_m":48.2,"coastal_limit_km":5},"geometry":{"type":"Polygon","coordinates":[[[128.7399446208645,35.10882749891741],[128.74008121904475,35.11784265370235],[128.75105307287907,35.117729895255955],[128.7509152668854,35.108714777947725],[128.7399446208645,35.10882749891741]]]}},{"type":"Feature","properties":{"chance":53,"depth_m":48.2,"coastal_limit_km":5},"geometry":{"type":"Polygon","coordinates":[[[128.74008121904475,35.11784265370235],[128.74021787789474,35.126857794588915],[128.75119094007871,35.126744998657685],[128.75105307287907,35.117729895255955],[128.74008121904475,35.11784265370235]]]}},{"type":"Feature","properties":{"chance":58,"depth_m":48.2,"coastal_limit_km":5},"geometry":{"type":"Polygon","coordinates":[[[128.75119094007871,35.126744998657685],[128.74021787789474,35.126857794588915],[128.74035459744127,35.13587292157534],[128.74671187265855,35.13580767954145],[128.74674773242893,35.135792922165976],[128.7512971453145,35.13368699564189],[128.75119094007871,35.126744998657685]]]}},{"type":"Feature","properties":{"chance":46,"depth_m":46.7,"coastal_limit_km":5},"geometry":{"type":"Polygon","coordinates":[[[128.74035459744127,35.13587292157534],[128.74038689346747,35.138001897367566],[128.74168043482206,35.13764843325479],[128.74647033350587,35.13590707976501],[128.74671187265855,35.13580767954145],[128.74035459744127,35.13587292157534]]]}},{"type":"Feature","properties":{"chance":61,"depth_m":49.8,"coastal_limit_km":5},"geometry":{"type":"Polygon","coordinates":[[[128.74735370644572,34.87431685252044],[128.7552827157551,34.87423524001743],[128.75336494638958,34.8732026005784],[128.7533026666991,34.873172714096796],[128.75275760996723,34.87291459742027],[128.7526290531931,34.87285452472788],[128.74801840731342,34.87093115840883],[128.7472990488527,34.87069841463949],[128.74735370644572,34.87431685252044]]]}},{"type":"Feature","properties":{"chance":72,"depth_m":50.0,"coastal_limit_km":5},"geometry":{"type":"Polygon","coordinates":[[[128.74735370644572,34.87431685252044],[128.74748993048848,34.883332330778806],[128.75843049423827,34.88321955987696],[128.75831894595976,34.87590163275241],[128.75807612599476,34.87573927386515],[128.7552827157551,34.87423524001743],[128.74735370644572,34.87431685252044]]]}},{"type":"Feature","properties":{"chance":66,"depth_m":50.0,"coastal_limit_km":5},"geometry":{"type":"Polygon","coordinates":[[[128.74748993048848,34.883332330778806],[128.74762621504257,34.89234779517665],[128.75856797325068,34.892234986671326],[128.75843049423827,34.88321955987696],[128.74748993048848,34.883332330778806]]]}},{"type":"Feature","properties":{"chance":65,"depth_m":50.0,"coastal_limit_km":5},"geometry":{"type":"Polygon","coordinates":[[[128.74762621504257,34.89234779517665],[128.74776256013453,34.90136324571215],[128.75870551333128,34.901250399595284],[128.75856797325068,34.892234986671326],[128.74762621504257,34.89234779517665]]]}},{"type":"Feature","properties":{"chance":77,"depth_m":50.0,"coastal_limit_km":5},"geometry":{"type":"Polygon","coordinates":[[[128.74776256013453,34.90136324571215],[128.74789896579082,34.91037868238358],[128.75884311450676,34.91026579864709],[128.75870551333128,34.901250399595284],[128.74776256013453,34.90136324571215]]]}},{"type":"Feature","properties":{"chance":75,"depth_m":50.0,"coastal_limit_km":5},"geometry":{"type":"Polygon","coordinates":[[[128.74789896579082,34.91037868238358],[128.748035432038,34.91939410518913],[128.75898077680392,34.91928118382493],[128.75884311450676,34.91026579864709],[128.74789896579082,34.91037868238358]]]}},{"type":"Feature","properties":{"chance":59,"depth_m":50.0,"coastal_limit_km":5},"geometry":{"type":"Polygon","coordinates":[[[128.748035432038,34.91939410518913],[128.74817195890256,34.928409514127004],[128.7591185002495,34.92829655512704],[128.75898077680392,34.91928118382493],[128.748035432038,34.91939410518913]]]}},{"type":"Feature","properties":{"chance":32,"depth_m":50.0,"coastal_limit_km":5},"geometry":{"type":"Polygon","coordinates":[[[128.74817195890256,34.928409514127004],[128.7483085464111,34.93742490919547],[128.7592562848703,34.93731191255163],[128.7591185002495,34.92829655512704],[128.74817195890256,34.928409514127004]]]}},{"type":"Feature","properties":{"chance":38,"depth_m":50.0,"coastal_limit_km":5},"geometry":{"type":"Polygon","coordinates":[[[128.7483085464111,34.93742490919547],[128.74844519459018,34.94644029039273],[128.75939413069315,34.946327256096914],[128.7592562848703,34.93731191255163],[128.7483085464111,34.93742490919547]]]}},{"type":"Feature","properties":{"chance":62,"depth_m":50.0,"coastal_limit_km":5},"geometry":{"type":"Polygon","coordinates":[[[128.74844519459018,34.94644029039273],[128.74858190346637,34.95545565771698],[128.7595320377449,34.95534258576111],[128.75939413069315,34.946327256096914],[128.74844519459018,34.94644029039273]]]}},{"type":"Feature","properties":{"chance":74,"depth_m":50.0,"coastal_limit_km":5},"geometry":{"type":"Polygon","coordinates":[[[128.74858190346637,34.95545565771698],[128.74871867306635,34.96447101116648],[128.7596700060523,34.96435790154245],[128.7595320377449,34.95534258576111],[128.74858190346637,34.95545565771698]]]}},{"type":"Feature","properties":{"chance":71,"depth_m":50.0,"coastal_limit_km":5},"geometry":{"type":"Polygon","coordinates":[[[128.74871867306635,34.96447101116648],[128.74885550341673,34.97348635073946],[128.7598080356423,34.97337320343915],[128.7596700060523,34.96435790154245],[128.74871867306635,34.96447101116648]]]}},{"type":"Feature","properties":{"chance":62,"depth_m":50.0,"coastal_limit_km":5},"geometry":{"type":"Polygon","coordinates":[[[128.74885550341673,34.97348635073946],[128.7489923945441,34.98250167643412],[128.75994612654173,34.982388491449434],[128.7598080356423,34.97337320343915],[128.74885550341673,34.97348635073946]],[[128.754302,34.973987199999996],[128.754487,34.9739751],[128.754597,34.9739356],[128.7546238,34.97384550000001],[128.75479,34.973730100000004],[128.7549135,34.97387400000001],[128.7549216,34.973929],[128.7550959,34.973918000000005],[128.7551522,34.9740455],[128.755112,34.9741576],[128.7551227,34.974295999999995],[128.7551549,34.97437949999999],[128.7552327,34.9744257],[128.7553185,34.9744345],[128.7554151,34.9743114],[128.7555009,34.9742762],[128.7555787,34.9742982],[128.755576,34.9744279],[128.7555465,34.974583900000006],[128.755635,34.974513599999995],[128.755796,34.9743839],[128.7561017,34.9743466],[128.7562224,34.97452019999999],[128.7562734,34.97469159999999],[128.7563136,34.9748191],[128.7562814,34.9749993],[128.7560803,34.975157599999996],[128.7557396,34.9751861],[128.7556511,34.9751444],[128.7555653,34.974962],[128.7555036,34.9747312],[128.7554607,34.9746499],[128.7553963,34.9745927],[128.7552622,34.97458829999999],[128.7550262,34.9746543],[128.754892,34.9746609],[128.7547338,34.97455540000001],[128.7544093,34.97442240000001],[128.7542845,34.974451],[128.7542644,34.97442899999999],[128.7542631,34.97437839999999],[128.7542362,34.97429269999999],[128.7541236,34.974249900000004],[128.7540378,34.9741751],[128.7539774,34.9740334],[128.7539881,34.9739565],[128.754078,34.97394330000001],[128.754133,34.97398280000001],[128.7541464,34.97404],[128.7541772,34.974078399999996],[128.7542067,34.97408719999999],[128.754302,34.973987199999996]],[[128.7504101,34.97745],[128.7504101,34.9773235],[128.7505227,34.977247600000005],[128.7506931,34.97720150000001],[128.7510069,34.9771433],[128.7511168,34.9771894],[128.7511745,34.9772268],[128.7513542,34.97724],[128.7514186,34.97732129999999],[128.7512845,34.97738389999999],[128.7511946,34.97749490000001],[128.7510981,34.97752130000001],[128.7510176,34.9775081],[128.7508942,34.97747400000001],[128.7507051,34.9774696],[128.750504,34.9775323],[128.7504101,34.97745]]]}},{"type":"Feature","properties":{"chance":72,"depth_m":50.0,"coastal_limit_km":5},"geometry":{"type":"Polygon","coordinates":[[[128.7489923945441,34.98250167643412],[128.74912934647523,34.991516988248705],[128.76008427877758,34.991403765571526],[128.75994612654173,34.982388491449434],[128.7489923945441,34.98250167643412]]]}},{"type":"Feature","properties":{"chance":75,"depth_m":50.0,"coastal_limit_km":5},"geometry":{"type":"Polygon","coordinates":[[[128.74912934647523,34.991516988248705],[128.74926635923674,35.00053228618143],[128.7602224923767,35.00041902580366],[128.76008427877758,34.991403765571526],[128.74912934647523,34.991516988248705]]]}},{"type":"Feature","properties":{"chance":64,"depth_m":50.0,"coastal_limit_km":5},"geometry":{"type":"Polygon","coordinates":[[[128.74926635923674,35.00053228618143],[128.74940343285533,35.009547570230566],[128.76036076736605,35.009434272144034],[128.7602224923767,35.00041902580366],[128.74926635923674,35.00053228618143]]]}},{"type":"Feature","properties":{"chance":41,"depth_m":50.0,"coastal_limit_km":5},"geometry":{"type":"Polygon","coordinates":[[[128.74940343285533,35.009547570230566],[128.74954056735777,35.01856284039431],[128.76049910377256,35.01844950459091],[128.76036076736605,35.009434272144034],[128.74940343285533,35.009547570230566]]]}},{"type":"Feature","properties":{"chance":29,"depth_m":50.0,"coastal_limit_km":5},"geometry":{"type":"Polygon","coordinates":[[[128.74954056735777,35.01856284039431],[128.74967776277077,35.0275780966709],[128.76063750162325,35.027464723142515],[128.76049910377256,35.01844950459091],[128.74954056735777,35.01856284039431]]]}},{"type":"Feature","properties":{"chance":57,"depth_m":50.0,"coastal_limit_km":5},"geometry":{"type":"Polygon","coordinates":[[[128.74967776277077,35.0275780966709],[128.74981501912112,35.03659333905858],[128.7607759609451,35.03647992779706],[128.76063750162325,35.027464723142515],[128.74967776277077,35.0275780966709]]]}},{"type":"Feature","properties":{"chance":73,"depth_m":50.0,"coastal_limit_km":5},"geometry":{"type":"Polygon","coordinates":[[[128.74981501912112,35.03659333905858],[128.74995233643557,35.04560856755558],[128.7609144817651,35.045495118552786],[128.7607759609451,35.03647992779706],[128.74981501912112,35.03659333905858]]]}},{"type":"Feature","properties":{"chance":76,"depth_m":50.0,"coastal_limit_km":5},"geometry":{"type":"Polygon","coordinates":[[[128.74995233643557,35.04560856755558],[128.75008971474094,35.05462378216014],[128.76105306411034,35.05451029540793],[128.7609144817651,35.045495118552786],[128.74995233643557,35.04560856755558]]]}},{"type":"Feature","properties":{"chance":65,"depth_m":50.0,"coastal_limit_km":5},"geometry":{"type":"Polygon","coordinates":[[[128.75008971474094,35.05462378216014],[128.75022715406405,35.063638982870515],[128.76119170800783,35.063525458360715],[128.76105306411034,35.05451029540793],[128.75008971474094,35.05462378216014]]]}},{"type":"Feature","properties":{"chance":66,"depth_m":50.0,"coastal_limit_km":5},"geometry":{"type":"Polygon","coordinates":[[[128.75022715406405,35.063638982870515],[128.7503646544317,35.0726541696849],[128.76133041348461,35.072540607409394],[128.76119170800783,35.063525458360715],[128.75022715406405,35.063638982870515]]]}},{"type":"Feature","properties":{"chance":73,"depth_m":50.0,"coastal_limit_km":5},"geometry":{"type":"Polygon","coordinates":[[[128.7503646544317,35.0726541696849],[128.7505022158708,35.081669342601586],[128.76146918056787,35.08155574255218],[128.76133041348461,35.072540607409394],[128.7503646544317,35.0726541696849]]]}},{"type":"Feature","properties":{"chance":67,"depth_m":50.0,"coastal_limit_km":5},"geometry":{"type":"Polygon","coordinates":[[[128.7505022158708,35.081669342601586],[128.75063983840818,35.09068450161878],[128.76160800928463,35.09057086378733],[128.76146918056787,35.08155574255218],[128.7505022158708,35.081669342601586]]]}},{"type":"Feature","properties":{"chance":48,"depth_m":50.0,"coastal_limit_km":5},"geometry":{"type":"Polygon","coordinates":[[[128.75063983840818,35.09068450161878],[128.75077752207073,35.099699646734756],[128.76174689966203,35.09958597111307],[128.76160800928463,35.09057086378733],[128.75063983840818,35.09068450161878]]]}},{"type":"Feature","properties":{"chance":26,"depth_m":50.0,"coastal_limit_km":5},"geometry":{"type":"Polygon","coordinates":[[[128.75077752207073,35.099699646734756],[128.7509152668854,35.108714777947725],[128.76188585172724,35.10860106452765],[128.76174689966203,35.09958597111307],[128.75077752207073,35.099699646734756]]]}},{"type":"Feature","properties":{"chance":50,"depth_m":50.0,"coastal_limit_km":5},"geometry":{"type":"Polygon","coordinates":[[[128.7509152668854,35.108714777947725],[128.75105307287907,35.117729895255955],[128.7620248655074,35.11761614402929],[128.76188585172724,35.10860106452765],[128.7509152668854,35.108714777947725]]]}},{"type":"Feature","properties":{"chance":71,"depth_m":50.0,"coastal_limit_km":5},"geometry":{"type":"Polygon","coordinates":[[[128.7620248655074,35.11761614402929],[128.75105307287907,35.117729895255955],[128.75119094007871,35.126744998657685],[128.76174621506107,35.12663555959236],[128.7621585665068,35.12628290029654],[128.7620248655074,35.11761614402929]]]}},{"type":"Feature","properties":{"chance":75,"depth_m":49.9,"coastal_limit_km":5},"geometry":{"type":"Polygon","coordinates":[[[128.75119094007871,35.126744998657685],[128.7512971453145,35.13368699564189],[128.75140240132512,35.133638269281974],[128.7557796734137,35.13112181950707],[128.75983802746734,35.12826746011751],[128.76174621506107,35.12663555959236],[128.75119094007871,35.126744998657685]]]}},{"type":"Feature","properties":{"chance":83,"depth_m":48.8,"coastal_limit_km":5},"geometry":{"type":"Polygon","coordinates":[[[128.75843049423827,34.88321955987696],[128.76760225718112,34.883124262175805],[128.76642964803125,34.881937668564944],[128.7624464373238,34.87866125912457],[128.75831894595976,34.87590163275241],[128.75843049423827,34.88321955987696]]]}},{"type":"Feature","properties":{"chance":76,"depth_m":48.0,"coastal_limit_km":5},"geometry":{"type":"Polygon","coordinates":[[[128.75843049423827,34.88321955987696],[128.75856797325068,34.892234986671326],[128.7695096703906,34.89212119362878],[128.769399245114,34.88494259050103],[128.76760225718112,34.883124262175805],[128.75843049423827,34.88321955987696]]]}},{"type":"Feature","properties":{"chance":57,"depth_m":48.0,"coastal_limit_km":5},"geometry":{"type":"Polygon","coordinates":[[[128.75856797325068,34.892234986671326],[128.75870551333128,34.901250399595284],[128.76964840543312,34.90113656861305],[128.7695096703906,34.89212119362878],[128.75856797325068,34.892234986671326]]]}},{"type":"Feature","properties":{"chance":55,"depth_m":48.0,"coastal_limit_km":5},"geometry":{"type":"Polygon","coordinates":[[[128.75870551333128,34.901250399595284],[128.75884311450676,34.91026579864709],[128.769787202101,34.910151929717],[128.76964840543312,34.90113656861305],[128.75870551333128,34.901250399595284]]]}},{"type":"Feature","properties":{"chance":55,"depth_m":48.0,"coastal_limit_km":5},"geometry":{"type":"Polygon","coordinates":[[[128.75884311450676,34.91026579864709],[128.75898077680392,34.91928118382493],[128.76992606042143,34.91916727693885],[128.769787202101,34.910151929717],[128.75884311450676,34.91026579864709]]]}},{"type":"Feature","properties":{"chance":48,"depth_m":48.0,"coastal_limit_km":5},"geometry":{"type":"Polygon","coordinates":[[[128.75898077680392,34.91928118382493],[128.7591185002495,34.92829655512704],[128.77006498042124,34.92818261027681],[128.76992606042143,34.91916727693885],[128.75898077680392,34.91928118382493]]]}},{"type":"Feature","properties":{"chance":52,"depth_m":48.0,"coastal_limit_km":5},"geometry":{"type":"Polygon","coordinates":[[[128.7591185002495,34.92829655512704],[128.7592562848703,34.93731191255163],[128.7702039621275,34.93719792972908],[128.77006498042124,34.92818261027681],[128.7591185002495,34.92829655512704]]]}},{"type":"Feature","properties":{"chance":47,"depth_m":48.0,"coastal_limit_km":5},"geometry":{"type":"Polygon","coordinates":[[[128.7592562848703,34.93731191255163],[128.75939413069315,34.946327256096914],[128.7703430055673,34.946213235293904],[128.7702039621275,34.93719792972908],[128.7592562848703,34.93731191255163]]]}},{"type":"Feature","properties":{"chance":70,"depth_m":48.0,"coastal_limit_km":5},"geometry":{"type":"Polygon","coordinates":[[[128.75939413069315,34.946327256096914],[128.7595320377449,34.95534258576111],[128.77048211076766,34.95522852696947],[128.7703430055673,34.946213235293904],[128.75939413069315,34.946327256096914]]]}},{"type":"Feature","properties":{"chance":84,"depth_m":48.0,"coastal_limit_km":5},"geometry":{"type":"Polygon","coordinates":[[[128.7595320377449,34.95534258576111],[128.7596700060523,34.96435790154245],[128.77062127775568,34.964243804754005],[128.77048211076766,34.95522852696947],[128.7595320377449,34.95534258576111]]]}},{"type":"Feature","properties":{"chance":82,"depth_m":48.0,"coastal_limit_km":5},"geometry":{"type":"Polygon","coordinates":[[[128.7596700060523,34.96435790154245],[128.7598080356423,34.97337320343915],[128.7707605065584,34.97325906864572],[128.77062127775568,34.964243804754005],[128.7596700060523,34.96435790154245]]]}},{"type":"Feature","properties":{"chance":65,"depth_m":48.0,"coastal_limit_km":5},"geometry":{"type":"Polygon","coordinates":[[[128.7598080356423,34.97337320343915],[128.75994612654173,34.982388491449434],[128.77089979720301,34.982274318642844],[128.7707605065584,34.97325906864572],[128.7598080356423,34.97337320343915]]]}},{"type":"Feature","properties":{"chance":49,"depth_m":48.0,"coastal_limit_km":5},"geometry":{"type":"Polygon","coordinates":[[[128.75994612654173,34.982388491449434],[128.76008427877758,34.991403765571526],[128.77103914971667,34.99128955474358],[128.77089979720301,34.982274318642844],[128.75994612654173,34.982388491449434]]]}},{"type":"Feature","properties":{"chance":52,"depth_m":48.0,"coastal_limit_km":5},"geometry":{"type":"Polygon","coordinates":[[[128.76008427877758,34.991403765571526],[128.7602224923767,35.00041902580366],[128.77117856412644,35.000304776946166],[128.77103914971667,34.99128955474358],[128.76008427877758,34.991403765571526]]]}},{"type":"Feature","properties":{"chance":47,"depth_m":48.0,"coastal_limit_km":5},"geometry":{"type":"Polygon","coordinates":[[[128.7602224923767,35.00041902580366],[128.76036076736605,35.009434272144034],[128.77131804045956,35.00931998524882],[128.77117856412644,35.000304776946166],[128.7602224923767,35.00041902580366]]]}},{"type":"Feature","properties":{"chance":47,"depth_m":48.9,"coastal_limit_km":5},"geometry":{"type":"Polygon","coordinates":[[[128.77131804045956,35.00931998524882],[128.76036076736605,35.009434272144034],[128.76049910377256,35.01844950459091],[128.7714575787432,35.018335179649775],[128.77141675579048,35.01569813381692],[128.7706837,35.0155427],[128.7706688,35.01562650000001],[128.76945,35.015400500000005],[128.7694609,35.0153687],[128.7693526,35.0153492],[128.7691579,35.015537599999995],[128.7690078,35.0157975],[128.7686115,35.0160724],[128.7674478,35.01591750000001],[128.7671278,35.01566770000001],[128.7668179,35.0154076],[128.7664979,35.01527759999999],[128.7663478,35.01476769999999],[128.7656105,35.01415149999999],[128.7654711,35.0135013],[128.7655354,35.012965300000005],[128.7654603,35.012473199999995],[128.76541780000002,35.0121876],[128.7654278,35.0119376],[128.7656427,35.0118669],[128.7663937,35.01181420000001],[128.7668765,35.0116824],[128.7674578,35.0118075],[128.7676079,35.0119376],[128.7677678,35.01206760000001],[128.7679178,35.01219760000001],[128.7678668,35.0125154],[128.7682534,35.0131209],[128.7684387,35.01345379999999],[128.7688577,35.0134876],[128.7693225,35.0134156],[128.770602,35.01368659999999],[128.770944,35.0138493],[128.77138970028352,35.01395023613733],[128.7713874765909,35.013806569679154],[128.77123,35.01347],[128.77123,35.01295999999999],[128.77137437357106,35.01296000009848],[128.77131804045956,35.00931998524882]],[[128.7628057,35.0172262],[128.7627954,35.017679],[128.7618834,35.017708600000006],[128.76148130000004,35.0174401],[128.7613248,35.0171339],[128.76169,35.0165401],[128.76201,35.016019899999996],[128.76216,35.0158899],[128.7625787,35.0158949],[128.762977,35.016302599999996],[128.7633613,35.0163069],[128.7634101,35.0168],[128.7630999,35.016799999999996],[128.7630999,35.01704999999999],[128.7628057,35.0172262]]]}},{"type":"Feature","properties":{"chance":53,"depth_m":48.0,"coastal_limit_km":5},"geometry":{"type":"Polygon","coordinates":[[[128.76049910377256,35.01844950459091],[128.76063750162325,35.027464723142515],[128.77159717900454,35.02735036014723],[128.7714575787432,35.018335179649775],[128.76049910377256,35.01844950459091]]]}},{"type":"Feature","properties":{"chance":63,"depth_m":48.0,"coastal_limit_km":5},"geometry":{"type":"Polygon","coordinates":[[[128.76063750162325,35.027464723142515],[128.7607759609451,35.03647992779706],[128.7717368412709,35.036365526739424],[128.77159717900454,35.02735036014723],[128.76063750162325,35.027464723142515]]]}},{"type":"Feature","properties":{"chance":81,"depth_m":48.0,"coastal_limit_km":5},"geometry":{"type":"Polygon","coordinates":[[[128.7607759609451,35.03647992779706],[128.7609144817651,35.045495118552786],[128.77187656556944,35.045380679424596],[128.7717368412709,35.036365526739424],[128.7607759609451,35.03647992779706]]]}},{"type":"Feature","properties":{"chance":84,"depth_m":48.0,"coastal_limit_km":5},"geometry":{"type":"Polygon","coordinates":[[[128.7609144817651,35.045495118552786],[128.76105306411034,35.05451029540793],[128.77201635192748,35.054395818200966],[128.77187656556944,35.045380679424596],[128.7609144817651,35.045495118552786]]]}},{"type":"Feature","properties":{"chance":72,"depth_m":48.0,"coastal_limit_km":5},"geometry":{"type":"Polygon","coordinates":[[[128.76105306411034,35.05451029540793],[128.76119170800783,35.063525458360715],[128.77215620037225,35.06341094306674],[128.77201635192748,35.054395818200966],[128.76105306411034,35.05451029540793]]]}},{"type":"Feature","properties":{"chance":48,"depth_m":48.0,"coastal_limit_km":5},"geometry":{"type":"Polygon","coordinates":[[[128.76119170800783,35.063525458360715],[128.76133041348461,35.072540607409394],[128.77229611093114,35.0724260540202],[128.77215620037225,35.06341094306674],[128.76119170800783,35.063525458360715]]]}},{"type":"Feature","properties":{"chance":48,"depth_m":48.0,"coastal_limit_km":5},"geometry":{"type":"Polygon","coordinates":[[[128.76133041348461,35.072540607409394],[128.76146918056787,35.08155574255218],[128.77243608363142,35.081441151059536],[128.77229611093114,35.0724260540202],[128.76133041348461,35.072540607409394]]]}},{"type":"Feature","properties":{"chance":46,"depth_m":48.0,"coastal_limit_km":5},"geometry":{"type":"Polygon","coordinates":[[[128.76146918056787,35.08155574255218],[128.76160800928463,35.09057086378733],[128.77257611850044,35.09045623418299],[128.77243608363142,35.081441151059536],[128.76146918056787,35.08155574255218]]]}},{"type":"Feature","properties":{"chance":57,"depth_m":48.0,"coastal_limit_km":5},"geometry":{"type":"Polygon","coordinates":[[[128.76160800928463,35.09057086378733],[128.76174689966203,35.09958597111307],[128.77271621556554,35.0994713033888],[128.77257611850044,35.09045623418299],[128.76160800928463,35.09057086378733]]]}},{"type":"Feature","properties":{"chance":58,"depth_m":48.0,"coastal_limit_km":5},"geometry":{"type":"Polygon","coordinates":[[[128.76174689966203,35.09958597111307],[128.76188585172724,35.10860106452765],[128.77285637485414,35.10848635867521],[128.77271621556554,35.0994713033888],[128.76174689966203,35.09958597111307]]]}},{"type":"Feature","properties":{"chance":52,"depth_m":48.0,"coastal_limit_km":5},"geometry":{"type":"Polygon","coordinates":[[[128.77285637485414,35.10848635867521],[128.76188585172724,35.10860106452765],[128.7620248655074,35.11761614402929],[128.7701330412395,35.117531443326676],[128.77208993677905,35.11561665106753],[128.7729512695446,35.1145877120778],[128.77285637485414,35.10848635867521]]]}},{"type":"Feature","properties":{"chance":78,"depth_m":49.2,"coastal_limit_km":5},"geometry":{"type":"Polygon","coordinates":[[[128.7620248655074,35.11761614402929],[128.7621585665068,35.12628290029654],[128.763538981309,35.12510228293706],[128.76684745700553,35.121656326238174],[128.7697321131735,35.117962288712256],[128.76979361027304,35.117863559161414],[128.7701330412395,35.117531443326676],[128.7620248655074,35.11761614402929]]]}},{"type":"Feature","properties":{"chance":77,"depth_m":45.1,"coastal_limit_km":5},"geometry":{"type":"Polygon","coordinates":[[[128.7695096703906,34.89212119362878],[128.77473834278172,34.89206646785225],[128.7730706705879,34.88941182424547],[128.76998360304185,34.88553386449111],[128.769399245114,34.88494259050103],[128.7695096703906,34.89212119362878]]]}},{"type":"Feature","properties":{"chance":57,"depth_m":43.6,"coastal_limit_km":5},"geometry":{"type":"Polygon","coordinates":[[[128.7695096703906,34.89212119362878],[128.76964840543312,34.90113656861305],[128.77879927112014,34.90104062215276],[128.77771857546503,34.89784645615236],[128.7756581412094,34.89353054098941],[128.77473834278172,34.89206646785225],[128.7695096703906,34.89212119362878]]]}},{"type":"Feature","properties":{"chance":28,"depth_m":42.7,"coastal_limit_km":5},"geometry":{"type":"Polygon","coordinates":[[[128.76964840543312,34.90113656861305],[128.769787202101,34.910151929717],[128.78043263855815,34.91004022229521],[128.78018496265702,34.906943864303436],[128.78017662505846,34.906885668779594],[128.7792300966114,34.902313919037525],[128.77879927112014,34.90104062215276],[128.76964840543312,34.90113656861305]]]}},{"type":"Feature","properties":{"chance":47,"depth_m":42.5,"coastal_limit_km":5},"geometry":{"type":"Polygon","coordinates":[[[128.769787202101,34.910151929717],[128.76992606042143,34.91916727693885],[128.77988145682633,34.91906281534151],[128.78032031575128,34.91646750217336],[128.78034436985004,34.91624609457838],[128.7805567395988,34.911591584549505],[128.78043263855815,34.91004022229521],[128.769787202101,34.910151929717]]]}},{"type":"Feature","properties":{"chance":68,"depth_m":43.0,"coastal_limit_km":5},"geometry":{"type":"Polygon","coordinates":[[[128.76992606042143,34.91916727693885],[128.77006498042124,34.92818261027681],[128.77707094803768,34.92810916555084],[128.778317778575,34.92515911976963],[128.77957857987803,34.920853873935314],[128.77988145682633,34.91906281534151],[128.76992606042143,34.91916727693885]]]}},{"type":"Feature","properties":{"chance":74,"depth_m":43.8,"coastal_limit_km":5},"geometry":{"type":"Polygon","coordinates":[[[128.77006498042124,34.92818261027681],[128.7702039621275,34.93719792972908],[128.7811515776512,34.9370829607459],[128.78110768202376,34.93426034447014],[128.7780742292221,34.93292929451962],[128.77509859576065,34.931925661550025],[128.776550003627,34.92934167458931],[128.77707094803768,34.92810916555084],[128.77006498042124,34.92818261027681]]]}},{"type":"Feature","properties":{"chance":71,"depth_m":42.4,"coastal_limit_km":5},"geometry":{"type":"Polygon","coordinates":[[[128.7702039621275,34.93719792972908],[128.7703430055673,34.946213235293904],[128.78129181868087,34.946098228001766],[128.7811515776512,34.9370829607459],[128.7702039621275,34.93719792972908]]]}},{"type":"Feature","properties":{"chance":65,"depth_m":42.4,"coastal_limit_km":5},"geometry":{"type":"Polygon","coordinates":[[[128.7703430055673,34.946213235293904],[128.77048211076766,34.95522852696947],[128.7814321220028,34.95511348136013],[128.78129181868087,34.946098228001766],[128.7703430055673,34.946213235293904]]]}},{"type":"Feature","properties":{"chance":76,"depth_m":42.4,"coastal_limit_km":5},"geometry":{"type":"Polygon","coordinates":[[[128.77048211076766,34.95522852696947],[128.77062127775568,34.964243804754005],[128.7815724876443,34.964128720819225],[128.7814321220028,34.95511348136013],[128.77048211076766,34.95522852696947]]]}},{"type":"Feature","properties":{"chance":75,"depth_m":42.4,"coastal_limit_km":5},"geometry":{"type":"Polygon","coordinates":[[[128.77062127775568,34.964243804754005],[128.7707605065584,34.97325906864572],[128.78171291563265,34.973143946377235],[128.7815724876443,34.964128720819225],[128.77062127775568,34.964243804754005]]]}},{"type":"Feature","properties":{"chance":60,"depth_m":42.4,"coastal_limit_km":5},"geometry":{"type":"Polygon","coordinates":[[[128.7707605065584,34.97325906864572],[128.77089979720301,34.982274318642844],[128.78185340599532,34.98215915803241],[128.78171291563265,34.973143946377235],[128.7707605065584,34.97325906864572]]]}},{"type":"Feature","properties":{"chance":33,"depth_m":42.4,"coastal_limit_km":5},"geometry":{"type":"Polygon","coordinates":[[[128.77089979720301,34.982274318642844],[128.77103914971667,34.99128955474358],[128.78199395875959,34.99117435578295],[128.78185340599532,34.98215915803241],[128.77089979720301,34.982274318642844]]]}},{"type":"Feature","properties":{"chance":42,"depth_m":42.4,"coastal_limit_km":5},"geometry":{"type":"Polygon","coordinates":[[[128.77103914971667,34.99128955474358],[128.77117856412644,35.000304776946166],[128.78213457395285,35.0001895396271],[128.78199395875959,34.99117435578295],[128.77103914971667,34.99128955474358]]]}},{"type":"Feature","properties":{"chance":66,"depth_m":42.4,"coastal_limit_km":5},"geometry":{"type":"Polygon","coordinates":[[[128.78227525160253,35.009204709563015],[128.78213457395285,35.0001895396271],[128.77117856412644,35.000304776946166],[128.77131804045956,35.00931998524882],[128.77969221052456,35.00923197365967],[128.7796774,35.009198700000006],[128.7796811,35.0090898],[128.7796811,35.0090082],[128.7797217,35.0089447],[128.7798879,35.0089295],[128.7801131,35.0088388],[128.7802313,35.0087511],[128.780331,35.0087632],[128.7803679,35.008866000000005],[128.7803605,35.0090777],[128.7802719,35.00915640000001],[128.7801574,35.0091503],[128.7801242,35.009192600000006],[128.78012419999982,35.00922741782334],[128.78227525160253,35.009204709563015]],[[128.7810768,35.0084426],[128.7811211,35.0085061],[128.7811211,35.0085757],[128.781099,35.00864219999999],[128.7809845,35.0086059],[128.7809845,35.00855150000001],[128.7809107,35.0085152],[128.7808996,35.008439599999996],[128.7809476,35.0084305],[128.7809771,35.00847290000001],[128.7810768,35.0084426]],[[128.7808073,35.0088842],[128.7807002,35.008920499999995],[128.7806707,35.0089628],[128.7806559,35.0090445],[128.7805857,35.0090445],[128.7805488,35.0090142],[128.7804934,35.00906560000001],[128.7804417,35.00906560000001],[128.7804417,35.008926499999994],[128.7804934,35.0087632],[128.7805673,35.00871479999999],[128.7807334,35.00869970000001],[128.7808405,35.00867550000001],[128.7809808,35.008678499999995],[128.7811839,35.00868760000001],[128.7811359,35.0087844],[128.7811433,35.00883280000001],[128.7810325,35.00891740000001],[128.780955,35.0089205],[128.7808737,35.0088358],[128.7808036,35.00881760000001],[128.7807224,35.008857],[128.7808073,35.0088842]]]}},{"type":"Feature","properties":{"chance":82,"depth_m":41.0,"coastal_limit_km":5},"geometry":{"type":"MultiPolygon","coordinates":[[[[128.7714575787432,35.018335179649775],[128.78241599173606,35.01821986558897],[128.78227525160253,35.009204709563015],[128.78012419999982,35.00922741782334],[128.7801242,35.0092501],[128.7800651,35.00935290000001],[128.7799174,35.00937410000001],[128.7799396,35.0094406],[128.77978820000004,35.0095434],[128.7796368,35.009609999999995],[128.7794301,35.009582800000004],[128.7794042,35.0095193],[128.7794116,35.0094497],[128.7795187,35.0093559],[128.7795851,35.009371099999996],[128.7796405,35.00931359999999],[128.77970700000003,35.00926520000001],[128.77969221052456,35.00923197365967],[128.77131804045956,35.00931998524882],[128.77137437357106,35.01296000009848],[128.7715399,35.01296],[128.7717,35.0124301],[128.77202,35.01115999999999],[128.7721801,35.010130000000004],[128.77279,35.01025],[128.7729601,35.01039],[128.7731099,35.01051999999999],[128.7734201,35.0106501],[128.7737024,35.0104478],[128.7738526,35.010290700000006],[128.7740229,35.01025229999999],[128.7740605,35.01030170000001],[128.7740578,35.0103511],[128.7741007,35.0103885],[128.7741195,35.01042580000001],[128.7741128,35.0104687],[128.7741382,35.0104654],[128.7741972,35.010426900000006],[128.7742482,35.0104225],[128.7742938,35.0104104],[128.774271,35.01034889999999],[128.7742911,35.010320400000005],[128.7743542,35.0103281],[128.7744346,35.01035000000001],[128.7744708,35.0103368],[128.77452310000004,35.0103335],[128.7745647,35.0103775],[128.7746291,35.0103984],[128.774782,35.01048509999999],[128.7748088,35.0105324],[128.7749456,35.0105609],[128.7749657,35.0106631],[128.775018,35.0107751],[128.7750073,35.010871800000004],[128.7750261,35.0109849],[128.7750287,35.011105699999995],[128.7750582,35.01117820000001],[128.7750408,35.0112606],[128.7750971,35.01126829999999],[128.7750797,35.01119800000001],[128.7751065,35.0111596],[128.7750918,35.0110904],[128.7751025,35.0110706],[128.7750985,35.01101680000001],[128.7751199,35.0109794],[128.7751521,35.010952],[128.7751789,35.01093769999999],[128.7752031,35.010950900000005],[128.7751991,35.0109794],[128.7752219,35.0110113],[128.7752527,35.01107059999999],[128.7752862,35.0110069],[128.7753238,35.0109717],[128.7753667,35.0109575],[128.7753586,35.01090799999999],[128.7753721,35.01089700000001],[128.7753841,35.0108322],[128.7754317,35.0108075],[128.77547,35.0108218],[128.7754847,35.0108416],[128.7754975,35.010811399999994],[128.7755196,35.0107916],[128.7755504,35.010873999999994],[128.7755397,35.0109333],[128.7755679,35.0109926],[128.7755974,35.0110003],[128.7756,35.011020599999995],[128.7756148,35.0110503],[128.7756188,35.0110354],[128.7756242,35.011006300000005],[128.7756322,35.01098600000001],[128.7756537,35.01100249999999],[128.7756765,35.0110475],[128.7756872,35.011109],[128.775706,35.011134299999995],[128.7757342,35.0110519],[128.77575430000002,35.0109629],[128.775765,35.010915700000005],[128.7757663,35.010863],[128.7757838,35.0108465],[128.7758495,35.0108388],[128.7758951,35.01087400000001],[128.7759233,35.0108762],[128.77593,35.0108542],[128.7759568,35.0108388],[128.7759702,35.01082340000001],[128.7759487,35.01078939999999],[128.7759554,35.0107422],[128.775938,35.0107103],[128.77593,35.010666400000005],[128.7759662,35.0106345],[128.7760265,35.0106268],[128.7760654,35.010646599999994],[128.7760828,35.01068610000001],[128.7761217,35.0107444],[128.7761499,35.0107553],[128.77617,35.010729],[128.7761942,35.0106817],[128.7762344,35.01066529999999],[128.7762988,35.0106521],[128.7763698,35.0106708],[128.7764074,35.01079380000001],[128.7764476,35.0108432],[128.7764432,35.010932499999996],[128.7763707,35.011226699999995],[128.7762299,35.0114301],[128.775571,35.01219609999999],[128.7757383,35.012294399999995],[128.7757601,35.0125832],[128.7759151,35.0126466],[128.7760701,35.01292440000002],[128.7757601,35.01296],[128.77535,35.013474300000006],[128.7751345,35.0139305],[128.7749899,35.0141199],[128.7746599,35.014379999999996],[128.77435,35.01462999999999],[128.7738464,35.0149507],[128.77348,35.0149483],[128.7725791,35.01490770000001],[128.77248,35.01488990000001],[128.7721505,35.01464630000001],[128.7718501,35.01476009999999],[128.7717271,35.0152857],[128.7723007,35.0154392],[128.7721132,35.0158458],[128.77141675579048,35.01569813381692],[128.7714575787432,35.018335179649775]],[[128.7767038,35.011253999999994],[128.7766756,35.0113155],[128.77668500000001,35.0113858],[128.7766431,35.01143230000001],[128.7765563,35.0114243],[128.7764812,35.0114638],[128.7764278,35.011451300000004],[128.7764458,35.011297000000006],[128.77651710000004,35.0111759],[128.7767229,35.0111086],[128.7767844,35.011164199999996],[128.7767547,35.011231],[128.7767038,35.011253999999994]]],[[[128.77138970028352,35.01395023613733],[128.7714624,35.013966700000005],[128.7713874765909,35.013806569679154],[128.77138970028352,35.01395023613733]]]]}},{"type":"Feature","properties":{"chance":77,"depth_m":42.4,"coastal_limit_km":5},"geometry":{"type":"Polygon","coordinates":[[[128.7714575787432,35.018335179649775],[128.77159717900454,35.02735036014723],[128.7825567943809,35.027235007703155],[128.78241599173606,35.01821986558897],[128.7714575787432,35.018335179649775]]]}},{"type":"Feature","properties":{"chance":63,"depth_m":42.4,"coastal_limit_km":5},"geometry":{"type":"Polygon","coordinates":[[[128.77159717900454,35.02735036014723],[128.7717368412709,35.036365526739424],[128.78269765956446,35.036250135903806],[128.7825567943809,35.027235007703155],[128.77159717900454,35.02735036014723]]]}},{"type":"Feature","properties":{"chance":71,"depth_m":42.4,"coastal_limit_km":5},"geometry":{"type":"Polygon","coordinates":[[[128.7717368412709,35.036365526739424],[128.77187656556944,35.045380679424596],[128.78283858731427,35.04526525018915],[128.78269765956446,35.036250135903806],[128.7717368412709,35.036365526739424]]]}},{"type":"Feature","properties":{"chance":75,"depth_m":42.4,"coastal_limit_km":5},"geometry":{"type":"Polygon","coordinates":[[[128.77187656556944,35.045380679424596],[128.77201635192748,35.054395818200966],[128.7829795776578,35.0542803505574],[128.78283858731427,35.04526525018915],[128.77187656556944,35.045380679424596]]]}},{"type":"Feature","properties":{"chance":64,"depth_m":42.4,"coastal_limit_km":5},"geometry":{"type":"Polygon","coordinates":[[[128.77201635192748,35.054395818200966],[128.77215620037225,35.06341094306674],[128.78312063062265,35.063295437006765],[128.7829795776578,35.0542803505574],[128.77201635192748,35.054395818200966]]]}},{"type":"Feature","properties":{"chance":41,"depth_m":42.4,"coastal_limit_km":5},"geometry":{"type":"Polygon","coordinates":[[[128.77215620037225,35.06341094306674],[128.77229611093114,35.0724260540202],[128.78326174623624,35.072310509535505],[128.78312063062265,35.063295437006765],[128.77215620037225,35.06341094306674]]]}},{"type":"Feature","properties":{"chance":33,"depth_m":42.4,"coastal_limit_km":5},"geometry":{"type":"Polygon","coordinates":[[[128.77229611093114,35.0724260540202],[128.77243608363142,35.081441151059536],[128.78340292452623,35.08132556814183],[128.78326174623624,35.072310509535505],[128.77229611093114,35.0724260540202]]]}},{"type":"Feature","properties":{"chance":61,"depth_m":42.4,"coastal_limit_km":5},"geometry":{"type":"Polygon","coordinates":[[[128.77243608363142,35.081441151059536],[128.77257611850044,35.09045623418299],[128.78354416552014,35.09034061282396],[128.78340292452623,35.08132556814183],[128.77243608363142,35.081441151059536]]]}},{"type":"Feature","properties":{"chance":78,"depth_m":42.4,"coastal_limit_km":5},"geometry":{"type":"Polygon","coordinates":[[[128.77257611850044,35.09045623418299],[128.77271621556554,35.0994713033888],[128.78368546924557,35.09935564358014],[128.78354416552014,35.09034061282396],[128.77257611850044,35.09045623418299]]]}},{"type":"Feature","properties":{"chance":81,"depth_m":42.4,"coastal_limit_km":5},"geometry":{"type":"Polygon","coordinates":[[[128.78382683573017,35.108370660408596],[128.78368546924557,35.09935564358014],[128.77271621556554,35.0994713033888],[128.77285637485414,35.10848635867521],[128.777513962291,35.10843735945759],[128.77762584881728,35.10827162593483],[128.77804365207552,35.1074828001511],[128.7785433027533,35.10760272409452],[128.7786694670811,35.107627936027825],[128.78048769342334,35.10791756560028],[128.78095756515341,35.10801949280046],[128.7820046049614,35.10815917546455],[128.78336330901664,35.10837556901447],[128.78382683573017,35.108370660408596]]]}},{"type":"Feature","properties":{"chance":69,"depth_m":44.7,"coastal_limit_km":5},"geometry":{"type":"MultiPolygon","coordinates":[[[[128.78382683573017,35.108370660408596],[128.78336330901664,35.10837556901447],[128.78373734567452,35.108435136948344],[128.78382801691393,35.10844596821482],[128.78382683573017,35.108370660408596]]],[[[128.77285637485414,35.10848635867521],[128.7729512695446,35.1145877120778],[128.77507265061607,35.1120533986101],[128.777513962291,35.10843735945759],[128.77285637485414,35.10848635867521]]]]}},{"type":"Feature","properties":{"chance":86,"depth_m":37.2,"coastal_limit_km":5},"geometry":{"type":"Polygon","coordinates":[[[128.7811515776512,34.9370829607459],[128.78668724388845,34.93702445098972],[128.78451238949995,34.93580986566505],[128.78338105538967,34.93530708384088],[128.78294533719279,34.93506663133127],[128.78110768202376,34.93426034447014],[128.7811515776512,34.9370829607459]]]}},{"type":"Feature","properties":{"chance":79,"depth_m":33.6,"coastal_limit_km":5},"geometry":{"type":"Polygon","coordinates":[[[128.7811515776512,34.9370829607459],[128.78129181868087,34.946098228001766],[128.79224056950218,34.94598223423866],[128.7921542138539,34.940478443918714],[128.78908943610392,34.93836590872566],[128.78668724388845,34.93702445098972],[128.7811515776512,34.9370829607459]]]}},{"type":"Feature","properties":{"chance":62,"depth_m":33.6,"coastal_limit_km":5},"geometry":{"type":"Polygon","coordinates":[[[128.78129181868087,34.946098228001766],[128.7814321220028,34.95511348136013],[128.79238207091836,34.95499744895126],[128.79224056950218,34.94598223423866],[128.78129181868087,34.946098228001766]]]}},{"type":"Feature","properties":{"chance":54,"depth_m":33.6,"coastal_limit_km":5},"geometry":{"type":"Polygon","coordinates":[[[128.7814321220028,34.95511348136013],[128.7815724876443,34.964128720819225],[128.792523635186,34.964012649756285],[128.79238207091836,34.95499744895126],[128.7814321220028,34.95511348136013]]]}},{"type":"Feature","properties":{"chance":55,"depth_m":33.6,"coastal_limit_km":5},"geometry":{"type":"Polygon","coordinates":[[[128.7815724876443,34.964128720819225],[128.78171291563265,34.973143946377235],[128.7926652623327,34.97302783665192],[128.792523635186,34.964012649756285],[128.7815724876443,34.964128720819225]]]}},{"type":"Feature","properties":{"chance":57,"depth_m":33.6,"coastal_limit_km":5},"geometry":{"type":"Polygon","coordinates":[[[128.78171291563265,34.973143946377235],[128.78185340599532,34.98215915803241],[128.79280695238597,34.982043009636385],[128.7926652623327,34.97302783665192],[128.78171291563265,34.973143946377235]]]}},{"type":"Feature","properties":{"chance":62,"depth_m":33.6,"coastal_limit_km":5},"geometry":{"type":"Polygon","coordinates":[[[128.78185340599532,34.98215915803241],[128.78199395875959,34.99117435578295],[128.7929487053735,34.991058168707895],[128.79280695238597,34.982043009636385],[128.78185340599532,34.98215915803241]]]}},{"type":"Feature","properties":{"chance":56,"depth_m":33.6,"coastal_limit_km":5},"geometry":{"type":"Polygon","coordinates":[[[128.78199395875959,34.99117435578295],[128.78213457395285,35.0001895396271],[128.79309052132285,35.00007331386465],[128.7929487053735,34.991058168707895],[128.78199395875959,34.99117435578295]]]}},{"type":"Feature","properties":{"chance":75,"depth_m":33.6,"coastal_limit_km":5},"geometry":{"type":"Polygon","coordinates":[[[128.78213457395285,35.0001895396271],[128.78227525160253,35.009204709563015],[128.7932324002617,35.00908844510488],[128.79309052132285,35.00007331386465],[128.78213457395285,35.0001895396271]]]}},{"type":"Feature","properties":{"chance":88,"depth_m":33.6,"coastal_limit_km":5},"geometry":{"type":"Polygon","coordinates":[[[128.78227525160253,35.009204709563015],[128.78241599173606,35.01821986558897],[128.79337434221767,35.01810356242678],[128.7932324002617,35.00908844510488],[128.78227525160253,35.009204709563015]]]}},{"type":"Feature","properties":{"chance":86,"depth_m":33.6,"coastal_limit_km":5},"geometry":{"type":"Polygon","coordinates":[[[128.78241599173606,35.01821986558897],[128.7825567943809,35.027235007703155],[128.79351634721849,35.02711866582858],[128.79337434221767,35.01810356242678],[128.78241599173606,35.01821986558897]]]}},{"type":"Feature","properties":{"chance":69,"depth_m":33.6,"coastal_limit_km":5},"geometry":{"type":"Polygon","coordinates":[[[128.7825567943809,35.027235007703155],[128.78269765956446,35.036250135903806],[128.79365841529182,35.03613375530849],[128.79351634721849,35.02711866582858],[128.7825567943809,35.027235007703155]]]}},{"type":"Feature","properties":{"chance":48,"depth_m":33.6,"coastal_limit_km":5},"geometry":{"type":"Polygon","coordinates":[[[128.78269765956446,35.036250135903806],[128.78283858731427,35.04526525018915],[128.79380054646538,35.04514883086473],[128.79365841529182,35.03613375530849],[128.78269765956446,35.036250135903806]]]}},{"type":"Feature","properties":{"chance":51,"depth_m":33.6,"coastal_limit_km":5},"geometry":{"type":"Polygon","coordinates":[[[128.79380054646538,35.04514883086473],[128.78283858731427,35.04526525018915],[128.7829795776578,35.0542803505574],[128.79394274076694,35.05416389249552],[128.79384785691153,35.048148740108715],[128.7937251,35.0481624],[128.7936714,35.048057],[128.7878591,35.0480219],[128.7875587,35.04818219999999],[128.7872449,35.0481558],[128.7872502,35.0477998],[128.7895991,35.0477848],[128.79384198139644,35.04777620361777],[128.79380054646538,35.04514883086473]]]}},{"type":"Feature","properties":{"chance":55,"depth_m":33.6,"coastal_limit_km":5},"geometry":{"type":"Polygon","coordinates":[[[128.7940849982242,35.06317894019908],[128.79394274076694,35.05416389249552],[128.7829795776578,35.0542803505574],[128.78312063062265,35.063295437006765],[128.79158332754588,35.063205607837645],[128.7915605,35.0631674],[128.7915471,35.0630225],[128.791582,35.0628579],[128.7917536,35.0626361],[128.7922606,35.06238799999999],[128.7924304,35.0624372],[128.7924913,35.06250880000001],[128.7926227,35.0625242],[128.792738,35.0626251],[128.7927648,35.0625856],[128.7927112,35.0624144],[128.792878,35.0623769],[128.7930465,35.062471499999994],[128.7931377,35.06259440000001],[128.7931779,35.0627108],[128.7931296,35.0627942],[128.793025,35.06282269999999],[128.7930733,35.0629325],[128.793017,35.0629588],[128.7928963,35.0630115],[128.7929365,35.0630576],[128.7930036,35.0631169],[128.7930411,35.0631586],[128.79301997572279,35.06319029957526],[128.7940849982242,35.06317894019908]],[[128.7918529,35.062330900000006],[128.79181,35.06238139999999],[128.7917536,35.0623771],[128.7916839,35.062330900000006],[128.79170800000003,35.06225409999999],[128.7917429,35.0621882],[128.7918127,35.06215530000001],[128.7919253,35.0621465],[128.791979,35.0621839],[128.7919977,35.0622475],[128.7919682,35.062289199999995],[128.7919173,35.06230680000001],[128.7918529,35.062330900000006]]]}},{"type":"Feature","properties":{"chance":65,"depth_m":33.6,"coastal_limit_km":5},"geometry":{"type":"Polygon","coordinates":[[[128.78312063062265,35.063295437006765],[128.78326174623624,35.072310509535505],[128.794227318865,35.072193973973626],[128.7940849982242,35.06317894019908],[128.79301997572279,35.06319029957526],[128.7929606,35.063279400000006],[128.7929499,35.06343970000001],[128.7928775,35.0636087],[128.7927273,35.0637338],[128.7925436,35.06379640000001],[128.7924457,35.06390619999999],[128.7923612,35.063925899999994],[128.7922686,35.0639018],[128.7922217,35.06386340000001],[128.7919293,35.0638436],[128.7918381,35.063848],[128.7917697,35.0638085],[128.7916249,35.0638249],[128.7914988,35.06379969999999],[128.7914747,35.063744799999995],[128.7914734,35.063704200000004],[128.7914157,35.063709700000004],[128.7913567,35.063659200000004],[128.791346,35.0635867],[128.79142110000004,35.0634616],[128.7916034,35.0633848],[128.7919682,35.0632706],[128.7919414,35.06323110000001],[128.7917805,35.06326180000001],[128.7916169,35.06326180000001],[128.79158332754588,35.063205607837645],[128.78312063062265,35.063295437006765]]]}},{"type":"Feature","properties":{"chance":63,"depth_m":33.6,"coastal_limit_km":5},"geometry":{"type":"Polygon","coordinates":[[[128.78326174623624,35.072310509535505],[128.78340292452623,35.08132556814183],[128.7943697027171,35.08120899381738],[128.794227318865,35.072193973973626],[128.78326174623624,35.072310509535505]]]}},{"type":"Feature","properties":{"chance":67,"depth_m":33.6,"coastal_limit_km":5},"geometry":{"type":"Polygon","coordinates":[[[128.78340292452623,35.08132556814183],[128.78354416552014,35.09034061282396],[128.79451214980827,35.09022399972857],[128.7943697027171,35.08120899381738],[128.78340292452623,35.08132556814183]]]}},{"type":"Feature","properties":{"chance":84,"depth_m":33.6,"coastal_limit_km":5},"geometry":{"type":"Polygon","coordinates":[[[128.78354416552014,35.09034061282396],[128.78368546924557,35.09935564358014],[128.79465466016646,35.09923899170544],[128.79451214980827,35.09022399972857],[128.78354416552014,35.09034061282396]]]}},{"type":"Feature","properties":{"chance":88,"depth_m":33.6,"coastal_limit_km":5},"geometry":{"type":"Polygon","coordinates":[[[128.78368546924557,35.09935564358014],[128.78382683573017,35.108370660408596],[128.7947972338194,35.10825396974618],[128.79465466016646,35.09923899170544],[128.78368546924557,35.09935564358014]]]}},{"type":"Feature","properties":{"chance":83,"depth_m":32.9,"coastal_limit_km":5},"geometry":{"type":"Polygon","coordinates":[[[128.7947972338194,35.10825396974618],[128.78382683573017,35.108370660408596],[128.78382801691393,35.10844596821482],[128.7843813916368,35.10851207086896],[128.78438758709618,35.10847704681479],[128.78621556221069,35.10872085094857],[128.79153159184605,35.10899959765911],[128.79480760331978,35.10890947992161],[128.7947972338194,35.10825396974618]]]}},{"type":"Feature","properties":{"chance":78,"depth_m":26.7,"coastal_limit_km":5},"geometry":{"type":"Polygon","coordinates":[[[128.79224056950218,34.94598223423866],[128.798510700995,34.9459153623973],[128.7971915916837,34.94454944639312],[128.79333025740112,34.941289034281],[128.7921542138539,34.940478443918714],[128.79224056950218,34.94598223423866]]]}},{"type":"Feature","properties":{"chance":60,"depth_m":23.2,"coastal_limit_km":5},"geometry":{"type":"Polygon","coordinates":[[[128.79224056950218,34.94598223423866],[128.79238207091836,34.95499744895126],[128.80333195698248,34.95488042976127],[128.80327852199815,34.95150509422714],[128.8006340316661,34.94811390787841],[128.798510700995,34.9459153623973],[128.79224056950218,34.94598223423866]]]}},{"type":"Feature","properties":{"chance":34,"depth_m":22.5,"coastal_limit_km":5},"geometry":{"type":"Polygon","coordinates":[[[128.79238207091836,34.95499744895126],[128.792523635186,34.964012649756285],[128.8034747198487,34.9638955915836],[128.80333195698248,34.95488042976127],[128.79238207091836,34.95499744895126]]]}},{"type":"Feature","properties":{"chance":58,"depth_m":22.5,"coastal_limit_km":5},"geometry":{"type":"Polygon","coordinates":[[[128.792523635186,34.964012649756285],[128.7926652623327,34.97302783665192],[128.80361754612608,34.97291073948816],[128.8034747198487,34.9638955915836],[128.792523635186,34.964012649756285]]]}},{"type":"Feature","properties":{"chance":79,"depth_m":22.5,"coastal_limit_km":5},"geometry":{"type":"Polygon","coordinates":[[[128.7926652623327,34.97302783665192],[128.79280695238597,34.982043009636385],[128.8037604358424,34.981925873473145],[128.80361754612608,34.97291073948816],[128.7926652623327,34.97302783665192]]]}},{"type":"Feature","properties":{"chance":87,"depth_m":22.5,"coastal_limit_km":5},"geometry":{"type":"Polygon","coordinates":[[[128.79280695238597,34.982043009636385],[128.7929487053735,34.991058168707895],[128.80390338902558,34.99094099353679],[128.8037604358424,34.981925873473145],[128.79280695238597,34.982043009636385]]]}},{"type":"Feature","properties":{"chance":81,"depth_m":22.5,"coastal_limit_km":5},"geometry":{"type":"Polygon","coordinates":[[[128.7929487053735,34.991058168707895],[128.79309052132285,35.00007331386465],[128.80404640570336,34.99995609967728],[128.80390338902558,34.99094099353679],[128.7929487053735,34.991058168707895]]]}},{"type":"Feature","properties":{"chance":68,"depth_m":22.5,"coastal_limit_km":5},"geometry":{"type":"Polygon","coordinates":[[[128.79309052132285,35.00007331386465],[128.7932324002617,35.00908844510488],[128.8041894859037,35.00897119189282],[128.80404640570336,34.99995609967728],[128.79309052132285,35.00007331386465]]]}},{"type":"Feature","properties":{"chance":79,"depth_m":22.5,"coastal_limit_km":5},"geometry":{"type":"Polygon","coordinates":[[[128.7932324002617,35.00908844510488],[128.79337434221767,35.01810356242678],[128.80433262965448,35.01798627018164],[128.8041894859037,35.00897119189282],[128.7932324002617,35.00908844510488]]]}},{"type":"Feature","properties":{"chance":76,"depth_m":22.5,"coastal_limit_km":5},"geometry":{"type":"Polygon","coordinates":[[[128.80433262965448,35.01798627018164],[128.79337434221767,35.01810356242678],[128.79351634721849,35.02711866582858],[128.80447583698356,35.027001334541936],[128.80440387760382,35.02247191181631],[128.80437,35.02246039999999],[128.8042883,35.02248809999999],[128.8042402,35.022414600000005],[128.80440120253394,35.02230351223772],[128.80433262965448,35.01798627018164]],[[128.8042454,35.022266200000004],[128.8042495,35.022291200000005],[128.80411330000004,35.02235439999999],[128.8041011,35.02231609999999],[128.8041641,35.0222462],[128.8042454,35.022266200000004]]]}},{"type":"Feature","properties":{"chance":64,"depth_m":22.5,"coastal_limit_km":5},"geometry":{"type":"Polygon","coordinates":[[[128.79351634721849,35.02711866582858],[128.79365841529182,35.03613375530849],[128.80461910791894,35.036016384971916],[128.80447583698356,35.027001334541936],[128.79351634721849,35.02711866582858]]]}},{"type":"Feature","properties":{"chance":39,"depth_m":22.5,"coastal_limit_km":5},"geometry":{"type":"Polygon","coordinates":[[[128.79365841529182,35.03613375530849],[128.79380054646538,35.04514883086473],[128.8047624424885,35.04503142146981],[128.80461910791894,35.036016384971916],[128.79365841529182,35.03613375530849]]]}},{"type":"Feature","properties":{"chance":54,"depth_m":22.5,"coastal_limit_km":5},"geometry":{"type":"Polygon","coordinates":[[[128.79394274076694,35.05416389249552],[128.8049058407203,35.05404644403381],[128.8047624424885,35.04503142146981],[128.79380054646538,35.04514883086473],[128.79384198139644,35.04777620361777],[128.7939416,35.047776],[128.7941274,35.04788130000001],[128.7940603,35.04812510000001],[128.79384785691153,35.048148740108715],[128.79394274076694,35.05416389249552]]]}},{"type":"Feature","properties":{"chance":75,"depth_m":22.5,"coastal_limit_km":5},"geometry":{"type":"Polygon","coordinates":[[[128.79394274076694,35.05416389249552],[128.7940849982242,35.06317894019908],[128.8050493026423,35.063061452662154],[128.8049058407203,35.05404644403381],[128.79394274076694,35.05416389249552]]]}},{"type":"Feature","properties":{"chance":88,"depth_m":22.5,"coastal_limit_km":5},"geometry":{"type":"Polygon","coordinates":[[[128.7940849982242,35.06317894019908],[128.794227318865,35.072193973973626],[128.80519282828246,35.07207644735304],[128.8050493026423,35.063061452662154],[128.7940849982242,35.06317894019908]]]}},{"type":"Feature","properties":{"chance":86,"depth_m":22.5,"coastal_limit_km":5},"geometry":{"type":"Polygon","coordinates":[[[128.794227318865,35.072193973973626],[128.7943697027171,35.08120899381738],[128.80533641766885,35.0810914281047],[128.80519282828246,35.07207644735304],[128.794227318865,35.072193973973626]]]}},{"type":"Feature","properties":{"chance":71,"depth_m":22.5,"coastal_limit_km":5},"geometry":{"type":"Polygon","coordinates":[[[128.7943697027171,35.08120899381738],[128.79451214980827,35.09022399972857],[128.80548007082953,35.09010639491534],[128.80533641766885,35.0810914281047],[128.7943697027171,35.08120899381738]]]}},{"type":"Feature","properties":{"chance":74,"depth_m":22.5,"coastal_limit_km":5},"geometry":{"type":"Polygon","coordinates":[[[128.79451214980827,35.09022399972857],[128.79465466016646,35.09923899170544],[128.80562378779254,35.099121347783196],[128.80548007082953,35.09010639491534],[128.79451214980827,35.09022399972857]]]}},{"type":"Feature","properties":{"chance":77,"depth_m":22.5,"coastal_limit_km":5},"geometry":{"type":"Polygon","coordinates":[[[128.80562378779254,35.099121347783196],[128.79465466016646,35.09923899170544],[128.7947972338194,35.10825396974618],[128.80273422198974,35.1081689259227],[128.80575889479883,35.10759256114091],[128.80562378779254,35.099121347783196]]]}},{"type":"Feature","properties":{"chance":78,"depth_m":25.9,"coastal_limit_km":5},"geometry":{"type":"Polygon","coordinates":[[[128.7947972338194,35.10825396974618],[128.79480760331978,35.10890947992161],[128.79685544570953,35.10885310207172],[128.80213684161095,35.10828274956069],[128.80273422198974,35.1081689259227],[128.7947972338194,35.10825396974618]]]}},{"type":"Feature","properties":{"chance":71,"depth_m":9.5,"coastal_limit_km":5},"geometry":{"type":"Polygon","coordinates":[[[128.80333195698248,34.95488042976127],[128.81428177966322,34.95476242380864],[128.814175212423,34.948086404217044],[128.8138197296339,34.9481683930391],[128.80874604114098,34.949801345407806],[128.80389431661166,34.951841165276534],[128.80364230195786,34.95197464110455],[128.80362242664495,34.95194607799315],[128.80327852199815,34.95150509422714],[128.80333195698248,34.95488042976127]]]}},{"type":"Feature","properties":{"chance":70,"depth_m":10.1,"coastal_limit_km":5},"geometry":{"type":"Polygon","coordinates":[[[128.80333195698248,34.95488042976127],[128.8034747198487,34.9638955915836],[128.81442574110025,34.96377754631967],[128.81428177966322,34.95476242380864],[128.80333195698248,34.95488042976127]]]}},{"type":"Feature","properties":{"chance":67,"depth_m":10.1,"coastal_limit_km":5},"geometry":{"type":"Polygon","coordinates":[[[128.8034747198487,34.9638955915836],[128.80361754612608,34.97291073948816],[128.8145697664805,34.97279265490447],[128.81442574110025,34.96377754631967],[128.8034747198487,34.9638955915836]]]}},{"type":"Feature","properties":{"chance":88,"depth_m":10.1,"coastal_limit_km":5},"geometry":{"type":"Polygon","coordinates":[[[128.80361754612608,34.97291073948816],[128.8037604358424,34.981925873473145],[128.81471385583205,34.98180774956125],[128.8145697664805,34.97279265490447],[128.80361754612608,34.97291073948816]]]}},{"type":"Feature","properties":{"chance":96,"depth_m":10.1,"coastal_limit_km":5},"geometry":{"type":"Polygon","coordinates":[[[128.8037604358424,34.981925873473145],[128.80390338902558,34.99094099353679],[128.814858009183,34.99082283028819],[128.81471385583205,34.98180774956125],[128.8037604358424,34.981925873473145]]]}},{"type":"Feature","properties":{"chance":90,"depth_m":10.1,"coastal_limit_km":5},"geometry":{"type":"Polygon","coordinates":[[[128.80390338902558,34.99094099353679],[128.80404640570336,34.99995609967728],[128.81500222656135,34.999837897083516],[128.814858009183,34.99082283028819],[128.80390338902558,34.99094099353679]]]}},{"type":"Feature","properties":{"chance":69,"depth_m":10.1,"coastal_limit_km":5},"geometry":{"type":"Polygon","coordinates":[[[128.80404640570336,34.99995609967728],[128.8041894859037,35.00897119189282],[128.81514650799528,35.00885294994542],[128.81500222656135,34.999837897083516],[128.80404640570336,34.99995609967728]]]}},{"type":"Feature","properties":{"chance":56,"depth_m":10.1,"coastal_limit_km":5},"geometry":{"type":"Polygon","coordinates":[[[128.8041894859037,35.00897119189282],[128.80433262965448,35.01798627018164],[128.81529085351292,35.01786798887212],[128.81514650799528,35.00885294994542],[128.8041894859037,35.00897119189282]]]}},{"type":"Feature","properties":{"chance":56,"depth_m":10.1,"coastal_limit_km":5},"geometry":{"type":"Polygon","coordinates":[[[128.80447583698356,35.027001334541936],[128.81543526314238,35.0268830138618],[128.81529085351292,35.01786798887212],[128.80433262965448,35.01798627018164],[128.80440120253394,35.02230351223772],[128.8044018,35.0223031],[128.8044332,35.0223233],[128.8044838,35.022285],[128.8045278,35.0223059],[128.8045517,35.0222701],[128.8046089,35.022335],[128.8046786,35.0223184],[128.8047492,35.02242449999999],[128.8045568,35.02248610000001],[128.8045058,35.0224586],[128.8044524,35.0224884],[128.80440387760382,35.02247191181631],[128.80447583698356,35.027001334541936]]]}},{"type":"Feature","properties":{"chance":69,"depth_m":10.1,"coastal_limit_km":5},"geometry":{"type":"Polygon","coordinates":[[[128.80447583698356,35.027001334541936],[128.80461910791894,35.036016384971916],[128.81557973691181,35.03589802491268],[128.81543526314238,35.0268830138618],[128.80447583698356,35.027001334541936]]]}},{"type":"Feature","properties":{"chance":74,"depth_m":10.1,"coastal_limit_km":5},"geometry":{"type":"Polygon","coordinates":[[[128.80461910791894,35.036016384971916],[128.8047624424885,35.04503142146981],[128.8157242748495,35.044913022022975],[128.81557973691181,35.03589802491268],[128.80461910791894,35.036016384971916]]]}},{"type":"Feature","properties":{"chance":69,"depth_m":10.1,"coastal_limit_km":5},"geometry":{"type":"Polygon","coordinates":[[[128.8047624424885,35.04503142146981],[128.8049058407203,35.05404644403381],[128.8158688769835,35.05392800519088],[128.8157242748495,35.044913022022975],[128.8047624424885,35.04503142146981]]]}},{"type":"Feature","properties":{"chance":81,"depth_m":10.1,"coastal_limit_km":5},"geometry":{"type":"Polygon","coordinates":[[[128.8049058407203,35.05404644403381],[128.8050493026423,35.063061452662154],[128.81601354334217,35.06294297441461],[128.8158688769835,35.05392800519088],[128.8049058407203,35.05404644403381]]]}},{"type":"Feature","properties":{"chance":94,"depth_m":10.1,"coastal_limit_km":5},"geometry":{"type":"Polygon","coordinates":[[[128.8050493026423,35.063061452662154],[128.80519282828246,35.07207644735304],[128.8161582739537,35.07195792969238],[128.81601354334217,35.06294297441461],[128.8050493026423,35.063061452662154]]]}},{"type":"Feature","properties":{"chance":93,"depth_m":10.1,"coastal_limit_km":5},"geometry":{"type":"Polygon","coordinates":[[[128.80519282828246,35.07207644735304],[128.80533641766885,35.0810914281047],[128.81630306884634,35.08097287102241],[128.8161582739537,35.07195792969238],[128.80519282828246,35.07207644735304]]]}},{"type":"Feature","properties":{"chance":76,"depth_m":10.1,"coastal_limit_km":5},"geometry":{"type":"Polygon","coordinates":[[[128.80533641766885,35.0810914281047],[128.80548007082953,35.09010639491534],[128.8164479280484,35.089987798402895],[128.81630306884634,35.08097287102241],[128.80533641766885,35.0810914281047]]]}},{"type":"Feature","properties":{"chance":50,"depth_m":10.1,"coastal_limit_km":5},"geometry":{"type":"Polygon","coordinates":[[[128.80548007082953,35.09010639491534],[128.80562378779254,35.099121347783196],[128.81659285158818,35.09900271183207],[128.8164479280484,35.089987798402895],[128.80548007082953,35.09010639491534]]]}},{"type":"Feature","properties":{"chance":53,"depth_m":10.1,"coastal_limit_km":5},"geometry":{"type":"Polygon","coordinates":[[[128.81659285158818,35.09900271183207],[128.80562378779254,35.099121347783196],[128.80575889479883,35.10759256114091],[128.80732590075257,35.107293928519546],[128.8074104412304,35.10727421732566],[128.81214073123604,35.10597760538719],[128.81667874403982,35.104343723724256],[128.81659285158818,35.09900271183207]]]}},{"type":"Feature","properties":{"chance":87,"depth_m":18.5,"coastal_limit_km":5},"geometry":{"type":"Polygon","coordinates":[[[128.81428177966322,34.95476242380864],[128.82523153842877,34.95464343111207],[128.82509472222145,34.94614285465059],[128.82443064437734,34.946183470246154],[128.81906521603096,34.94695844861115],[128.814175212423,34.948086404217044],[128.81428177966322,34.95476242380864]]]}},{"type":"Feature","properties":{"chance":89,"depth_m":18.5,"coastal_limit_km":5},"geometry":{"type":"Polygon","coordinates":[[[128.81428177966322,34.95476242380864],[128.81442574110025,34.96377754631967],[128.82537669840855,34.9636585139832],[128.82523153842877,34.95464343111207],[128.81428177966322,34.95476242380864]]]}},{"type":"Feature","properties":{"chance":78,"depth_m":18.5,"coastal_limit_km":5},"geometry":{"type":"Polygon","coordinates":[[[128.81442574110025,34.96377754631967],[128.8145697664805,34.97279265490447],[128.82552192286366,34.97267358291957],[128.82537669840855,34.9636585139832],[128.81442574110025,34.96377754631967]]]}},{"type":"Feature","properties":{"chance":73,"depth_m":18.5,"coastal_limit_km":5},"geometry":{"type":"Polygon","coordinates":[[[128.8145697664805,34.97279265490447],[128.81471385583205,34.98180774956125],[128.82566721182238,34.981688637919376],[128.82552192286366,34.97267358291957],[128.8145697664805,34.97279265490447]]]}},{"type":"Feature","properties":{"chance":80,"depth_m":18.5,"coastal_limit_km":5},"geometry":{"type":"Polygon","coordinates":[[[128.81471385583205,34.98180774956125],[128.814858009183,34.99082283028819],[128.82581256531296,34.99070367898082],[128.82566721182238,34.981688637919376],[128.81471385583205,34.98180774956125]]]}},{"type":"Feature","properties":{"chance":75,"depth_m":18.5,"coastal_limit_km":5},"geometry":{"type":"Polygon","coordinates":[[[128.814858009183,34.99082283028819],[128.81500222656135,34.999837897083516],[128.8259579833638,34.9997187061021],[128.82581256531296,34.99070367898082],[128.814858009183,34.99082283028819]]]}},{"type":"Feature","properties":{"chance":51,"depth_m":18.5,"coastal_limit_km":5},"geometry":{"type":"Polygon","coordinates":[[[128.81500222656135,34.999837897083516],[128.81514650799528,35.00885294994542],[128.82610346600322,35.0087337192814],[128.8259579833638,34.9997187061021],[128.81500222656135,34.999837897083516]],[[128.8213167,35.0012491],[128.821216,35.001225500000004],[128.8212591,35.001198],[128.8213791,35.0011941],[128.8214319,35.0012255],[128.8214127,35.0012648],[128.8213167,35.0012491]],[[128.8208705,35.0012569],[128.8209856,35.0012805],[128.821024,35.00131590000001],[128.8208849,35.0013788],[128.8207457,35.00142989999999],[128.820621,35.0014456],[128.8205442,35.0014338],[128.820429,35.0013827],[128.8204674,35.0013277],[128.8206018,35.00126480000001],[128.8207649,35.001253],[128.8208705,35.0012569]],[[128.8207457,35.0014771],[128.8211056,35.00136700000001],[128.8213839,35.00133950000001],[128.8213599,35.0014338],[128.8212879,35.00152030000001],[128.820952,35.00152030000001],[128.8208225,35.0015124],[128.8207457,35.0014771]],[[128.8194742,35.001933],[128.819479,35.0020941],[128.8194262,35.0022081],[128.8193014,35.0022396],[128.8191479,35.0022396],[128.8190471,35.002239599999996],[128.8189847,35.0022199],[128.8188744,35.002192400000006],[128.8188648,35.0020548],[128.818884,35.00198019999999],[128.8189943,35.001921200000005],[128.8189272,35.00184649999999],[128.8188984,35.001732500000024],[128.8189464,35.0016854],[128.8190951,35.0017129],[128.8192966,35.0017365],[128.819335,35.0017679],[128.8191527,35.00179539999999],[128.8193734,35.001815099999995],[128.819455,35.0018858],[128.8194742,35.001933]],[[128.818788,35.003403],[128.8188936,35.003367600000004],[128.8188936,35.0035366],[128.8188792,35.0036191],[128.818788,35.003634899999994],[128.8188072,35.00359160000001],[128.8186872,35.0035641],[128.8184089,35.0035641],[128.8185097,35.00348549999999],[128.818788,35.003403]],[[128.8184233,35.0037174],[128.8185817,35.0037017],[128.8186968,35.0037017],[128.8187832,35.00372529999999],[128.8187112,35.0037881],[128.8186345,35.00380779999999],[128.8185049,35.0037921],[128.8184233,35.0037174]]]}},{"type":"Feature","properties":{"chance":41,"depth_m":18.5,"coastal_limit_km":5},"geometry":{"type":"Polygon","coordinates":[[[128.81514650799528,35.00885294994542],[128.81529085351292,35.01786798887212],[128.82624901325954,35.017748718516955],[128.82610346600322,35.0087337192814],[128.81514650799528,35.00885294994542]],[[128.8245231,35.0104512],[128.8245662,35.010451200000006],[128.8246406,35.01046689999999],[128.8246406,35.01049840000001],[128.8246238,35.0105298],[128.82460460000001,35.0105514],[128.8244607,35.0110034],[128.8245327,35.0110152],[128.8245111,35.011068200000004],[128.8243551,35.011038799999994],[128.8243335,35.0110053],[128.8243839,35.01074599999999],[128.8244823,35.010466900000004],[128.8245231,35.0104512]]]}},{"type":"Feature","properties":{"chance":60,"depth_m":18.5,"coastal_limit_km":5},"geometry":{"type":"Polygon","coordinates":[[[128.81529085351292,35.01786798887212],[128.81543526314238,35.0268830138618],[128.82639462516116,35.02676370380694],[128.82624901325954,35.017748718516955],[128.81529085351292,35.01786798887212]]]}},{"type":"Feature","properties":{"chance":82,"depth_m":18.5,"coastal_limit_km":5},"geometry":{"type":"Polygon","coordinates":[[[128.81543526314238,35.0268830138618],[128.81557973691181,35.03589802491268],[128.82654030173654,35.03577867514955],[128.82639462516116,35.02676370380694],[128.81543526314238,35.0268830138618]]]}},{"type":"Feature","properties":{"chance":91,"depth_m":18.5,"coastal_limit_km":5},"geometry":{"type":"Polygon","coordinates":[[[128.81557973691181,35.03589802491268],[128.8157242748495,35.044913022022975],[128.82668604301404,35.044793632543],[128.82654030173654,35.03577867514955],[128.81557973691181,35.03589802491268]]]}},{"type":"Feature","properties":{"chance":84,"depth_m":18.5,"coastal_limit_km":5},"geometry":{"type":"Polygon","coordinates":[[[128.8157242748495,35.044913022022975],[128.8158688769835,35.05392800519088],[128.82683184902208,35.05380857598551],[128.82668604301404,35.044793632543],[128.8157242748495,35.044913022022975]]]}},{"type":"Feature","properties":{"chance":66,"depth_m":18.5,"coastal_limit_km":5},"geometry":{"type":"Polygon","coordinates":[[[128.8158688769835,35.05392800519088],[128.81601354334217,35.06294297441461],[128.8269777197892,35.062823505475244],[128.82683184902208,35.05380857598551],[128.8158688769835,35.05392800519088]]]}},{"type":"Feature","properties":{"chance":76,"depth_m":18.5,"coastal_limit_km":5},"geometry":{"type":"Polygon","coordinates":[[[128.81601354334217,35.06294297441461],[128.8161582739537,35.07195792969238],[128.8271236553438,35.071838421010455],[128.8269777197892,35.062823505475244],[128.81601354334217,35.06294297441461]]]}},{"type":"Feature","properties":{"chance":76,"depth_m":18.5,"coastal_limit_km":5},"geometry":{"type":"Polygon","coordinates":[[[128.8161582739537,35.07195792969238],[128.81630306884634,35.08097287102241],[128.82726965571442,35.08085332258932],[128.8271236553438,35.071838421010455],[128.8161582739537,35.07195792969238]]]}},{"type":"Feature","properties":{"chance":62,"depth_m":18.5,"coastal_limit_km":5},"geometry":{"type":"Polygon","coordinates":[[[128.81630306884634,35.08097287102241],[128.8164479280484,35.089987798402895],[128.82741572092957,35.08986821021007],[128.82726965571442,35.08085332258932],[128.81630306884634,35.08097287102241]]]}},{"type":"Feature","properties":{"chance":47,"depth_m":18.5,"coastal_limit_km":5},"geometry":{"type":"Polygon","coordinates":[[[128.8164479280484,35.089987798402895],[128.81659285158818,35.09900271183207],[128.82756185101778,35.0988830838709],[128.82741572092957,35.08986821021007],[128.8164479280484,35.089987798402895]]]}},{"type":"Feature","properties":{"chance":53,"depth_m":21.1,"coastal_limit_km":5},"geometry":{"type":"Polygon","coordinates":[[[128.82756185101778,35.0988830838709],[128.81659285158818,35.09900271183207],[128.81667874403982,35.104343723724256],[128.81670801645333,35.104333183627304],[128.8202067281139,35.10274780660284],[128.82025559042972,35.10279004349982],[128.8238136542702,35.105375482637676],[128.8241615121525,35.10560697919628],[128.82770543443618,35.107736940790986],[128.82756185101778,35.0988830838709]]]}},{"type":"Feature","properties":{"chance":86,"depth_m":30.2,"coastal_limit_km":5},"geometry":{"type":"Polygon","coordinates":[[[128.82523153842877,34.95464343111207],[128.8361812327473,34.954523451690385],[128.8360435741251,34.946040615129014],[128.83530852770954,34.94596466939262],[128.82986297927692,34.94585111615902],[128.82509472222145,34.94614285465059],[128.82523153842877,34.95464343111207]]]}},{"type":"Feature","properties":{"chance":89,"depth_m":30.2,"coastal_limit_km":5},"geometry":{"type":"Polygon","coordinates":[[[128.82523153842877,34.95464343111207],[128.82537669840855,34.9636585139832],[128.83632759124157,34.96353849459302],[128.8361812327473,34.954523451690385],[128.82523153842877,34.95464343111207]]]}},{"type":"Feature","properties":{"chance":78,"depth_m":30.2,"coastal_limit_km":5},"geometry":{"type":"Polygon","coordinates":[[[128.82537669840855,34.9636585139832],[128.82552192286366,34.97267358291957],[128.8364740147432,34.97255352355229],[128.83632759124157,34.96353849459302],[128.82537669840855,34.9636585139832]]]}},{"type":"Feature","properties":{"chance":54,"depth_m":30.2,"coastal_limit_km":5},"geometry":{"type":"Polygon","coordinates":[[[128.82552192286366,34.97267358291957],[128.82566721182238,34.981688637919376],[128.83662050328073,34.98156853856639],[128.8364740147432,34.97255352355229],[128.82552192286366,34.97267358291957]]]}},{"type":"Feature","properties":{"chance":49,"depth_m":30.2,"coastal_limit_km":5},"geometry":{"type":"Polygon","coordinates":[[[128.82566721182238,34.981688637919376],[128.82581256531296,34.99070367898082],[128.8367670568827,34.99058353963355],[128.83662050328073,34.98156853856639],[128.82566721182238,34.981688637919376]]]}},{"type":"Feature","properties":{"chance":53,"depth_m":30.2,"coastal_limit_km":5},"geometry":{"type":"Polygon","coordinates":[[[128.82581256531296,34.99070367898082],[128.8259579833638,34.9997187061021],[128.83691367557765,34.99959852675191],[128.8367670568827,34.99058353963355],[128.82581256531296,34.99070367898082]],[[128.8312011,34.9909169],[128.831383,34.9909756],[128.8314932,34.991074999999995],[128.8314712,34.99113369999999],[128.8315649,34.991242],[128.8315704,34.9912962],[128.8314822,34.9912827],[128.8313995,34.9911924],[128.8313113,34.991102],[128.8312231,34.9909892],[128.8312011,34.9909169]]]}},{"type":"Feature","properties":{"chance":67,"depth_m":30.2,"coastal_limit_km":5},"geometry":{"type":"Polygon","coordinates":[[[128.8259579833638,34.9997187061021],[128.82610346600322,35.0087337192814],[128.83706035939417,35.00861349991967],[128.83691367557765,34.99959852675191],[128.8259579833638,34.9997187061021]]]}},{"type":"Feature","properties":{"chance":69,"depth_m":30.2,"coastal_limit_km":5},"geometry":{"type":"Polygon","coordinates":[[[128.82610346600322,35.0087337192814],[128.82624901325954,35.017748718516955],[128.83720710836084,35.017628459135054],[128.83706035939417,35.00861349991967],[128.82610346600322,35.0087337192814]],[[128.8359726,35.0133603],[128.8360603,35.0133431],[128.8361063,35.0134047],[128.8361104,35.013456],[128.8361439,35.013483400000005],[128.83611460000003,35.0135313],[128.8360687,35.0135313],[128.8360185,35.0135245],[128.836006,35.01347320000001],[128.8359434,35.0134629],[128.8359475,35.0134082],[128.8359726,35.0133603]]]}},{"type":"Feature","properties":{"chance":60,"depth_m":30.2,"coastal_limit_km":5},"geometry":{"type":"Polygon","coordinates":[[[128.82624901325954,35.017748718516955],[128.82639462516116,35.02676370380694],[128.83735392250625,35.02664340439623],[128.83720710836084,35.017628459135054],[128.82624901325954,35.017748718516955]]]}},{"type":"Feature","properties":{"chance":80,"depth_m":30.2,"coastal_limit_km":5},"geometry":{"type":"Polygon","coordinates":[[[128.82639462516116,35.02676370380694],[128.82654030173654,35.03577867514955],[128.8375008018591,35.03565833570142],[128.83735392250625,35.02664340439623],[128.82639462516116,35.02676370380694]]]}},{"type":"Feature","properties":{"chance":89,"depth_m":30.2,"coastal_limit_km":5},"geometry":{"type":"Polygon","coordinates":[[[128.82654030173654,35.03577867514955],[128.82668604301404,35.044793632543],[128.837647746448,35.044673253048806],[128.8375008018591,35.03565833570142],[128.82654030173654,35.03577867514955]]]}},{"type":"Feature","properties":{"chance":82,"depth_m":30.2,"coastal_limit_km":5},"geometry":{"type":"Polygon","coordinates":[[[128.82668604301404,35.044793632543],[128.82683184902208,35.05380857598551],[128.83779475630163,35.0536881564366],[128.837647746448,35.044673253048806],[128.82668604301404,35.044793632543]]]}},{"type":"Feature","properties":{"chance":62,"depth_m":30.2,"coastal_limit_km":5},"geometry":{"type":"Polygon","coordinates":[[[128.82683184902208,35.05380857598551],[128.8269777197892,35.062823505475244],[128.8379418314487,35.06270304586299],[128.83779475630163,35.0536881564366],[128.82683184902208,35.05380857598551]]]}},{"type":"Feature","properties":{"chance":43,"depth_m":30.2,"coastal_limit_km":5},"geometry":{"type":"Polygon","coordinates":[[[128.8269777197892,35.062823505475244],[128.8271236553438,35.071838421010455],[128.8380889719179,35.07171792132619],[128.8379418314487,35.06270304586299],[128.8269777197892,35.062823505475244]]]}},{"type":"Feature","properties":{"chance":47,"depth_m":30.2,"coastal_limit_km":5},"geometry":{"type":"Polygon","coordinates":[[[128.8271236553438,35.071838421010455],[128.82726965571442,35.08085332258932],[128.83823617773797,35.08073278282439],[128.8380889719179,35.07171792132619],[128.8271236553438,35.071838421010455]]]}},{"type":"Feature","properties":{"chance":66,"depth_m":30.2,"coastal_limit_km":5},"geometry":{"type":"Polygon","coordinates":[[[128.82726965571442,35.08085332258932],[128.82741572092957,35.08986821021007],[128.8383834489377,35.08974763035581],[128.83823617773797,35.08073278282439],[128.82726965571442,35.08085332258932]]]}},{"type":"Feature","properties":{"chance":72,"depth_m":30.2,"coastal_limit_km":5},"geometry":{"type":"Polygon","coordinates":[[[128.82741572092957,35.08986821021007],[128.82756185101778,35.0988830838709],[128.83853078554577,35.098762463918646],[128.8383834489377,35.08974763035581],[128.82741572092957,35.08986821021007]]]}},{"type":"Feature","properties":{"chance":67,"depth_m":30.2,"coastal_limit_km":5},"geometry":{"type":"Polygon","coordinates":[[[128.83867818759109,35.1077772835111],[128.83853078554577,35.098762463918646],[128.82756185101778,35.0988830838709],[128.82770543443618,35.107736940790986],[128.82796858349874,35.10789508944271],[128.83867818759109,35.1077772835111]]]}},{"type":"Feature","properties":{"chance":65,"depth_m":31.7,"coastal_limit_km":5},"geometry":{"type":"Polygon","coordinates":[[[128.83867818759109,35.1077772835111],[128.82796858349874,35.10789508944271],[128.8285171747132,35.10822478068802],[128.83316501472225,35.11047805082546],[128.83806001032622,35.11234495456483],[128.83875616824898,35.11254480324945],[128.83867818759109,35.1077772835111]]]}},{"type":"Feature","properties":{"chance":70,"depth_m":39.8,"coastal_limit_km":5},"geometry":{"type":"Polygon","coordinates":[[[128.8361812327473,34.954523451690385],[128.8471308620869,34.95440248556256],[128.84702277747158,34.94779649953547],[128.84602437505342,34.947520604186245],[128.8407134671728,34.946523005600724],[128.8360435741251,34.946040615129014],[128.8361812327473,34.954523451690385]]]}},{"type":"Feature","properties":{"chance":72,"depth_m":39.8,"coastal_limit_km":5},"geometry":{"type":"Polygon","coordinates":[[[128.8361812327473,34.954523451690385],[128.83632759124157,34.96353849459302],[128.84727841906715,34.963417488168126],[128.8471308620869,34.95440248556256],[128.8361812327473,34.954523451690385]]]}},{"type":"Feature","properties":{"chance":63,"depth_m":39.8,"coastal_limit_km":5},"geometry":{"type":"Polygon","coordinates":[[[128.83632759124157,34.96353849459302],[128.8364740147432,34.97255352355229],[128.84742604158686,34.972432476821666],[128.84727841906715,34.963417488168126],[128.83632759124157,34.96353849459302]]]}},{"type":"Feature","properties":{"chance":41,"depth_m":39.8,"coastal_limit_km":5},"geometry":{"type":"Polygon","coordinates":[[[128.8364740147432,34.97255352355229],[128.83662050328073,34.98156853856639],[128.8475737296747,34.98144745152134],[128.84742604158686,34.972432476821666],[128.8364740147432,34.97255352355229]]]}},{"type":"Feature","properties":{"chance":35,"depth_m":39.8,"coastal_limit_km":5},"geometry":{"type":"Polygon","coordinates":[[[128.83662050328073,34.98156853856639],[128.8367670568827,34.99058353963355],[128.84772148335946,34.99046241226538],[128.8475737296747,34.98144745152134],[128.83662050328073,34.98156853856639]]]}},{"type":"Feature","properties":{"chance":58,"depth_m":39.8,"coastal_limit_km":5},"geometry":{"type":"Polygon","coordinates":[[[128.8367670568827,34.99058353963355],[128.83691367557765,34.99959852675191],[128.84786930266998,34.99947735905196],[128.84772148335946,34.99046241226538],[128.8367670568827,34.99058353963355]],[[128.8404096,34.9973448],[128.8402753,34.9973841],[128.8399922,34.99744309999999],[128.8398098,34.997451],[128.8395891,34.997447],[128.8394643,34.997423399999995],[128.8392676,34.9973527],[128.8391812,34.9973095],[128.8391237,34.9972426],[128.839186,34.9971837],[128.8391573,34.9971286],[128.8390565,34.997167999999995],[128.8390325,34.9970736],[128.8390037,34.9969518],[128.8390901,34.9968378],[128.8392244,34.996782700000004],[128.839402,34.996806299999996],[128.8393588,34.9967159],[128.8393972,34.9966609],[128.8394931,34.9966412],[128.8395459,34.99657829999999],[128.8397043,34.9965626],[128.8399106,34.9965587],[128.8400833,34.9965901],[128.8402225,34.9966963],[128.840376,34.996806299999996],[128.8404048,34.996880999999995],[128.8403472,34.9969439],[128.8403472,34.9970579],[128.8403904,34.997109],[128.8404288,34.99725840000001],[128.8404096,34.9973448]],[[128.8390565,34.9972584],[128.8390853,34.997333000000005],[128.8388646,34.9972937],[128.8388214,34.99723869999999],[128.8389173,34.9972033],[128.8390037,34.997215100000005],[128.8390565,34.9972584]]]}},{"type":"Feature","properties":{"chance":80,"depth_m":39.8,"coastal_limit_km":5},"geometry":{"type":"Polygon","coordinates":[[[128.83691367557765,34.99959852675191],[128.83706035939417,35.00861349991967],[128.848017187635,35.00849229187924],[128.84786930266998,34.99947735905196],[128.83691367557765,34.99959852675191]]]}},{"type":"Feature","properties":{"chance":84,"depth_m":39.8,"coastal_limit_km":5},"geometry":{"type":"Polygon","coordinates":[[[128.83706035939417,35.00861349991967],[128.83720710836084,35.017628459135054],[128.84816513828338,35.01750721074546],[128.848017187635,35.00849229187924],[128.83706035939417,35.00861349991967]]]}},{"type":"Feature","properties":{"chance":73,"depth_m":39.8,"coastal_limit_km":5},"geometry":{"type":"Polygon","coordinates":[[[128.83720710836084,35.017628459135054],[128.83735392250625,35.02664340439623],[128.848313154644,35.02652211564877],[128.84816513828338,35.01750721074546],[128.83720710836084,35.017628459135054]]]}},{"type":"Feature","properties":{"chance":62,"depth_m":39.8,"coastal_limit_km":5},"geometry":{"type":"Polygon","coordinates":[[[128.83735392250625,35.02664340439623],[128.8375008018591,35.03565833570142],[128.84846123674564,35.03553700658738],[128.848313154644,35.02652211564877],[128.83735392250625,35.02664340439623]]]}},{"type":"Feature","properties":{"chance":69,"depth_m":39.8,"coastal_limit_km":5},"geometry":{"type":"Polygon","coordinates":[[[128.8375008018591,35.03565833570142],[128.837647746448,35.044673253048806],[128.84860938461728,35.04455188355949],[128.84846123674564,35.03553700658738],[128.8375008018591,35.03565833570142]]]}},{"type":"Feature","properties":{"chance":65,"depth_m":39.8,"coastal_limit_km":5},"geometry":{"type":"Polygon","coordinates":[[[128.837647746448,35.044673253048806],[128.83779475630163,35.0536881564366],[128.8487575982878,35.05356674656327],[128.84860938461728,35.04455188355949],[128.837647746448,35.044673253048806]]]}},{"type":"Feature","properties":{"chance":48,"depth_m":39.8,"coastal_limit_km":5},"geometry":{"type":"Polygon","coordinates":[[[128.83779475630163,35.0536881564366],[128.8379418314487,35.06270304586299],[128.84890587778608,35.062581595596946],[128.8487575982878,35.05356674656327],[128.83779475630163,35.0536881564366]]]}},{"type":"Feature","properties":{"chance":41,"depth_m":39.8,"coastal_limit_km":5},"geometry":{"type":"Polygon","coordinates":[[[128.8379418314487,35.06270304586299],[128.8380889719179,35.07171792132619],[128.84905422314114,35.07159643065871],[128.84890587778608,35.062581595596946],[128.8379418314487,35.06270304586299]]]}},{"type":"Feature","properties":{"chance":55,"depth_m":39.8,"coastal_limit_km":5},"geometry":{"type":"Polygon","coordinates":[[[128.8380889719179,35.07171792132619],[128.83823617773797,35.08073278282439],[128.8492026343819,35.08061125174674],[128.84905422314114,35.07159643065871],[128.8380889719179,35.07171792132619]]]}},{"type":"Feature","properties":{"chance":77,"depth_m":39.8,"coastal_limit_km":5},"geometry":{"type":"Polygon","coordinates":[[[128.83823617773797,35.08073278282439],[128.8383834489377,35.08974763035581],[128.84935111153737,35.08962605885925],[128.8492026343819,35.08061125174674],[128.83823617773797,35.08073278282439]]]}},{"type":"Feature","properties":{"chance":86,"depth_m":39.8,"coastal_limit_km":5},"geometry":{"type":"Polygon","coordinates":[[[128.8383834489377,35.08974763035581],[128.83853078554577,35.098762463918646],[128.8494996546366,35.09864085199444],[128.84935111153737,35.08962605885925],[128.8383834489377,35.08974763035581]]]}},{"type":"Feature","properties":{"chance":79,"depth_m":39.8,"coastal_limit_km":5},"geometry":{"type":"Polygon","coordinates":[[[128.83853078554577,35.098762463918646],[128.83867818759109,35.1077772835111],[128.84964826370856,35.10765563115052],[128.8494996546366,35.09864085199444],[128.83853078554577,35.098762463918646]]]}},{"type":"Feature","properties":{"chance":66,"depth_m":39.8,"coastal_limit_km":5},"geometry":{"type":"Polygon","coordinates":[[[128.84964826370856,35.10765563115052],[128.83867818759109,35.1077772835111],[128.83875616824898,35.11254480324945],[128.84315473420702,35.11380740002424],[128.8436083567422,35.113917352349326],[128.84561975885035,35.114322876040575],[128.8460694282878,35.1144405988362],[128.84618458613434,35.11446571072696],[128.8472424095419,35.11464999515594],[128.84853254732417,35.114910063661995],[128.84921725345276,35.11499400750679],[128.84977087674292,35.11509044082003],[128.84964826370856,35.10765563115052]]]}},{"type":"Feature","properties":{"chance":41,"depth_m":46.3,"coastal_limit_km":5},"geometry":{"type":"Polygon","coordinates":[[[128.8471308620869,34.95440248556256],[128.85808042591586,34.95428053274775],[128.85803703154664,34.951649965359316],[128.8559446259859,34.95068470705042],[128.8513705735922,34.94900627491749],[128.85118875412326,34.948947602684484],[128.84702277747158,34.94779649953547],[128.8471308620869,34.95440248556256]]]}},{"type":"Feature","properties":{"chance":42,"depth_m":46.5,"coastal_limit_km":5},"geometry":{"type":"Polygon","coordinates":[[[128.8471308620869,34.95440248556256],[128.84727841906715,34.963417488168126],[128.85822918135338,34.96329549472767],[128.85808042591586,34.95428053274775],[128.8471308620869,34.95440248556256]]]}},{"type":"Feature","properties":{"chance":54,"depth_m":46.5,"coastal_limit_km":5},"geometry":{"type":"Polygon","coordinates":[[[128.84727841906715,34.963417488168126],[128.84742604158686,34.972432476821666],[128.85837800286237,34.97231044274681],[128.85822918135338,34.96329549472767],[128.84727841906715,34.963417488168126]]]}},{"type":"Feature","properties":{"chance":65,"depth_m":46.5,"coastal_limit_km":5},"geometry":{"type":"Polygon","coordinates":[[[128.84742604158686,34.972432476821666],[128.8475737296747,34.98144745152134],[128.85852689047175,34.981325376803355],[128.85837800286237,34.97231044274681],[128.84742604158686,34.972432476821666]]]}},{"type":"Feature","properties":{"chance":63,"depth_m":46.5,"coastal_limit_km":5},"geometry":{"type":"Polygon","coordinates":[[[128.8475737296747,34.98144745152134],[128.84772148335946,34.99046241226538],[128.85867584421052,34.99034029689551],[128.85852689047175,34.981325376803355],[128.8475737296747,34.98144745152134]]]}},{"type":"Feature","properties":{"chance":62,"depth_m":46.5,"coastal_limit_km":5},"geometry":{"type":"Polygon","coordinates":[[[128.84772148335946,34.99046241226538],[128.84786930266998,34.99947735905196],[128.85882486410776,34.99935520302144],[128.85867584421052,34.99034029689551],[128.84772148335946,34.99046241226538]]]}},{"type":"Feature","properties":{"chance":79,"depth_m":46.5,"coastal_limit_km":5},"geometry":{"type":"Polygon","coordinates":[[[128.84786930266998,34.99947735905196],[128.848017187635,35.00849229187924],[128.85897395019248,35.00837009517933],[128.85882486410776,34.99935520302144],[128.84786930266998,34.99947735905196]]]}},{"type":"Feature","properties":{"chance":83,"depth_m":46.5,"coastal_limit_km":5},"geometry":{"type":"Polygon","coordinates":[[[128.848017187635,35.00849229187924],[128.84816513828338,35.01750721074546],[128.85912310249373,35.01738497336738],[128.85897395019248,35.00837009517933],[128.848017187635,35.00849229187924]]]}},{"type":"Feature","properties":{"chance":71,"depth_m":46.5,"coastal_limit_km":5},"geometry":{"type":"Polygon","coordinates":[[[128.84816513828338,35.01750721074546],[128.848313154644,35.02652211564877],[128.8592723210406,35.026399837583746],[128.85912310249373,35.01738497336738],[128.84816513828338,35.01750721074546]]]}},{"type":"Feature","properties":{"chance":50,"depth_m":46.5,"coastal_limit_km":5},"geometry":{"type":"Polygon","coordinates":[[[128.848313154644,35.02652211564877],[128.84846123674564,35.03553700658738],[128.8594216058622,35.035414687826645],[128.8592723210406,35.026399837583746],[128.848313154644,35.02652211564877]],[[128.8493006,35.0337122],[128.8494274,35.0337122],[128.8495321,35.0337076],[128.8495597,35.0338069],[128.8494274,35.033937800000004],[128.8493668,35.034009999999995],[128.8492786,35.034077700000005],[128.8491849,35.03408219999999],[128.8490857,35.0340371],[128.8490305,35.033978399999995],[128.8489809,35.0339017],[128.849003,35.0337934],[128.8491022,35.03372120000001],[128.8493006,35.0337122]],[[128.8493778,35.03410480000001],[128.8494439,35.03405969999999],[128.8495376,35.0340416],[128.8495817,35.034086699999996],[128.8495486,35.03415900000001],[128.8494494,35.0342041],[128.8493612,35.0342447],[128.8492786,35.03422669999999],[128.8493833,35.034159],[128.8493778,35.03410480000001]]]}},{"type":"Feature","properties":{"chance":37,"depth_m":46.5,"coastal_limit_km":5},"geometry":{"type":"Polygon","coordinates":[[[128.84846123674564,35.03553700658738],[128.84860938461728,35.04455188355949],[128.85957095698765,35.04442952409426],[128.8594216058622,35.035414687826645],[128.84846123674564,35.03553700658738]]]}},{"type":"Feature","properties":{"chance":50,"depth_m":46.5,"coastal_limit_km":5},"geometry":{"type":"Polygon","coordinates":[[[128.84860938461728,35.04455188355949],[128.8487575982878,35.05356674656327],[128.8597203744461,35.05344434638477],[128.85957095698765,35.04442952409426],[128.84860938461728,35.04455188355949]]]}},{"type":"Feature","properties":{"chance":65,"depth_m":46.5,"coastal_limit_km":5},"geometry":{"type":"Polygon","coordinates":[[[128.8487575982878,35.05356674656327],[128.84890587778608,35.062581595596946],[128.8598698582667,35.06245915469637],[128.8597203744461,35.05344434638477],[128.8487575982878,35.05356674656327]]]}},{"type":"Feature","properties":{"chance":68,"depth_m":46.5,"coastal_limit_km":5},"geometry":{"type":"Polygon","coordinates":[[[128.8598698582667,35.06245915469637],[128.84890587778608,35.062581595596946],[128.84905422314114,35.07159643065871],[128.86001940847865,35.07147394902726],[128.86000832306166,35.070805864767486],[128.8597731,35.07068520000001],[128.8591218,35.0706802],[128.8586684,35.0705703],[128.8583206,35.070338899999996],[128.858067,35.0700533],[128.8577776,35.0695826],[128.8576813,35.0693599],[128.8576709,35.06914269999999],[128.8577728,35.068995699999995],[128.8579143,35.0688757],[128.8588691,35.068539699999995],[128.8599626,35.068322200000004],[128.8599671007573,35.06832132867892],[128.8598698582667,35.06245915469637]]]}},{"type":"Feature","properties":{"chance":59,"depth_m":46.5,"coastal_limit_km":5},"geometry":{"type":"Polygon","coordinates":[[[128.84905422314114,35.07159643065871],[128.8492026343819,35.08061125174674],[128.86016902511113,35.08048872937564],[128.86001940847865,35.07147394902726],[128.84905422314114,35.07159643065871]]]}},{"type":"Feature","properties":{"chance":73,"depth_m":46.5,"coastal_limit_km":5},"geometry":{"type":"Polygon","coordinates":[[[128.8492026343819,35.08061125174674],[128.84935111153737,35.08962605885925],[128.86031870819338,35.08950349573968],[128.86016902511113,35.08048872937564],[128.8492026343819,35.08061125174674]]]}},{"type":"Feature","properties":{"chance":82,"depth_m":46.5,"coastal_limit_km":5},"geometry":{"type":"Polygon","coordinates":[[[128.84935111153737,35.08962605885925],[128.8494996546366,35.09864085199444],[128.86046845775462,35.09851824811759],[128.86031870819338,35.08950349573968],[128.84935111153737,35.08962605885925]]]}},{"type":"Feature","properties":{"chance":76,"depth_m":46.5,"coastal_limit_km":5},"geometry":{"type":"Polygon","coordinates":[[[128.8494996546366,35.09864085199444],[128.84964826370856,35.10765563115052],[128.86061827382417,35.107532986507564],[128.86046845775462,35.09851824811759],[128.8494996546366,35.09864085199444]]]}},{"type":"Feature","properties":{"chance":58,"depth_m":46.5,"coastal_limit_km":5},"geometry":{"type":"Polygon","coordinates":[[[128.86061827382417,35.107532986507564],[128.84964826370856,35.10765563115052],[128.84977087674292,35.11509044082003],[128.85160036042015,35.115409091163116],[128.85710434277877,35.11589891697277],[128.86075771079368,35.115919585792746],[128.86061827382417,35.107532986507564]]]}},{"type":"Feature","properties":{"chance":23,"depth_m":49.1,"coastal_limit_km":5},"geometry":{"type":"Polygon","coordinates":[[[128.85808042591586,34.95428053274775],[128.86300885019753,34.954225319261695],[128.86031349037566,34.95270006254656],[128.85803703154664,34.951649965359316],[128.85808042591586,34.95428053274775]]]}},{"type":"Feature","properties":{"chance":48,"depth_m":49.8,"coastal_limit_km":5},"geometry":{"type":"Polygon","coordinates":[[[128.85808042591586,34.95428053274775],[128.85822918135338,34.96329549472767],[128.86917987756817,34.96317251429096],[128.8690994213522,34.95833614990807],[128.8682916161834,34.95767151802321],[128.8644406542692,34.95503550383749],[128.86300885019753,34.954225319261695],[128.85808042591586,34.95428053274775]]]}},{"type":"Feature","properties":{"chance":67,"depth_m":49.8,"coastal_limit_km":5},"geometry":{"type":"Polygon","coordinates":[[[128.85822918135338,34.96329549472767],[128.85837800286237,34.97231044274681],[128.86932989803745,34.97218742134707],[128.86917987756817,34.96317251429096],[128.85822918135338,34.96329549472767]]]}},{"type":"Feature","properties":{"chance":80,"depth_m":49.8,"coastal_limit_km":5},"geometry":{"type":"Polygon","coordinates":[[[128.85837800286237,34.97231044274681],[128.85852689047175,34.981325376803355],[128.86947998513935,34.98120231443178],[128.86932989803745,34.97218742134707],[128.85837800286237,34.97231044274681]]]}},{"type":"Feature","properties":{"chance":79,"depth_m":49.8,"coastal_limit_km":5},"geometry":{"type":"Polygon","coordinates":[[[128.85852689047175,34.981325376803355],[128.85867584421052,34.99034029689551],[128.86963013890315,34.99021719354327],[128.86947998513935,34.98120231443178],[128.85852689047175,34.981325376803355]]]}},{"type":"Feature","properties":{"chance":64,"depth_m":49.8,"coastal_limit_km":5},"geometry":{"type":"Polygon","coordinates":[[[128.85867584421052,34.99034029689551],[128.85882486410776,34.99935520302144],[128.86978035935806,34.99923205867971],[128.86963013890315,34.99021719354327],[128.85867584421052,34.99034029689551]]]}},{"type":"Feature","properties":{"chance":61,"depth_m":49.8,"coastal_limit_km":5},"geometry":{"type":"Polygon","coordinates":[[[128.85882486410776,34.99935520302144],[128.85897395019248,35.00837009517933],[128.86993064653342,35.008246909839286],[128.86978035935806,34.99923205867971],[128.85882486410776,34.99935520302144]]]}},{"type":"Feature","properties":{"chance":65,"depth_m":49.8,"coastal_limit_km":5},"geometry":{"type":"Polygon","coordinates":[[[128.85897395019248,35.00837009517933],[128.85912310249373,35.01738497336738],[128.87008100045844,35.01726174702017],[128.86993064653342,35.008246909839286],[128.85897395019248,35.00837009517933]]]}},{"type":"Feature","properties":{"chance":56,"depth_m":49.8,"coastal_limit_km":5},"geometry":{"type":"Polygon","coordinates":[[[128.85912310249373,35.01738497336738],[128.8592723210406,35.026399837583746],[128.87023142116252,35.026276570220546],[128.87008100045844,35.01726174702017],[128.85912310249373,35.01738497336738]]]}},{"type":"Feature","properties":{"chance":40,"depth_m":49.8,"coastal_limit_km":5},"geometry":{"type":"Polygon","coordinates":[[[128.8592723210406,35.026399837583746],[128.8594216058622,35.035414687826645],[128.87038190867491,35.035291379438604],[128.87023142116252,35.026276570220546],[128.8592723210406,35.026399837583746]]]}},{"type":"Feature","properties":{"chance":38,"depth_m":49.8,"coastal_limit_km":5},"geometry":{"type":"Polygon","coordinates":[[[128.8594216058622,35.035414687826645],[128.85957095698765,35.04442952409426],[128.87053246302503,35.04430617467252],[128.87038190867491,35.035291379438604],[128.8594216058622,35.035414687826645]]]}},{"type":"Feature","properties":{"chance":60,"depth_m":49.8,"coastal_limit_km":5},"geometry":{"type":"Polygon","coordinates":[[[128.85957095698765,35.04442952409426],[128.8597203744461,35.05344434638477],[128.87068308424227,35.05332095592048],[128.87053246302503,35.04430617467252],[128.85957095698765,35.04442952409426]]]}},{"type":"Feature","properties":{"chance":78,"depth_m":49.8,"coastal_limit_km":5},"geometry":{"type":"Polygon","coordinates":[[[128.8597203744461,35.05344434638477],[128.8598698582667,35.06245915469637],[128.87083377235598,35.062335723180674],[128.87068308424227,35.05332095592048],[128.8597203744461,35.05344434638477]]]}},{"type":"Feature","properties":{"chance":80,"depth_m":49.8,"coastal_limit_km":5},"geometry":{"type":"MultiPolygon","coordinates":[[[[128.87083377235598,35.062335723180674],[128.8598698582667,35.06245915469637],[128.8599671007573,35.06832132867892],[128.8612126,35.06808019999999],[128.8622369,35.067724500000004],[128.8638373,35.0670166],[128.8647819,35.0666374],[128.8655626,35.066154],[128.8662852,35.065672799999994],[128.8676103,35.0648562],[128.8688785,35.0645366],[128.8692048,35.06437489999999],[128.8697649,35.064260000000004],[128.8701638,35.06392350000001],[128.8705111,35.06372100000001],[128.8708570622015,35.063728656811705],[128.87083377235598,35.062335723180674]]],[[[128.86001940847865,35.07147394902726],[128.8709845273956,35.071350476451286],[128.87095117962673,35.069356713904625],[128.8684691,35.0694519],[128.8664576,35.0694831],[128.8644146,35.0694821],[128.8641428,35.0692565],[128.8635482,35.069262],[128.8630793,35.0693742],[128.8624375,35.069658],[128.862028,35.0698842],[128.8617119,35.07031690000001],[128.8611781,35.0705691],[128.860539,35.0708155],[128.8604206,35.0708746],[128.8602493,35.0708951],[128.8601342,35.07087],[128.8600466,35.0708255],[128.86000832306166,35.070805864767486],[128.86001940847865,35.07147394902726]]]]}},{"type":"Feature","properties":{"chance":71,"depth_m":49.8,"coastal_limit_km":5},"geometry":{"type":"Polygon","coordinates":[[[128.86001940847865,35.07147394902726],[128.86016902511113,35.08048872937564],[128.87113534939058,35.08036521573051],[128.8709845273956,35.071350476451286],[128.86001940847865,35.07147394902726]]]}},{"type":"Feature","properties":{"chance":55,"depth_m":49.8,"coastal_limit_km":5},"geometry":{"type":"Polygon","coordinates":[[[128.86016902511113,35.08048872937564],[128.86031870819338,35.08950349573968],[128.87128623837035,35.089379941016524],[128.87113534939058,35.08036521573051],[128.86016902511113,35.08048872937564]]]}},{"type":"Feature","properties":{"chance":61,"depth_m":49.8,"coastal_limit_km":5},"geometry":{"type":"Polygon","coordinates":[[[128.86031870819338,35.08950349573968],[128.86046845775462,35.09851824811759],[128.87143719436443,35.09839465230754],[128.87128623837035,35.089379941016524],[128.86031870819338,35.08950349573968]]]}},{"type":"Feature","properties":{"chance":58,"depth_m":49.8,"coastal_limit_km":5},"geometry":{"type":"Polygon","coordinates":[[[128.86046845775462,35.09851824811759],[128.86061827382417,35.107532986507564],[128.8715882174023,35.10740934960171],[128.87143719436443,35.09839465230754],[128.86046845775462,35.09851824811759]]]}},{"type":"Feature","properties":{"chance":43,"depth_m":49.8,"coastal_limit_km":5},"geometry":{"type":"Polygon","coordinates":[[[128.8715882174023,35.10740934960171],[128.86061827382417,35.107532986507564],[128.86075771079368,35.115919585792746],[128.86264039196604,35.11593019398609],[128.86815203855042,35.115502605287766],[128.86832342916097,35.11548209217207],[128.8714952346345,35.114963064414404],[128.87171837196146,35.11517516788098],[128.8715882174023,35.10740934960171]]]}},{"type":"Feature","properties":{"chance":53,"depth_m":49.7,"coastal_limit_km":5},"geometry":{"type":"Polygon","coordinates":[[[128.86917987756817,34.96317251429096],[128.87672766915895,34.963087174733666],[128.87666143738218,34.96303826780022],[128.87228516151856,34.960126279468064],[128.8693889433537,34.95857435377175],[128.8690994213522,34.95833614990807],[128.86917987756817,34.96317251429096]]]}},{"type":"Feature","properties":{"chance":70,"depth_m":49.2,"coastal_limit_km":5},"geometry":{"type":"Polygon","coordinates":[[[128.86917987756817,34.96317251429096],[128.86932989803745,34.97218742134707],[128.8802817265799,34.97206341264193],[128.88017838185823,34.96590300549936],[128.8769541081352,34.96325438129666],[128.87672766915895,34.963087174733666],[128.86917987756817,34.96317251429096]]]}},{"type":"Feature","properties":{"chance":80,"depth_m":49.2,"coastal_limit_km":5},"geometry":{"type":"Polygon","coordinates":[[[128.86932989803745,34.97218742134707],[128.86947998513935,34.98120231443178],[128.8804330131451,34.981078264426095],[128.8802817265799,34.97206341264193],[128.86932989803745,34.97218742134707]]]}},{"type":"Feature","properties":{"chance":79,"depth_m":49.2,"coastal_limit_km":5},"geometry":{"type":"Polygon","coordinates":[[[128.86947998513935,34.98120231443178],[128.86963013890315,34.99021719354327],[128.88058436690466,34.990093102228165],[128.8804330131451,34.981078264426095],[128.86947998513935,34.98120231443178]]]}},{"type":"Feature","properties":{"chance":64,"depth_m":49.2,"coastal_limit_km":5},"geometry":{"type":"Polygon","coordinates":[[[128.86963013890315,34.99021719354327],[128.86978035935806,34.99923205867971],[128.880735787888,34.99910792604627],[128.88058436690466,34.990093102228165],[128.86963013890315,34.99021719354327]]]}},{"type":"Feature","properties":{"chance":37,"depth_m":49.2,"coastal_limit_km":5},"geometry":{"type":"Polygon","coordinates":[[[128.86978035935806,34.99923205867971],[128.86993064653342,35.008246909839286],[128.88088727612467,35.00812273587862],[128.880735787888,34.99910792604627],[128.86978035935806,34.99923205867971]]]}},{"type":"Feature","properties":{"chance":36,"depth_m":49.2,"coastal_limit_km":5},"geometry":{"type":"Polygon","coordinates":[[[128.86993064653342,35.008246909839286],[128.87008100045844,35.01726174702017],[128.88103883164413,35.01713753172337],[128.88088727612467,35.00812273587862],[128.86993064653342,35.008246909839286]]]}},{"type":"Feature","properties":{"chance":56,"depth_m":49.2,"coastal_limit_km":5},"geometry":{"type":"Polygon","coordinates":[[[128.87008100045844,35.01726174702017],[128.87023142116252,35.026276570220546],[128.88119045447604,35.0261523135787],[128.88103883164413,35.01713753172337],[128.87008100045844,35.01726174702017]]]}},{"type":"Feature","properties":{"chance":68,"depth_m":49.2,"coastal_limit_km":5},"geometry":{"type":"Polygon","coordinates":[[[128.87023142116252,35.026276570220546],[128.87038190867491,35.035291379438604],[128.88134214464992,35.03516708144279],[128.88119045447604,35.0261523135787],[128.87023142116252,35.026276570220546]]]}},{"type":"Feature","properties":{"chance":66,"depth_m":49.2,"coastal_limit_km":5},"geometry":{"type":"Polygon","coordinates":[[[128.87038190867491,35.035291379438604],[128.87053246302503,35.04430617467252],[128.88149390219536,35.044181835313815],[128.88134214464992,35.03516708144279],[128.87038190867491,35.035291379438604]]]}},{"type":"Feature","properties":{"chance":60,"depth_m":49.2,"coastal_limit_km":5},"geometry":{"type":"Polygon","coordinates":[[[128.87053246302503,35.04430617467252],[128.87068308424227,35.05332095592048],[128.88164572714197,35.05319657518997],[128.88149390219536,35.044181835313815],[128.87053246302503,35.04430617467252]]]}},{"type":"Feature","properties":{"chance":76,"depth_m":49.2,"coastal_limit_km":5},"geometry":{"type":"Polygon","coordinates":[[[128.87068308424227,35.05332095592048],[128.87083377235598,35.062335723180674],[128.88179761951938,35.06221130106942],[128.88164572714197,35.05319657518997],[128.87068308424227,35.05332095592048]]]}},{"type":"Feature","properties":{"chance":77,"depth_m":49.2,"coastal_limit_km":5},"geometry":{"type":"MultiPolygon","coordinates":[[[[128.88179761951938,35.06221130106942],[128.87083377235598,35.062335723180674],[128.8708570622015,35.063728656811705],[128.8714917,35.06374269999999],[128.8719574,35.06378],[128.87232170000001,35.0638039],[128.8728173,35.0640142],[128.8738804,35.06412689999999],[128.8745131,35.0643497],[128.8749121,35.064346],[128.8755285,35.0644299],[128.8760891,35.06441370000001],[128.8766999,35.0646391],[128.8774685,35.064893299999994],[128.8781368,35.06498870000001],[128.8799453,35.065184499999994],[128.8815488,35.0653794],[128.88185135625545,35.06539958399753],[128.88179761951938,35.06221130106942]]],[[[128.8709845273956,35.071350476451286],[128.88194957935724,35.07122601295035],[128.88189267118622,35.06785052056439],[128.8812408,35.0680335],[128.877689,35.068527100000004],[128.873967,35.06911469999999],[128.8737262,35.069235899999995],[128.8735688,35.069384299999996],[128.8727713,35.0694565],[128.8725162,35.06954060000001],[128.8722493,35.06940300000001],[128.8719746,35.069565100000005],[128.8716881,35.0695054],[128.8714105,35.0694971],[128.8712409,35.0693456],[128.87095117962673,35.069356713904625],[128.8709845273956,35.071350476451286]]]]}},{"type":"Feature","properties":{"chance":69,"depth_m":49.2,"coastal_limit_km":5},"geometry":{"type":"Polygon","coordinates":[[[128.8709845273956,35.071350476451286],[128.87113534939058,35.08036521573051],[128.88210160668524,35.08024071083094],[128.88194957935724,35.07122601295035],[128.8709845273956,35.071350476451286]]]}},{"type":"Feature","properties":{"chance":46,"depth_m":49.2,"coastal_limit_km":5},"geometry":{"type":"Polygon","coordinates":[[[128.87113534939058,35.08036521573051],[128.87128623837035,35.089379941016524],[128.88225370153307,35.08925539470939],[128.88210160668524,35.08024071083094],[128.87113534939058,35.08036521573051]]]}},{"type":"Feature","properties":{"chance":30,"depth_m":49.2,"coastal_limit_km":5},"geometry":{"type":"Polygon","coordinates":[[[128.87128623837035,35.089379941016524],[128.87143719436443,35.09839465230754],[128.88240586393042,35.09827006458388],[128.88225370153307,35.08925539470939],[128.87128623837035,35.089379941016524]]]}},{"type":"Feature","properties":{"chance":51,"depth_m":49.2,"coastal_limit_km":5},"geometry":{"type":"Polygon","coordinates":[[[128.87143719436443,35.09839465230754],[128.8715882174023,35.10740934960171],[128.88255809390708,35.10728472045258],[128.88240586393042,35.09827006458388],[128.87143719436443,35.09839465230754]]]}},{"type":"Feature","properties":{"chance":67,"depth_m":49.2,"coastal_limit_km":5},"geometry":{"type":"Polygon","coordinates":[[[128.88271039149274,35.116299362313704],[128.88255809390708,35.10728472045258],[128.8715882174023,35.10740934960171],[128.87171837196146,35.11517516788098],[128.87301701581396,35.11640956468672],[128.88271039149274,35.116299362313704]]]}},{"type":"Feature","properties":{"chance":76,"depth_m":48.5,"coastal_limit_km":5},"geometry":{"type":"Polygon","coordinates":[[[128.88271039149274,35.116299362313704],[128.87301701581396,35.11640956468672],[128.87513853729865,35.118426016517155],[128.87923130851087,35.12159289937862],[128.87970467351002,35.121890324966955],[128.87992140962072,35.12206954019995],[128.88284164942388,35.12406542520986],[128.88271039149274,35.116299362313704]]]}},{"type":"Feature","properties":{"chance":62,"depth_m":46.9,"coastal_limit_km":5},"geometry":{"type":"Polygon","coordinates":[[[128.8802817265799,34.97206341264193],[128.88601876767717,34.971998057163105],[128.88474017574939,34.97036934800987],[128.88107713478666,34.966641251796084],[128.88017838185823,34.96590300549936],[128.8802817265799,34.97206341264193]]]}},{"type":"Feature","properties":{"chance":66,"depth_m":45.4,"coastal_limit_km":5},"geometry":{"type":"Polygon","coordinates":[[[128.8802817265799,34.97206341264193],[128.8804330131451,34.981078264426095],[128.89138597395655,34.980953226805944],[128.8913789307052,34.980536925748986],[128.8905260998713,34.978677286057064],[128.88790176798,34.974396533623185],[128.88601876767717,34.971998057163105],[128.8802817265799,34.97206341264193]]]}},{"type":"Feature","properties":{"chance":64,"depth_m":44.8,"coastal_limit_km":5},"geometry":{"type":"Polygon","coordinates":[[[128.8804330131451,34.981078264426095],[128.88058436690466,34.990093102228165],[128.89153852768234,34.98996802296981],[128.89138597395655,34.980953226805944],[128.8804330131451,34.981078264426095]]]}},{"type":"Feature","properties":{"chance":52,"depth_m":44.8,"coastal_limit_km":5},"geometry":{"type":"Polygon","coordinates":[[[128.88058436690466,34.990093102228165],[128.880735787888,34.99910792604627],[128.8916911491646,34.998982805140784],[128.89153852768234,34.98996802296981],[128.88058436690466,34.990093102228165]]]}},{"type":"Feature","properties":{"chance":44,"depth_m":44.8,"coastal_limit_km":5},"geometry":{"type":"Polygon","coordinates":[[[128.880735787888,34.99910792604627],[128.88088727612467,35.00812273587862],[128.89184383843303,35.00799757331699],[128.8916911491646,34.998982805140784],[128.880735787888,34.99910792604627]]]}},{"type":"Feature","properties":{"chance":44,"depth_m":44.8,"coastal_limit_km":5},"geometry":{"type":"Polygon","coordinates":[[[128.88088727612467,35.00812273587862],[128.88103883164413,35.01713753172337],[128.89199659551747,35.017012327496644],[128.89184383843303,35.00799757331699],[128.88088727612467,35.00812273587862]]]}},{"type":"Feature","properties":{"chance":69,"depth_m":44.8,"coastal_limit_km":5},"geometry":{"type":"Polygon","coordinates":[[[128.88103883164413,35.01713753172337],[128.88119045447604,35.0261523135787],[128.89214942044762,35.02602706767789],[128.89199659551747,35.017012327496644],[128.88103883164413,35.01713753172337]]]}},{"type":"Feature","properties":{"chance":83,"depth_m":44.8,"coastal_limit_km":5},"geometry":{"type":"Polygon","coordinates":[[[128.88119045447604,35.0261523135787],[128.88134214464992,35.03516708144279],[128.89230231325337,35.035041793858895],[128.89214942044762,35.02602706767789],[128.88119045447604,35.0261523135787]]]}},{"type":"Feature","properties":{"chance":82,"depth_m":44.8,"coastal_limit_km":5},"geometry":{"type":"Polygon","coordinates":[[[128.88134214464992,35.03516708144279],[128.88149390219536,35.044181835313815],[128.8924552739645,35.04405650603786],[128.89230231325337,35.035041793858895],[128.88134214464992,35.03516708144279]]]}},{"type":"Feature","properties":{"chance":67,"depth_m":44.8,"coastal_limit_km":5},"geometry":{"type":"Polygon","coordinates":[[[128.88149390219536,35.044181835313815],[128.88164572714197,35.05319657518997],[128.89260830261085,35.053071204212955],[128.8924552739645,35.04405650603786],[128.88149390219536,35.044181835313815]]]}},{"type":"Feature","properties":{"chance":57,"depth_m":44.8,"coastal_limit_km":5},"geometry":{"type":"MultiPolygon","coordinates":[[[[128.89260830261085,35.053071204212955],[128.88164572714197,35.05319657518997],[128.88179761951938,35.06221130106942],[128.8832281266184,35.06219499399287],[128.8832877,35.0621638],[128.8839224,35.062039600000006],[128.8850536,35.06147719999999],[128.885508,35.06105620000002],[128.8867058,35.0607996],[128.8871172,35.0606569],[128.8873778,35.0605667],[128.8878094,35.0604952],[128.8889145,35.0603205],[128.8899836,35.060045499999994],[128.8916945,35.0595331],[128.89271536194684,35.0593755289548],[128.89260830261085,35.053071204212955]]],[[[128.8927613992223,35.06208588838233],[128.89274600539764,35.061179645840845],[128.8926307,35.06119129999999],[128.8925457,35.0611451],[128.8924846,35.0612061],[128.8923321,35.06117209999999],[128.8921994,35.06124220000001],[128.8921234,35.0612103],[128.891964,35.0612467],[128.8917008,35.0613291],[128.8916112,35.06129250000001],[128.891297,35.0614826],[128.8911133,35.0615345],[128.8909285,35.06173249999999],[128.8901009,35.0620513],[128.88996107711984,35.062118015024744],[128.8927613992223,35.06208588838233]]]]}},{"type":"Feature","properties":{"chance":57,"depth_m":43.8,"coastal_limit_km":5},"geometry":{"type":"Polygon","coordinates":[[[128.88194957935724,35.07122601295035],[128.89291456382873,35.07110055854418],[128.8927613992223,35.06208588838233],[128.88996107711984,35.062118015024744],[128.8898297,35.0621807],[128.8898444,35.0622352],[128.8898146,35.062251100000005],[128.8898013,35.0622799],[128.8897721,35.0622943],[128.8897506,35.062337799999995],[128.8895473,35.0624488],[128.8894557,35.062502],[128.8894315,35.0626169],[128.889276,35.0627737],[128.8891387,35.0627952],[128.889061,35.0630052],[128.8890167,35.063252999999996],[128.8889362,35.063313000000015],[128.8888959,35.06339009999999],[128.8888834,35.0635127],[128.8887503,35.06357200000001],[128.8887124,35.063914200000006],[128.8887374,35.0642209],[128.8886572,35.0643992],[128.8887115,35.064605900000004],[128.8885179,35.0647016],[128.8882568,35.064793],[128.8881337,35.06477379999999],[128.8879379,35.064787],[128.8875226,35.0646711],[128.886924,35.0643435],[128.8865515,35.0641633],[128.8862318,35.063972299999996],[128.8860212,35.0637956],[128.8857609,35.0635647],[128.8854553,35.0634495],[128.884947,35.063376500000004],[128.8842734,35.06311130000001],[128.88403420000003,35.0630951],[128.8834841,35.06292199999999],[128.8831951,35.06292760000001],[128.8829996,35.062870800000006],[128.8828291,35.062948],[128.8824867,35.06297639999999],[128.8822545,35.06296570000001],[128.8822522,35.062786],[128.8824218,35.062617200000005],[128.8832281266184,35.06219499399287],[128.88179761951938,35.06221130106942],[128.88185135625545,35.06539958399753],[128.8828605,35.0654669],[128.8839051,35.065511400000005],[128.8848263,35.0654965],[128.885181,35.0654967],[128.8854093,35.0655205],[128.8855638,35.06558019999999],[128.8856122,35.0657254],[128.8856027,35.0661111],[128.8855459,35.06645949999999],[128.8855845,35.0670375],[128.8856875,35.0675908],[128.8855826,35.06763550000001],[128.8853943,35.06767049999999],[128.885351,35.06775499999999],[128.8852041,35.0678918],[128.8851166,35.0680105],[128.8850085,35.06809989999999],[128.8848565,35.0681448],[128.8846496,35.068103599999986],[128.88459680000003,35.0680106],[128.8845169,35.0679545],[128.8844298,35.0678933],[128.8842669,35.0678477],[128.8841589,35.06780400000002],[128.8840819,35.067771],[128.8840145,35.067693999999996],[128.8839072,35.06771350000001],[128.8838617,35.0676957],[128.8838297,35.06763279999999],[128.8838596,35.0675248],[128.88379390000003,35.0674268],[128.8836546,35.0673502],[128.8835311,35.06738760000001],[128.8833923,35.06743070000001],[128.8832992,35.0674358],[128.8832639,35.067416300000005],[128.8831692,35.06746230000001],[128.8830637,35.0675625],[128.8829941,35.0676619],[128.8829404,35.0676947],[128.8829522,35.067781399999994],[128.8830173,35.06778799999999],[128.8830755,35.06783440000001],[128.8830564,35.0679075],[128.8830079,35.06793129999999],[128.882972,35.06793309999999],[128.8829029,35.06788530000001],[128.88286080000003,35.0679005],[128.8828327,35.0678176],[128.8828056,35.0677221],[128.8827203,35.0676182],[128.88189267118622,35.06785052056439],[128.88194957935724,35.07122601295035]]]}},{"type":"Feature","properties":{"chance":54,"depth_m":44.8,"coastal_limit_km":5},"geometry":{"type":"Polygon","coordinates":[[[128.88194957935724,35.07122601295035],[128.88210160668524,35.08024071083094],[128.89306779646006,35.08011521469668],[128.89291456382873,35.07110055854418],[128.88194957935724,35.07122601295035]]]}},{"type":"Feature","properties":{"chance":48,"depth_m":44.8,"coastal_limit_km":5},"geometry":{"type":"Polygon","coordinates":[[[128.88210160668524,35.08024071083094],[128.88225370153307,35.08925539470939],[128.89322109714624,35.089129856838035],[128.89306779646006,35.08011521469668],[128.88210160668524,35.08024071083094]]]}},{"type":"Feature","properties":{"chance":45,"depth_m":44.8,"coastal_limit_km":5},"geometry":{"type":"Polygon","coordinates":[[[128.88225370153307,35.08925539470939],[128.88240586393042,35.09827006458388],[128.89337446591716,35.09814448496639],[128.89322109714624,35.089129856838035],[128.88225370153307,35.08925539470939]]]}},{"type":"Feature","properties":{"chance":62,"depth_m":44.8,"coastal_limit_km":5},"geometry":{"type":"Polygon","coordinates":[[[128.88240586393042,35.09827006458388],[128.88255809390708,35.10728472045258],[128.89352790280284,35.10715909907994],[128.89337446591716,35.09814448496639],[128.88240586393042,35.09827006458388]]]}},{"type":"Feature","properties":{"chance":81,"depth_m":44.8,"coastal_limit_km":5},"geometry":{"type":"Polygon","coordinates":[[[128.88255809390708,35.10728472045258],[128.88271039149274,35.116299362313704],[128.89368140783324,35.116173699176855],[128.89352790280284,35.10715909907994],[128.88255809390708,35.10728472045258]]]}},{"type":"Feature","properties":{"chance":85,"depth_m":44.8,"coastal_limit_km":5},"geometry":{"type":"Polygon","coordinates":[[[128.8938349810384,35.12518828525535],[128.89368140783324,35.116173699176855],[128.88271039149274,35.116299362313704],[128.88284164942388,35.12406542520986],[128.8839144771943,35.124798623653184],[128.88479376996932,35.12529193927536],[128.8938349810384,35.12518828525535]]]}},{"type":"Feature","properties":{"chance":77,"depth_m":42.5,"coastal_limit_km":5},"geometry":{"type":"Polygon","coordinates":[[[128.8938349810384,35.12518828525535],[128.88479376996932,35.12529193927536],[128.88820401078004,35.127205091191335],[128.88857872618746,35.12739457633365],[128.89252293897,35.12920930083676],[128.8939123825545,35.12973015115591],[128.8938349810384,35.12518828525535]]]}},{"type":"Feature","properties":{"chance":81,"depth_m":32.6,"coastal_limit_km":5},"geometry":{"type":"Polygon","coordinates":[[[128.9004991387599,34.87264905974543],[128.90042597679113,34.86833506885192],[128.89889691041972,34.87177680096814],[128.89862228489645,34.87267066705703],[128.9004991387599,34.87264905974543]]]}},{"type":"Feature","properties":{"chance":70,"depth_m":33.9,"coastal_limit_km":5},"geometry":{"type":"Polygon","coordinates":[[[128.90065207528372,34.88166398182218],[128.9004991387599,34.87264905974543],[128.89862228489645,34.87267066705703],[128.89751445118125,34.87627631226721],[128.8967006284944,34.88086911874088],[128.89668684882565,34.88099021458099],[128.89661860317614,34.88171039187027],[128.90065207528372,34.88166398182218]]]}},{"type":"Feature","properties":{"chance":55,"depth_m":34.2,"coastal_limit_km":5},"geometry":{"type":"Polygon","coordinates":[[[128.9008050797385,34.89067888991909],[128.90065207528372,34.88166398182218],[128.89661860317614,34.88171039187027],[128.8965542621948,34.88238935479971],[128.89655103401444,34.88243195405399],[128.89647920977168,34.886842854277226],[128.8968780975389,34.89072408653108],[128.9008050797385,34.89067888991909]]]}},{"type":"Feature","properties":{"chance":30,"depth_m":33.8,"coastal_limit_km":5},"geometry":{"type":"Polygon","coordinates":[[[128.90095815215398,34.89969378403432],[128.9008050797385,34.89067888991909],[128.8968780975389,34.89072408653108],[128.89693096022043,34.891238415241666],[128.8979020414858,34.89557653740696],[128.89934712898295,34.89971234521294],[128.90095815215398,34.89969378403432]]]}},{"type":"Feature","properties":{"chance":50,"depth_m":32.8,"coastal_limit_km":5},"geometry":{"type":"Polygon","coordinates":[[[128.90095815215398,34.89969378403432],[128.89934712898295,34.89971234521294],[128.8993832318495,34.89981566494869],[128.90034687705574,34.90181375573151],[128.9007643573001,34.90289735993896],[128.90102076990976,34.90338037417737],[128.90095815215398,34.89969378403432]]]}},{"type":"Feature","properties":{"chance":50,"depth_m":40.7,"coastal_limit_km":5},"geometry":{"type":"Polygon","coordinates":[[[128.89138597395655,34.980953226805944],[128.89153852768234,34.98996802296981],[128.89446974834328,34.98993438536646],[128.8939487360138,34.987367264180556],[128.8926122600899,34.98323789644606],[128.89258341827596,34.98316320966457],[128.89156889079837,34.980951130259456],[128.89138597395655,34.980953226805944]]]}},{"type":"Feature","properties":{"chance":58,"depth_m":40.1,"coastal_limit_km":5},"geometry":{"type":"Polygon","coordinates":[[[128.89153852768234,34.98996802296981],[128.8916911491646,34.998982805140784],[128.89510757040694,34.998943583973094],[128.8952043506814,34.99662469219236],[128.895163614486,34.99609326075299],[128.89517090683478,34.99584489208111],[128.89492938873622,34.99303746127397],[128.8948688732685,34.99224790746916],[128.89485570247822,34.99218087846704],[128.8948042047388,34.99158221833412],[128.89446974834328,34.98993438536646],[128.89153852768234,34.98996802296981]]]}},{"type":"Feature","properties":{"chance":64,"depth_m":40.3,"coastal_limit_km":5},"geometry":{"type":"Polygon","coordinates":[[[128.8916911491646,34.998982805140784],[128.89184383843303,35.00799757331699],[128.89449174634444,35.00796717643146],[128.8942425160178,35.007645656883604],[128.89380914919573,35.00719150943063],[128.89430260122248,35.00544151863711],[128.89432174585582,35.0053551114982],[128.89502142531776,35.00100758772965],[128.89510757040694,34.998943583973094],[128.8916911491646,34.998982805140784]]]}},{"type":"Feature","properties":{"chance":66,"depth_m":37.1,"coastal_limit_km":5},"geometry":{"type":"Polygon","coordinates":[[[128.89184383843303,35.00799757331699],[128.89199659551747,35.017012327496644],[128.902954291545,35.01688613435982],[128.90281390301152,35.008666150500794],[128.90169155790275,35.009125135961256],[128.89724745986297,35.011401428275526],[128.89717585180867,35.0114464388751],[128.89712487627156,35.01136385441908],[128.89449174634444,35.00796717643146],[128.89184383843303,35.00799757331699]]]}},{"type":"Feature","properties":{"chance":69,"depth_m":37.1,"coastal_limit_km":5},"geometry":{"type":"Polygon","coordinates":[[[128.89199659551747,35.017012327496644],[128.89214942044762,35.02602706767789],[128.90310831854367,35.02590083253796],[128.902954291545,35.01688613435982],[128.89199659551747,35.017012327496644]]]}},{"type":"Feature","properties":{"chance":82,"depth_m":37.1,"coastal_limit_km":5},"geometry":{"type":"Polygon","coordinates":[[[128.89214942044762,35.02602706767789],[128.89230231325337,35.035041793858895],[128.90326241395144,35.03491551670679],[128.90310831854367,35.02590083253796],[128.89214942044762,35.02602706767789]]]}},{"type":"Feature","properties":{"chance":81,"depth_m":37.1,"coastal_limit_km":5},"geometry":{"type":"Polygon","coordinates":[[[128.89230231325337,35.035041793858895],[128.8924552739645,35.04405650603786],[128.9034165777984,35.043930186864515],[128.90326241395144,35.03491551670679],[128.89230231325337,35.035041793858895]]]}},{"type":"Feature","properties":{"chance":66,"depth_m":37.1,"coastal_limit_km":5},"geometry":{"type":"Polygon","coordinates":[[[128.8924552739645,35.04405650603786],[128.89260830261085,35.053071204212955],[128.90357081011462,35.05294484300929],[128.9034165777984,35.043930186864515],[128.8924552739645,35.04405650603786]]]}},{"type":"Feature","properties":{"chance":46,"depth_m":37.1,"coastal_limit_km":5},"geometry":{"type":"MultiPolygon","coordinates":[[[[128.90357081011462,35.05294484300929],[128.89260830261085,35.053071204212955],[128.89271536194684,35.0593755289548],[128.893778,35.0592115],[128.8977888,35.058719599999996],[128.9023857,35.058067900000005],[128.90365460260568,35.057840709673634],[128.90357081011462,35.05294484300929]]],[[[128.8927613992223,35.06208588838233],[128.90372511093022,35.061959485139276],[128.90366853637784,35.05865472371882],[128.9036039,35.0587064],[128.9035204,35.0586793],[128.9033858,35.0587652],[128.9032902,35.058809800000006],[128.9031869,35.0588147],[128.9030584,35.0587745],[128.9027899,35.0588818],[128.9026866,35.058871599999996],[128.9025994,35.0589196],[128.9025555,35.05893180000001],[128.9025185,35.058908300000006],[128.9022863,35.05902269999999],[128.9022668,35.05907879999999],[128.9021842,35.0591516],[128.9021107,35.0591696],[128.9020594,35.059142],[128.9019394,35.0591537],[128.9018847,35.0591392],[128.9017658,35.05922230000001],[128.9016904,35.0591853],[128.9016013,35.05917070000001],[128.9015203,35.05921540000001],[128.9014575,35.0592825],[128.9012712,35.0592653],[128.9011914,35.0593072],[128.9010561,35.05933759999999],[128.9010199,35.05937819999999],[128.9009791,35.0593926],[128.9009407,35.0593718],[128.9008116,35.05943169999999],[128.9007461,35.059499],[128.9004616,35.0595012],[128.9003877,35.0594735],[128.9003206,35.05947780000001],[128.9002506,35.0595313],[128.90023220000003,35.05960280000001],[128.8999913,35.05968390000001],[128.8998673,35.0598006],[128.8997753,35.05980189999999],[128.8997026,35.05977839999999],[128.899458,35.0598682],[128.899436,35.059896],[128.8994007,35.05991589999999],[128.8993519,35.0599152],[128.8993317,35.059891099999994],[128.8992036,35.05993350000001],[128.8991975,35.0599651],[128.8991491,35.0599957],[128.8991076,35.0600348],[128.8989161,35.0600557],[128.898841,35.0600843],[128.8987273,35.0601728],[128.8986301,35.060161],[128.8985272,35.0601976],[128.8984475,35.06028020000001],[128.8983471,35.060342300000016],[128.8982908,35.06035889999999],[128.89820200000003,35.06041710000001],[128.8982038,35.0604668],[128.8981637,35.0605086],[128.8980501,35.0605211],[128.8979785,35.0606228],[128.8977992,35.0606523],[128.8978037,35.0605493],[128.8976374,35.06068990000001],[128.8976661,35.06072770000001],[128.897658,35.060924700000015],[128.897597,35.060924700000015],[128.8975565,35.060949400000005],[128.8975788,35.061030900000006],[128.8975839,35.0611291],[128.8974968,35.0612171],[128.8974384,35.0612091],[128.8973568,35.06126880000001],[128.89729140000003,35.0612608],[128.8972656,35.061216300000005],[128.8971639,35.0612073],[128.8970755,35.0612715],[128.8969846,35.061272499999994],[128.8969284,35.061160900000004],[128.8967697,35.06108929999999],[128.8967563,35.0609936],[128.8966205,35.06095470000001],[128.8965308,35.0609718],[128.896497,35.06104650000001],[128.8964457,35.061158],[128.8963661,35.06114080000001],[128.8962435,35.06094220000001],[128.8961144,35.0609417],[128.8960532,35.0609117],[128.8959357,35.060954800000005],[128.8957503,35.060975500000005],[128.8957262,35.061074500000004],[128.8956052,35.0611535],[128.8956112,35.0613601],[128.8954909,35.06143219999999],[128.8954023,35.061424599999995],[128.8953825,35.0613053],[128.8952287,35.06127939999999],[128.8951047,35.06136459999999],[128.8946617,35.0613613],[128.8944519,35.0615934],[128.894219,35.0617254],[128.8940537,35.0616557],[128.8939578,35.06156940000001],[128.893766,35.0616239],[128.8936783,35.06177540000001],[128.8935328,35.061891799999984],[128.8934021,35.061875699999995],[128.8933909,35.06164630000001],[128.8935781,35.0614413],[128.8937125,35.061375500000004],[128.8941648,35.0609728],[128.8937961,35.0610736],[128.8936438,35.06108890000001],[128.89274600539764,35.061179645840845],[128.8927613992223,35.06208588838233]]]]}},{"type":"Feature","properties":{"chance":39,"depth_m":37.1,"coastal_limit_km":5},"geometry":{"type":"Polygon","coordinates":[[[128.90372511093022,35.061959485139276],[128.8927613992223,35.06208588838233],[128.89291456382873,35.07110055854418],[128.90387948027535,35.070974113252674],[128.90387358070782,35.0706296730217],[128.903488,35.070377],[128.9033763,35.0703769],[128.9033055,35.0704406],[128.9030859,35.0709192],[128.9029885,35.070976400000006],[128.9028984,35.0708978],[128.9029377,35.0706484],[128.9028694,35.07020609999999],[128.9029369,35.0699604],[128.90302020000001,35.06979059999999],[128.9031704,35.069614800000004],[128.9033259,35.0694912],[128.9034997,35.0694674],[128.90372030000003,35.0695057],[128.9038295,35.06956219999999],[128.90385537973734,35.0695669909709],[128.90372511093022,35.061959485139276]],[[128.9026189,35.0637558],[128.9025472,35.0637337],[128.9024342,35.0635977],[128.9023642,35.06346609999999],[128.9024734,35.063342799999994],[128.9026094,35.063188700000005],[128.9027216,35.06290620000001],[128.9028622,35.0628028],[128.9029718,35.06272379999999],[128.9031204,35.06274040000001],[128.9032551,35.0629045],[128.903481,35.0631016],[128.9034874,35.0632414],[128.90345100000002,35.0634075],[128.9033354,35.0633821],[128.9031476,35.0634955],[128.9029918,35.0636618],[128.9026189,35.0637558]]]}},{"type":"Feature","properties":{"chance":64,"depth_m":37.1,"coastal_limit_km":5},"geometry":{"type":"Polygon","coordinates":[[[128.90387948027535,35.070974113252674],[128.89291456382873,35.07110055854418],[128.89306779646006,35.08011521469668],[128.90403391818006,35.07998872734765],[128.903895463089,35.07190722406191],[128.9037238,35.0718522],[128.9034983,35.0717127],[128.9032111,35.0716239],[128.9031343,35.0716282],[128.9030189,35.0715947],[128.9029606,35.0715002],[128.9029603,35.0713875],[128.9030352,35.071290399999995],[128.9031319,35.071237],[128.9032264,35.071254],[128.9032869,35.071226200000005],[128.9033085,35.07117190000001],[128.9037069,35.07106220000001],[128.9038379,35.07109830000001],[128.9038294,35.0711965],[128.90388367900178,35.071219248039625],[128.90387948027535,35.070974113252674]]]}},{"type":"Feature","properties":{"chance":75,"depth_m":37.1,"coastal_limit_km":5},"geometry":{"type":"Polygon","coordinates":[[[128.89306779646006,35.08011521469668],[128.89322109714624,35.089129856838035],[128.90418842467463,35.08900332742235],[128.90403391818006,35.07998872734765],[128.89306779646006,35.08011521469668]]]}},{"type":"Feature","properties":{"chance":74,"depth_m":37.1,"coastal_limit_km":5},"geometry":{"type":"Polygon","coordinates":[[[128.89322109714624,35.089129856838035],[128.89337446591716,35.09814448496639],[128.90434299978912,35.098017913474976],[128.90418842467463,35.08900332742235],[128.89322109714624,35.089129856838035]]]}},{"type":"Feature","properties":{"chance":62,"depth_m":37.1,"coastal_limit_km":5},"geometry":{"type":"Polygon","coordinates":[[[128.89337446591716,35.09814448496639],[128.89352790280284,35.10715909907994],[128.90449764355387,35.107032485503694],[128.90434299978912,35.098017913474976],[128.89337446591716,35.09814448496639]]]}},{"type":"Feature","properties":{"chance":77,"depth_m":37.1,"coastal_limit_km":5},"geometry":{"type":"Polygon","coordinates":[[[128.89352790280284,35.10715909907994],[128.89368140783324,35.116173699176855],[128.904652355999,35.11604704350669],[128.90449764355387,35.107032485503694],[128.89352790280284,35.10715909907994]]]}},{"type":"Feature","properties":{"chance":81,"depth_m":37.1,"coastal_limit_km":5},"geometry":{"type":"Polygon","coordinates":[[[128.89368140783324,35.116173699176855],[128.8938349810384,35.12518828525535],[128.9048071371548,35.125061587482136],[128.904652355999,35.11604704350669],[128.89368140783324,35.116173699176855]]]}},{"type":"Feature","properties":{"chance":75,"depth_m":37.1,"coastal_limit_km":5},"geometry":{"type":"Polygon","coordinates":[[[128.9048071371548,35.125061587482136],[128.8938349810384,35.12518828525535],[128.8939123825545,35.12973015115591],[128.89663575844907,35.130750976373996],[128.89727403764005,35.130964577493764],[128.89925363691088,35.131521224519325],[128.90265133208652,35.132510626255005],[128.90313873460002,35.1326135647814],[128.90319258692463,35.13262870489541],[128.9033132115864,35.13265041346055],[128.9049434068321,35.13299468880481],[128.9048071371548,35.125061587482136]]]}},{"type":"Feature","properties":{"chance":62,"depth_m":23.5,"coastal_limit_km":5},"geometry":{"type":"Polygon","coordinates":[[[128.9112835445395,34.863507659918255],[128.9111295513142,34.854492752056075],[128.91083137815474,34.8544962119968],[128.90984313386954,34.85537663875049],[128.90670157064315,34.85876967592722],[128.90636030843328,34.85922115761793],[128.90627959129486,34.85930689217045],[128.90330290473426,34.86324690254577],[128.90309240678775,34.86360246362297],[128.9112835445395,34.863507659918255]]]}},{"type":"Feature","properties":{"chance":73,"depth_m":26.7,"coastal_limit_km":5},"geometry":{"type":"Polygon","coordinates":[[[128.9004991387599,34.87264905974543],[128.91143760616578,34.872522553795264],[128.9112835445395,34.863507659918255],[128.90309240678775,34.86360246362297],[128.9008332630805,34.86741826990365],[128.90042597679113,34.86833506885192],[128.9004991387599,34.87264905974543]]]}},{"type":"Feature","properties":{"chance":65,"depth_m":26.8,"coastal_limit_km":5},"geometry":{"type":"Polygon","coordinates":[[[128.9004991387599,34.87264905974543],[128.90065207528372,34.88166398182218],[128.91159173622293,34.88153743368525],[128.91143760616578,34.872522553795264],[128.9004991387599,34.87264905974543]]]}},{"type":"Feature","properties":{"chance":47,"depth_m":26.8,"coastal_limit_km":5},"geometry":{"type":"Polygon","coordinates":[[[128.90065207528372,34.88166398182218],[128.9008050797385,34.89067888991909],[128.9117459347409,34.89055229958637],[128.91159173622293,34.88153743368525],[128.90065207528372,34.88166398182218]]]}},{"type":"Feature","properties":{"chance":44,"depth_m":26.8,"coastal_limit_km":5},"geometry":{"type":"Polygon","coordinates":[[[128.9008050797385,34.89067888991909],[128.90095815215398,34.89969378403432],[128.91190020174963,34.89956715149673],[128.9117459347409,34.89055229958637],[128.9008050797385,34.89067888991909]]]}},{"type":"Feature","properties":{"chance":70,"depth_m":26.3,"coastal_limit_km":5},"geometry":{"type":"Polygon","coordinates":[[[128.91205453727912,34.90858198941452],[128.91190020174963,34.89956715149673],[128.90095815215398,34.89969378403432],[128.90102076990976,34.90338037417737],[128.90306401469687,34.907229081704784],[128.90308909713556,34.90727029211385],[128.90405250395233,34.908674714708795],[128.91205453727912,34.90858198941452]]]}},{"type":"Feature","properties":{"chance":87,"depth_m":23.5,"coastal_limit_km":5},"geometry":{"type":"Polygon","coordinates":[[[128.91220894135935,34.917596813337866],[128.91205453727912,34.90858198941452],[128.90405250395233,34.908674714708795],[128.9057584236679,34.91116140720254],[128.908882654459,34.91481556275375],[128.9118063244042,34.9176014923895],[128.91220894135935,34.917596813337866]]]}},{"type":"Feature","properties":{"chance":92,"depth_m":23.6,"coastal_limit_km":5},"geometry":{"type":"Polygon","coordinates":[[[128.9137567590688,35.00774428247034],[128.913711440892,35.00511057722702],[128.91126759178658,35.005667552396666],[128.90637918471253,35.007208018937746],[128.90481409786108,35.00784812840953],[128.9137567590688,35.00774428247034]]]}},{"type":"Feature","properties":{"chance":84,"depth_m":26.8,"coastal_limit_km":5},"geometry":{"type":"Polygon","coordinates":[[[128.902954291545,35.01688613435982],[128.91391191919348,35.016758952332914],[128.9137567590688,35.00774428247034],[128.90481409786108,35.00784812840953],[128.90281390301152,35.008666150500794],[128.902954291545,35.01688613435982]]]}},{"type":"Feature","properties":{"chance":66,"depth_m":26.8,"coastal_limit_km":5},"geometry":{"type":"Polygon","coordinates":[[[128.902954291545,35.01688613435982],[128.90310831854367,35.02590083253796],[128.91406714823057,35.025773608178895],[128.91391191919348,35.016758952332914],[128.902954291545,35.01688613435982]]]}},{"type":"Feature","properties":{"chance":64,"depth_m":26.8,"coastal_limit_km":5},"geometry":{"type":"Polygon","coordinates":[[[128.90310831854367,35.02590083253796],[128.90326241395144,35.03491551670679],[128.9142224462103,35.034788250006464],[128.91406714823057,35.025773608178895],[128.90310831854367,35.02590083253796]]]}},{"type":"Feature","properties":{"chance":65,"depth_m":26.8,"coastal_limit_km":5},"geometry":{"type":"Polygon","coordinates":[[[128.90326241395144,35.03491551670679],[128.9034165777984,35.043930186864515],[128.91437781316301,35.043802877813796],[128.9142224462103,35.034788250006464],[128.90326241395144,35.03491551670679]]]}},{"type":"Feature","properties":{"chance":54,"depth_m":26.8,"coastal_limit_km":5},"geometry":{"type":"Polygon","coordinates":[[[128.9034165777984,35.043930186864515],[128.90357081011462,35.05294484300929],[128.91453324911905,35.05281749159903],[128.91437781316301,35.043802877813796],[128.9034165777984,35.043930186864515]]]}},{"type":"Feature","properties":{"chance":55,"depth_m":26.8,"coastal_limit_km":5},"geometry":{"type":"MultiPolygon","coordinates":[[[[128.91453324911905,35.05281749159903],[128.90357081011462,35.05294484300929],[128.90365460260568,35.057840709673634],[128.9068038,35.0572768],[128.9084003,35.0570913],[128.9093281,35.0570478],[128.9100946,35.0568994],[128.9110867,35.056569700000004],[128.9126668,35.056157000000006],[128.91458468475867,35.05579965212556],[128.91453324911905,35.05281749159903]]],[[[128.91468875410868,35.06183209136032],[128.91468700488775,35.061730711632926],[128.9144663,35.0616489],[128.914273760824,35.06183693149173],[128.91468875410868,35.06183209136032]]],[[[128.91293602699244,35.06185252402148],[128.912924,35.061841099999995],[128.9129828,35.0616998],[128.9126987,35.0616973],[128.9126819,35.061808199999994],[128.91251960161924,35.06185737483363],[128.91293602699244,35.06185252402148]]],[[[128.9120204495591,35.06186318741916],[128.911908,35.061819099999994],[128.9119436,35.06168829999999],[128.9116925,35.0616522],[128.9114424,35.06152350000001],[128.91081,35.061709900000004],[128.9108046867273,35.061877336281995],[128.9120204495591,35.06186318741916]]],[[[128.90372511093022,35.061959485139276],[128.9050717328434,35.06194389125643],[128.9050861,35.0617969],[128.9051353,35.061730000000004],[128.9052198,35.0616601],[128.9052995,35.06152579999999],[128.9053921,35.0611401],[128.9055144,35.06104949999999],[128.9055495,35.0608769],[128.9060544,35.0604654],[128.9059763,35.06040410000001],[128.9061065,35.060310799999996],[128.9061443,35.06023679999999],[128.9063112,35.0601819],[128.9062923,35.0600677],[128.906312,35.0598723],[128.9064175,35.05980389999999],[128.9064791,35.059617700000004],[128.9065663,35.0596137],[128.9066039,35.0596592],[128.9069294,35.05949869999999],[128.9070405,35.0595047],[128.907208,35.059420499999995],[128.9072475,35.0592822],[128.9074935,35.059201400000006],[128.9076951,35.0590698],[128.9080903,35.05875569999999],[128.9083814,35.0586793],[128.9088088,35.0585229],[128.9090407,35.0583932],[128.9094642,35.0581864],[128.9092758,35.058105899999994],[128.9088057,35.05821590000001],[128.9082038,35.0581695],[128.9075367,35.0579816],[128.9067679,35.0580844],[128.9065136,35.0582742],[128.9058298,35.0581245],[128.9054244,35.05812569999999],[128.9051845,35.0581892],[128.904946,35.0583351],[128.9047329,35.05828509999999],[128.904548,35.0582486],[128.9041748,35.0583381],[128.9040535,35.05851690000001],[128.9038671,35.05863110000001],[128.9037852,35.05865880000001],[128.9036827,35.0586434],[128.90366853637784,35.05865472371882],[128.90372511093022,35.061959485139276]]]]}},{"type":"Feature","properties":{"chance":51,"depth_m":26.8,"coastal_limit_km":5},"geometry":{"type":"MultiPolygon","coordinates":[[[[128.91484432816233,35.070846677095886],[128.91468875410868,35.06183209136032],[128.914273760824,35.06183693149173],[128.9142143,35.061895],[128.9142634,35.0620618],[128.91407050000004,35.0620895],[128.9136271,35.06193689999999],[128.9133889,35.062009200000006],[128.9131414,35.06204760000001],[128.91293602699244,35.06185252402148],[128.91251960161924,35.06185737483363],[128.9123842,35.06189839999999],[128.912097,35.0618932],[128.9120204495591,35.06186318741916],[128.9108046867273,35.061877336281995],[128.9108022,35.0619557],[128.910588,35.0620872],[128.9106877,35.0623338],[128.9106813,35.0624184],[128.9105254,35.0624147],[128.9105464,35.06255610000001],[128.9108112,35.0626049],[128.9108917,35.0627336],[128.911097,35.0627718],[128.9113607,35.06291010000001],[128.9114431,35.0630212],[128.9115944,35.0630585],[128.9118947,35.06305650000001],[128.9120033,35.0632175],[128.9119491,35.0632997],[128.9118402,35.0633284],[128.9117985,35.0632313],[128.9117186,35.063255700000006],[128.9116733,35.06338099999999],[128.9116057,35.0633817],[128.9115137,35.0634064],[128.9113344,35.0634859],[128.9110887,35.0633592],[128.9107034,35.0634933],[128.9106262,35.0634707],[128.9105686,35.0633568],[128.9104669,35.06332930000001],[128.9103425,35.063328999999996],[128.9102034,35.063392],[128.9100941,35.063378400000005],[128.9100143,35.0633137],[128.9095606,35.06330770000001],[128.9095526,35.0633749],[128.9093424,35.063391],[128.9092777,35.0632886],[128.9091518,35.0633207],[128.9091343,35.06328370000001],[128.9092504,35.0632366],[128.9091245,35.063176500000004],[128.9090427,35.0630963],[128.9089875,35.0631548],[128.9088576,35.06303100000001],[128.9088083,35.0630727],[128.9087336,35.06305510000001],[128.9086957,35.063133699999995],[128.9085977,35.06308089999999],[128.9085561,35.0631586],[128.908039,35.0630425],[128.9080112,35.06292859999999],[128.9076451,35.06291300000001],[128.9073224,35.06275949999999],[128.9073102,35.062708099999995],[128.9072477,35.0627537],[128.9072416,35.062803200000005],[128.9071902,35.0628029],[128.9071537,35.0627339],[128.9070411,35.062742500000006],[128.9068744,35.06272779999999],[128.9068426,35.06277930000001],[128.9067851,35.0627669],[128.906765,35.0627266],[128.9066419,35.06273439999998],[128.9065887,35.062665],[128.9065331,35.06272609999999],[128.9062724,35.0627038],[128.9062107,35.0626264],[128.9061637,35.06267350000001],[128.9060697,35.062637099999996],[128.9060813,35.0625862],[128.9060659,35.0625533],[128.9060156,35.0625678],[128.9059493,35.06258880000001],[128.9057333,35.06256650000001],[128.9054901,35.0624799],[128.9054176,35.06236729999999],[128.9051071,35.0622627],[128.9050584,35.062080300000005],[128.9050717328434,35.06194389125643],[128.90372511093022,35.061959485139276],[128.90385537973734,35.0695669909709],[128.9039505,35.0695846],[128.9045936,35.069863500000004],[128.9047838,35.0700199],[128.9051599,35.0702575],[128.9055591288266,35.07095465628278],[128.91484432816233,35.070846677095886]]],[[[128.90387948027535,35.070974113252674],[128.90462840678484,35.070965440597824],[128.904233,35.070724],[128.9040946,35.0707102],[128.9039046,35.07065000000001],[128.90387358070782,35.0706296730217],[128.90387948027535,35.070974113252674]]]]}},{"type":"Feature","properties":{"chance":75,"depth_m":29.1,"coastal_limit_km":5},"geometry":{"type":"MultiPolygon","coordinates":[[[[128.91484432816233,35.070846677095886],[128.9055591288266,35.07095465628278],[128.9056072,35.071038599999994],[128.90569420000003,35.07122369999999],[128.9063386,35.0716007],[128.90662330000004,35.0717015],[128.907138,35.07208510000001],[128.9074542,35.0724525],[128.9078401,35.0725392],[128.9082392,35.072780300000005],[128.9084455,35.0729468],[128.9088527,35.0730475],[128.9089056,35.0731152],[128.9089922,35.0731868],[128.9091189,35.07319259999999],[128.9093188,35.073325100000005],[128.9093299,35.07340560000001],[128.909423,35.07349719999999],[128.9095471,35.0735129],[128.9105335,35.073999500000006],[128.9106687,35.0740394],[128.9111664,35.0743138],[128.9113021,35.0743299],[128.911413,35.0743975],[128.9116662,35.07450300000001],[128.9117518,35.07450899999999],[128.9119243,35.0745743],[128.9122351,35.0746994],[128.9125644,35.0748093],[128.9126786,35.0748189],[128.9128372,35.07493540000001],[128.912937,35.074942899999996],[128.913177,35.0750152],[128.9132398,35.0750539],[128.9133892,35.0750977],[128.9134953,35.0751485],[128.9139078,35.075227100000006],[128.9142949,35.0753489],[128.9144407,35.075356799999994],[128.9146666,35.07542269999999],[128.9147431,35.07547109999999],[128.914924930023,35.075515493612166],[128.91484432816233,35.070846677095886]]],[[[128.91493320118704,35.07599453509087],[128.9148389,35.0759809],[128.9139333,35.07571690000001],[128.9136116,35.0756853],[128.9133488,35.07560109999999],[128.9131343,35.0755673],[128.9116786,35.0750891],[128.9109836,35.074797700000005],[128.9102834,35.07431570000001],[128.9088679,35.0737307],[128.9081324,35.0733101],[128.9070395,35.072588499999995],[128.9065242,35.0722678],[128.9064217,35.0722521],[128.9058918,35.0718783],[128.9054378,35.071467999999996],[128.9046457,35.070976],[128.90462840678484,35.070965440597824],[128.90387948027535,35.070974113252674],[128.90388367900178,35.071219248039625],[128.9042107,35.071356300000005],[128.9043441,35.0714843],[128.9045885,35.0715125],[128.9051052,35.0717693],[128.9052977,35.0719276],[128.9055489,35.0720708],[128.9057138,35.0722916],[128.9060903,35.0725693],[128.9063489,35.07269339999999],[128.9064996,35.072876400000006],[128.90734100000003,35.0733958],[128.9079852,35.07377850000001],[128.9084245,35.0739667],[128.9088394,35.0742823],[128.9091931,35.0744162],[128.9103863,35.0748782],[128.9108012,35.0752406],[128.9110219,35.0753419],[128.9115067,35.0756084],[128.9121253,35.075875],[128.9135535,35.0762847],[128.9140057,35.0764586],[128.9145694,35.0766289],[128.9146633,35.0768667],[128.9147348,35.0769275],[128.9148598,35.07698829999999],[128.91495074010098,35.077010299844],[128.91493320118704,35.07599453509087]]],[[[128.90403391818006,35.07998872734765],[128.9149999713103,35.07986124880386],[128.91495273673635,35.07712593158304],[128.9146609,35.0771944],[128.9142247,35.0770643],[128.914063,35.0769861],[128.91392,35.0769869],[128.9137733,35.076955500000004],[128.9134657,35.07679769999999],[128.9133103,35.0767648],[128.9132032,35.0767109],[128.913005,35.076713700000006],[128.9125075,35.0765098],[128.912389,35.0765105],[128.9119006,35.0763717],[128.9117611,35.0764008],[128.9117201,35.0764669],[128.9116582,35.0764598],[128.9115083,35.0763272],[128.9114452,35.0763132],[128.9113986,35.07638320000001],[128.9112506,35.0763373],[128.9112426,35.0763019],[128.9107489,35.076178500000005],[128.9106396,35.0760925],[128.9106331,35.076002100000004],[128.9106677,35.075988800000005],[128.9106588,35.07596850000001],[128.9105736,35.07595179999999],[128.9105109,35.075891000000006],[128.9104259,35.075782200000006],[128.91031,35.075701200000005],[128.9102926,35.07563570000001],[128.9102291,35.0756307],[128.9101842,35.0755814],[128.9101532,35.07562829999999],[128.9101159,35.0756044],[128.9100673,35.0755878],[128.9100419,35.0756177],[128.909957,35.0755361],[128.9099057,35.075516699999994],[128.9099246,35.07548950000001],[128.9099168,35.075469600000005],[128.9098946,35.0754699],[128.9098835,35.0754232],[128.9098412,35.07540269999999],[128.9097945,35.0753156],[128.9097625,35.075278499999996],[128.9097372,35.075271799999996],[128.9097098,35.0752175],[128.909629,35.075212400000005],[128.9096194,35.07518890000001],[128.9095998,35.0751989],[128.90958170000002,35.075227399999996],[128.9094964,35.07518850000001],[128.9092974,35.075149599999996],[128.9091621,35.0750738],[128.9090642,35.07494849999999],[128.9090006,35.0749327],[128.9089951,35.0749095],[128.9090108,35.0748898],[128.9089198,35.074742300000004],[128.908879,35.0747254],[128.9087489,35.0746422],[128.9083966,35.07462990000001],[128.9082834,35.0745887],[128.9081675,35.074613299999996],[128.9079135,35.074506799999995],[128.9078803,35.0744656],[128.9077807,35.0744472],[128.9076997,35.07441130000001],[128.907674,35.0743405],[128.9076767,35.0742655],[128.9077408,35.0742044],[128.9078044,35.0741673],[128.907928,35.0742073],[128.9078588,35.07411140000001],[128.9077738,35.0740446],[128.9077352,35.07403800000001],[128.9077598,35.07410159999999],[128.9077153,35.07411270000001],[128.9076909,35.074027900000004],[128.907631,35.0739546],[128.9075314,35.07388939999999],[128.90742380000003,35.0738703],[128.9073932,35.073786500000004],[128.907309,35.07374870000002],[128.9072665,35.07371259999999],[128.9072091,35.0737438],[128.9070862,35.073646],[128.9070333,35.07369150000001],[128.9067775,35.07358750000001],[128.9066714,35.073509],[128.9063877,35.0732093],[128.9060865,35.07309289999999],[128.9059842,35.0730054],[128.9058471,35.0729684],[128.9056656,35.07294180000001],[128.9056262,35.07288450000001],[128.9055058,35.0728304],[128.9055777,35.0728027],[128.9054131,35.0725255],[128.9053181,35.0724727],[128.905217,35.072481],[128.9052535,35.0724058],[128.9051397,35.0722476],[128.9049023,35.0721083],[128.9046862,35.072047999999995],[128.9045205,35.0720979],[128.9043317,35.07202139999999],[128.9041313,35.072024],[128.9038957,35.0719073],[128.903895463089,35.07190722406191],[128.90403391818006,35.07998872734765]]]]}},{"type":"Feature","properties":{"chance":89,"depth_m":26.8,"coastal_limit_km":5},"geometry":{"type":"Polygon","coordinates":[[[128.9149999713103,35.07986124880386],[128.90403391818006,35.07998872734765],[128.90418842467463,35.08900332742235],[128.91515568358304,35.08887580648241],[128.9151276751613,35.08725462787988],[128.9150549,35.0872864],[128.9148973,35.08730409999999],[128.9147338,35.0872309],[128.9146452,35.0871146],[128.9146371,35.0870014],[128.9147997,35.0869216],[128.914986,35.086896700000004],[128.9150518,35.08693490000001],[128.91512241321772,35.086950042477966],[128.9149999713103,35.07986124880386]]]}},{"type":"Feature","properties":{"chance":89,"depth_m":26.8,"coastal_limit_km":5},"geometry":{"type":"Polygon","coordinates":[[[128.90418842467463,35.08900332742235],[128.90434299978912,35.098017913474976],[128.91531146501094,35.097890350129724],[128.91515568358304,35.08887580648241],[128.90418842467463,35.08900332742235]]]}},{"type":"Feature","properties":{"chance":73,"depth_m":26.8,"coastal_limit_km":5},"geometry":{"type":"Polygon","coordinates":[[[128.90434299978912,35.098017913474976],[128.90449764355387,35.107032485503694],[128.91546731562448,35.106904879743965],[128.91531146501094,35.097890350129724],[128.90434299978912,35.098017913474976]]]}},{"type":"Feature","properties":{"chance":59,"depth_m":26.8,"coastal_limit_km":5},"geometry":{"type":"Polygon","coordinates":[[[128.90449764355387,35.107032485503694],[128.904652355999,35.11604704350669],[128.9156232354541,35.11591939532328],[128.91546731562448,35.106904879743965],[128.90449764355387,35.107032485503694]]]}},{"type":"Feature","properties":{"chance":63,"depth_m":26.8,"coastal_limit_km":5},"geometry":{"type":"Polygon","coordinates":[[[128.904652355999,35.11604704350669],[128.9048071371548,35.125061587482136],[128.9157792245303,35.12493389686589],[128.9156232354541,35.11591939532328],[128.904652355999,35.11604704350669]]]}},{"type":"Feature","properties":{"chance":57,"depth_m":26.8,"coastal_limit_km":5},"geometry":{"type":"Polygon","coordinates":[[[128.91593528288354,35.133948384369944],[128.9157792245303,35.12493389686589],[128.9048071371548,35.125061587482136],[128.9049434068321,35.13299468880481],[128.9073790557243,35.13350901851307],[128.91106158834705,35.13400523859932],[128.91593528288354,35.133948384369944]]]}},{"type":"Feature","properties":{"chance":68,"depth_m":21.9,"coastal_limit_km":5},"geometry":{"type":"Polygon","coordinates":[[[128.91593528288354,35.133948384369944],[128.91106158834705,35.13400523859932],[128.91219616110897,35.13415809802597],[128.9159428408846,35.134384859533434],[128.91593528288354,35.133948384369944]]]}},{"type":"Feature","properties":{"chance":72,"depth_m":12.3,"coastal_limit_km":5},"geometry":{"type":"Polygon","coordinates":[[[128.9111295513142,34.854492752056075],[128.92206556487082,34.854365347492475],[128.92193192290566,34.846598753153756],[128.92138841228294,34.846867427224495],[128.91721962208462,34.849398747992126],[128.91335966270023,34.85224364344248],[128.91112514074217,34.854234493845944],[128.9111295513142,34.854492752056075]]]}},{"type":"Feature","properties":{"chance":49,"depth_m":14.7,"coastal_limit_km":5},"geometry":{"type":"Polygon","coordinates":[[[128.9111295513142,34.854492752056075],[128.9112835445395,34.863507659918255],[128.92222075054067,34.863380212858246],[128.92206556487082,34.854365347492475],[128.9111295513142,34.854492752056075]]]}},{"type":"Feature","properties":{"chance":47,"depth_m":14.7,"coastal_limit_km":5},"geometry":{"type":"Polygon","coordinates":[[[128.9112835445395,34.863507659918255],[128.91143760616578,34.872522553795264],[128.92237600514076,34.87239506422972],[128.92222075054067,34.863380212858246],[128.9112835445395,34.863507659918255]]]}},{"type":"Feature","properties":{"chance":66,"depth_m":14.7,"coastal_limit_km":5},"geometry":{"type":"Polygon","coordinates":[[[128.91143760616578,34.872522553795264],[128.91159173622293,34.88153743368525],[128.92253132870135,34.88140990160508],[128.92237600514076,34.87239506422972],[128.91143760616578,34.872522553795264]]]}},{"type":"Feature","properties":{"chance":78,"depth_m":14.7,"coastal_limit_km":5},"geometry":{"type":"Polygon","coordinates":[[[128.91159173622293,34.88153743368525],[128.9117459347409,34.89055229958637],[128.92268672125255,34.890424724982424],[128.92253132870135,34.88140990160508],[128.91159173622293,34.88153743368525]]]}},{"type":"Feature","properties":{"chance":77,"depth_m":14.7,"coastal_limit_km":5},"geometry":{"type":"Polygon","coordinates":[[[128.9117459347409,34.89055229958637],[128.91190020174963,34.89956715149673],[128.9228421828245,34.899439534359914],[128.92268672125255,34.890424724982424],[128.9117459347409,34.89055229958637]]]}},{"type":"Feature","properties":{"chance":70,"depth_m":14.7,"coastal_limit_km":5},"geometry":{"type":"Polygon","coordinates":[[[128.91190020174963,34.89956715149673],[128.91205453727912,34.90858198941452],[128.9229977134475,34.90845432973568],[128.9228421828245,34.899439534359914],[128.91190020174963,34.89956715149673]]]}},{"type":"Feature","properties":{"chance":87,"depth_m":14.7,"coastal_limit_km":5},"geometry":{"type":"Polygon","coordinates":[[[128.91205453727912,34.90858198941452],[128.91220894135935,34.917596813337866],[128.92315331315177,34.91746911110789],[128.9229977134475,34.90845432973568],[128.91205453727912,34.90858198941452]]]}},{"type":"Feature","properties":{"chance":89,"depth_m":11.8,"coastal_limit_km":5},"geometry":{"type":"Polygon","coordinates":[[[128.92330898196755,34.92648387847464],[128.92315331315177,34.91746911110789],[128.91220894135935,34.917596813337866],[128.91221570414464,34.91799156419127],[128.9124311044333,34.91819680327581],[128.9163689014374,34.92127185480304],[128.9182745850636,34.92248887034198],[128.91752809627226,34.92551479817347],[128.9173981475393,34.92655298582655],[128.92330898196755,34.92648387847464]]]}},{"type":"Feature","properties":{"chance":77,"depth_m":12.1,"coastal_limit_km":5},"geometry":{"type":"Polygon","coordinates":[[[128.9234647199251,34.93549863183413],[128.92330898196755,34.92648387847464],[128.9173981475393,34.92655298582655],[128.9169797439124,34.92989554561221],[128.9169530314752,34.93429945277042],[128.91709687528694,34.935573087089],[128.9234647199251,34.93549863183413]]]}},{"type":"Feature","properties":{"chance":54,"depth_m":11.6,"coastal_limit_km":5},"geometry":{"type":"Polygon","coordinates":[[[128.92362052705477,34.94451337118447],[128.9234647199251,34.93549863183413],[128.91709687528694,34.935573087089],[128.91744829736535,34.93868448519372],[128.9184608961366,34.943008782017415],[128.91902202084168,34.944567184211586],[128.92362052705477,34.94451337118447]]]}},{"type":"Feature","properties":{"chance":41,"depth_m":10.0,"coastal_limit_km":5},"geometry":{"type":"Polygon","coordinates":[[[128.92377640338682,34.95352809652381],[128.92362052705477,34.94451337118447],[128.91902202084168,34.944567184211586],[128.9199812397193,34.94723105581273],[128.92199488600903,34.95131098719859],[128.92341235610206,34.9535323640106],[128.92377640338682,34.95352809652381]]]}},{"type":"Feature","properties":{"chance":89,"depth_m":14.0,"coastal_limit_km":5},"geometry":{"type":"Polygon","coordinates":[[[128.9137567590688,35.00774428247034],[128.92471311633003,35.00761615422542],[128.92460288087827,35.00125839676266],[128.92281861979004,35.0036809675834],[128.92146704910587,35.003769170894046],[128.91631220893467,35.0045177768746],[128.913711440892,35.00511057722702],[128.9137567590688,35.00774428247034]]]}},{"type":"Feature","properties":{"chance":85,"depth_m":14.7,"coastal_limit_km":5},"geometry":{"type":"Polygon","coordinates":[[[128.9137567590688,35.00774428247034],[128.91391191919348,35.016758952332914],[128.92486947792955,35.01663078143604],[128.92471311633003,35.00761615422542],[128.9137567590688,35.00774428247034]]]}},{"type":"Feature","properties":{"chance":65,"depth_m":14.7,"coastal_limit_km":5},"geometry":{"type":"Polygon","coordinates":[[[128.91391191919348,35.016758952332914],[128.91406714823057,35.025773608178895],[128.92502590897476,35.025645394620874],[128.92486947792955,35.01663078143604],[128.91391191919348,35.016758952332914]]]}},{"type":"Feature","properties":{"chance":37,"depth_m":14.7,"coastal_limit_km":5},"geometry":{"type":"Polygon","coordinates":[[[128.91406714823057,35.025773608178895],[128.9142224462103,35.034788250006464],[128.92518240949622,35.0346599937781],[128.92502590897476,35.025645394620874],[128.91406714823057,35.025773608178895]]]}},{"type":"Feature","properties":{"chance":55,"depth_m":14.7,"coastal_limit_km":5},"geometry":{"type":"Polygon","coordinates":[[[128.9142224462103,35.034788250006464],[128.91437781316301,35.043802877813796],[128.92533897952438,35.04367457890587],[128.92518240949622,35.0346599937781],[128.9142224462103,35.034788250006464]]]}},{"type":"Feature","properties":{"chance":76,"depth_m":14.7,"coastal_limit_km":5},"geometry":{"type":"Polygon","coordinates":[[[128.91437781316301,35.043802877813796],[128.91453324911905,35.05281749159903],[128.92549561908984,35.05268915000233],[128.92533897952438,35.04367457890587],[128.91437781316301,35.043802877813796]]]}},{"type":"Feature","properties":{"chance":91,"depth_m":11.1,"coastal_limit_km":5},"geometry":{"type":"MultiPolygon","coordinates":[[[[128.92565232822318,35.06170370706566],[128.92549561908984,35.05268915000233],[128.91453324911905,35.05281749159903],[128.91458468475867,35.05579965212556],[128.9148211,35.055755600000005],[128.9167832,35.055469],[128.9179643,35.0553266],[128.9183537,35.05529400000001],[128.9187782,35.0553322],[128.9190611,35.0555087],[128.9194541,35.055862499999996],[128.9199715,35.0564401],[128.9202997,35.05678139999999],[128.9207296,35.0571705],[128.92167520000004,35.0578973],[128.9219275,35.0581455],[128.922119,35.05842990000001],[128.9222727,35.0587707],[128.9223248,35.0591284],[128.9221913,35.05969710000001],[128.9219971,35.0604266],[128.9217821,35.06110579999999],[128.9216576,35.06119410000001],[128.9215431,35.06120150000001],[128.9214762,35.06118289999999],[128.9213816,35.0611725],[128.921144,35.0612774],[128.9207961,35.06130399999999],[128.9203601,35.0612311],[128.9203505,35.0611345],[128.9205403,35.0610294],[128.9205594,35.0608657],[128.92041660000004,35.06024549999999],[128.9204466,35.059857],[128.9203075,35.0594128],[128.9201789,35.0588543],[128.9202141,35.05858920000001],[128.9200661,35.058225599999986],[128.9196578,35.05794190000001],[128.9194299,35.05804849999999],[128.9191542,35.0579975],[128.9190159,35.05801679999999],[128.9189158,35.057912300000005],[128.9188131,35.0577633],[128.918793,35.0575845],[128.9187139,35.0575877],[128.9184315,35.05768820000001],[128.9183697,35.0577628],[128.9183359,35.0578591],[128.9185492,35.0581421],[128.9185351,35.05820330000001],[128.9185871,35.0583693],[128.9186332,35.0584141],[128.9186257,35.0585514],[128.9188247,35.0589691],[128.919045,35.0591592],[128.9192032,35.0595522],[128.9192453,35.059812],[128.9193221,35.05993000000001],[128.9193742,35.06005480000001],[128.9194432,35.0602926],[128.9195163,35.0603885],[128.9197634,35.060944400000004],[128.919631,35.061452],[128.9194655,35.06157450000001],[128.9190702,35.061235999999994],[128.9190678,35.0611596],[128.9191748,35.061158000000006],[128.91925,35.061080000000004],[128.9192344,35.0610225],[128.9191732,35.0610268],[128.9190865,35.0611084],[128.9190465,35.061079],[128.9190661,35.0609732],[128.9189802,35.060981000000005],[128.9189453,35.061056799999996],[128.9189107,35.0610323],[128.918905,35.0609499],[128.9188848,35.0609052],[128.9188163,35.0609373],[128.9187757,35.06089570000001],[128.9187273,35.06097350000001],[128.9186827,35.060950000000005],[128.9185843,35.0608791],[128.9184297,35.060831199999996],[128.9183366,35.0607627],[128.9182697,35.0607575],[128.9180257,35.0609574],[128.9179322,35.0609489],[128.9178466,35.06100880000001],[128.9177895,35.06098699999999],[128.917747,35.0610061],[128.9176707,35.0610062],[128.9176385,35.06105420000001],[128.9177523,35.0611343],[128.9177098,35.06117350000002],[128.9175458,35.061150700000006],[128.9175374,35.06110110000001],[128.9174711,35.061105500000004],[128.9174397,35.0611465],[128.9173308,35.06121780000001],[128.9175387,35.0613442],[128.9175684,35.06133019999999],[128.9176792,35.061460099999984],[128.9174771,35.0614819],[128.9173729,35.0614463],[128.9173176,35.0613811],[128.9172356,35.061338],[128.9172025,35.061370999999994],[128.9171917,35.0614807],[128.9171362,35.0614893],[128.9170908,35.0614469],[128.9170424,35.06145690000001],[128.9170899,35.0616122],[128.9170152,35.0615565],[128.9169798,35.061583700000014],[128.9169973,35.0616148],[128.9168846,35.0615954],[128.916816,35.061598399999994],[128.9167385,35.061638],[128.91674440000003,35.061661099999995],[128.9167967,35.06167909999999],[128.9167499,35.061719999999994],[128.9167329,35.0616758],[128.9166688,35.061680300000006],[128.9166547,35.0617116],[128.9165666,35.061673500000005],[128.9166117,35.0616069],[128.9165949,35.061572000000005],[128.9164839,35.061604100000004],[128.9164653,35.061644],[128.916387,35.0617014],[128.9162494,35.061691100000004],[128.9162418,35.06177809999999],[128.9162078040925,35.06181436232868],[128.92565232822318,35.06170370706566]]],[[[128.91601723306727,35.061816587552094],[128.9159865,35.0617899],[128.9158974,35.0618095],[128.91590037948149,35.06181795185763],[128.91601723306727,35.061816587552094]]],[[[128.91468875410868,35.06183209136032],[128.91514678956935,35.06182674757237],[128.9151462,35.061824300000005],[128.9149179,35.0618163],[128.91468700488775,35.061730711632926],[128.91468875410868,35.06183209136032]]]]}},{"type":"Feature","properties":{"chance":77,"depth_m":14.7,"coastal_limit_km":5},"geometry":{"type":"Polygon","coordinates":[[[128.91468875410868,35.06183209136032],[128.91484432816233,35.070846677095886],[128.92580910695494,35.07071825009401],[128.92565232822318,35.06170370706566],[128.9162078040925,35.06181436232868],[128.9161623,35.0618629],[128.9160807,35.0618717],[128.91601723306727,35.061816587552094],[128.91590037948149,35.06181795185763],[128.9159372,35.06192240000001],[128.9158732,35.0619515],[128.9158237,35.06197650000001],[128.9157704,35.0619352],[128.91564090000003,35.061934799999996],[128.91561840000003,35.061910899999994],[128.9155538,35.061917400000006],[128.9155213,35.061966899999994],[128.9156055,35.0620168],[128.9155212,35.0620303],[128.9154506,35.061982799999996],[128.9153849,35.062040800000005],[128.9152807,35.0620455],[128.9151911,35.062010699999995],[128.91514678956935,35.06182674757237],[128.91468875410868,35.06183209136032]],[[128.9169589,35.0645388],[128.9165658,35.0645039],[128.9164361,35.064409399999995],[128.916357,35.0642071],[128.9163782,35.06410300000001],[128.9163172,35.063855600000004],[128.9163487,35.0636539],[128.9165123,35.06343439999999],[128.916736,35.0634739],[128.9167786,35.0635774],[128.9169676,35.06352],[128.917142,35.0635251],[128.9172787,35.0636537],[128.9173244,35.0637582],[128.9174312,35.0638294],[128.9175471,35.0638709],[128.9176782,35.0638653],[128.9177631,35.06382459999999],[128.9179386,35.0638612],[128.9182766,35.0639095],[128.9183965,35.0639886],[128.9185171,35.064266],[128.9182607,35.0644293],[128.9180387,35.06440930000001],[128.9179811,35.064372600000006],[128.9178058,35.064364600000005],[128.9177897,35.064422900000004],[128.9176608,35.0644297],[128.91769120000004,35.064505],[128.9176234,35.0645854],[128.9175315,35.0645444],[128.9174056,35.0645561],[128.9171394,35.06454889999999],[128.9170455,35.0644575],[128.9169513,35.06449670000001],[128.9169589,35.0645388]]]}},{"type":"Feature","properties":{"chance":76,"depth_m":17.5,"coastal_limit_km":5},"geometry":{"type":"Polygon","coordinates":[[[128.9149999713103,35.07986124880386],[128.92596595531575,35.07973277908556],[128.92580910695494,35.07071825009401],[128.91484432816233,35.070846677095886],[128.914924930023,35.075515493612166],[128.9149311,35.075517000000005],[128.9151368,35.0755379],[128.9153441,35.07555179999999],[128.9157505,35.0756731],[128.9159046,35.07569720000001],[128.916004,35.0757677],[128.9161064,35.075753],[128.9164027,35.075824299999994],[128.9166103,35.0758527],[128.9168091,35.0758324],[128.9170336,35.0758806],[128.91734,35.0758982],[128.9174301,35.07594859999999],[128.9175381,35.07593820000001],[128.9177809,35.07600510000001],[128.9181665,35.07601950000001],[128.9182366,35.0759658],[128.9184249,35.076023600000006],[128.9187322,35.0760059],[128.9188932,35.0760689],[128.9189993,35.0760352],[128.9191351,35.076069600000004],[128.9193681,35.076024100000005],[128.9196762,35.0759792],[128.9201063,35.075978799999994],[128.9208497,35.0758384],[128.9208985,35.0758061],[128.9208238,35.075529],[128.9209037,35.075376799999994],[128.9210837,35.0752154],[128.9211954,35.0751505],[128.9211152,35.075009],[128.9210706,35.074865100000004],[128.9211256,35.0748035],[128.9212045,35.0747932],[128.9217522,35.0752697],[128.9218311,35.0752861],[128.9219862,35.0758895],[128.9221823,35.0762293],[128.9222777,35.07632250000001],[128.9222928,35.076499],[128.9221423,35.076968400000005],[128.9221291,35.07713149999999],[128.9220605,35.0772495],[128.922032,35.077497],[128.9219291,35.077516],[128.9216119,35.0778814],[128.9214288,35.07790790000001],[128.92115680000003,35.07783559999999],[128.92076220000004,35.07780739999999],[128.9199649,35.0778065],[128.9194699,35.0778345],[128.9187632,35.0779283],[128.9184342,35.077919400000006],[128.9182933,35.077869899999996],[128.9182961,35.0777832],[128.9181328,35.0777578],[128.9181383,35.0778474],[128.918029,35.0778251],[128.9178445,35.0777466],[128.917196,35.077673600000004],[128.9170834,35.0776389],[128.9169387,35.0776656],[128.9168261,35.0776576],[128.9166411,35.0776008],[128.91656,35.0776261],[128.9165647,35.0776952],[128.9160255,35.07777960000001],[128.9159301,35.077747300000006],[128.9158261,35.0778013],[128.9153589,35.077804199999996],[128.9151971,35.0777238],[128.9152788,35.07749239999999],[128.9154436,35.0772654],[128.9154624,35.0771008],[128.9155589,35.0770083],[128.9161506,35.076949],[128.9172995,35.0771791],[128.9174972,35.0772578],[128.9181909,35.07740239999999],[128.9185631,35.0774068],[128.9190847,35.077375599999996],[128.919375,35.07739070000001],[128.9196331,35.077357500000005],[128.9201592,35.0773281],[128.92041410000002,35.077441],[128.9209582,35.0772996],[128.9216875,35.077271200000006],[128.9218611,35.07711609999999],[128.9219141,35.0769217],[128.92188,35.07671830000001],[128.9210472,35.0766748],[128.9208559,35.076646200000006],[128.9207449,35.0766964],[128.9205927,35.0767881],[128.9192723,35.0767815],[128.9191823,35.0767148],[128.918527,35.076683100000004],[128.9184594,35.0767163],[128.91814210000004,35.07670370000001],[128.9177002,35.0766127],[128.9174823,35.0765426],[128.9172876,35.07638909999999],[128.9169858,35.07627959999999],[128.9162702,35.07611949999999],[128.91553320000003,35.07612600000001],[128.9154164,35.0760644],[128.91493320118704,35.07599453509087],[128.91495074010098,35.077010299844],[128.9150206,35.0770272],[128.9152353,35.0770367],[128.9152069,35.0771046],[128.9151012,35.0770911],[128.91495273673635,35.07712593158304],[128.9149999713103,35.07986124880386]],[[128.9208852,35.0790082],[128.9208408,35.07907960000001],[128.9208813,35.0791984],[128.9208685,35.07931560000001],[128.9206948,35.0795335],[128.9204468,35.079596],[128.9203942,35.0795651],[128.9203081,35.07960910000001],[128.9200553,35.0796846],[128.9199223,35.0795064],[128.9199414,35.079219800000004],[128.9198172,35.07916709999999],[128.9197064,35.07921280000001],[128.9194566,35.07928749999999],[128.9192157,35.0791752],[128.9190618,35.079035100000006],[128.9190294,35.0789248],[128.9191131,35.0787233],[128.9193052,35.078588100000005],[128.9195922,35.0785425],[128.9195418,35.0784049],[128.9194656,35.0783639],[128.9194404,35.0782799],[128.9195763,35.07822970000001],[128.9196407,35.07826779999999],[128.9197988,35.0781563],[128.9200742,35.0780825],[128.9203843,35.0780572],[128.920576,35.0782002],[128.920743,35.0781987],[128.9209158,35.0783513],[128.9210317,35.0785021],[128.9209922,35.07864519999999],[128.9210904,35.078726499999995],[128.9210267,35.07889800000001],[128.9208852,35.0790082]]]}},{"type":"Feature","properties":{"chance":86,"depth_m":14.7,"coastal_limit_km":5},"geometry":{"type":"Polygon","coordinates":[[[128.92612287333628,35.088747294038455],[128.92596595531575,35.07973277908556],[128.9149999713103,35.07986124880386],[128.91512241321772,35.086950042477966],[128.9152346,35.08697409999999],[128.9152161,35.08708789999999],[128.9152315,35.0872093],[128.9151276751613,35.08725462787988],[128.91515568358304,35.08887580648241],[128.91703090989733,35.08885390309543],[128.91695100000004,35.0888135],[128.9169154,35.088639900000004],[128.9170515,35.088457600000005],[128.9174034,35.088419300000005],[128.9176142,35.0882256],[128.917599,35.08795909999999],[128.917681,35.0877986],[128.9178692,35.0877262],[128.9181075,35.087702400000005],[128.9182923,35.0877752],[128.9184795,35.0880173],[128.9184763,35.088124900000004],[128.9186108,35.0880912],[128.9190305,35.0880517],[128.919169,35.087970999999996],[128.9193236,35.0879781],[128.9195383,35.0880799],[128.9196865,35.08838140000001],[128.9196453,35.088446899999994],[128.919604,35.08851250000001],[128.9196054,35.0885877],[128.9198262,35.088672700000004],[128.9199061,35.08875329999999],[128.91998403756057,35.088819350575804],[128.92612287333628,35.088747294038455]]]}},{"type":"Feature","properties":{"chance":86,"depth_m":14.7,"coastal_limit_km":5},"geometry":{"type":"Polygon","coordinates":[[[128.91515568358304,35.08887580648241],[128.91531146501094,35.097890350129724],[128.92627986104714,35.09776179495086],[128.92612287333628,35.088747294038455],[128.91998403756057,35.088819350575804],[128.92015,35.08896],[128.92047,35.08908569999999],[128.9205624,35.0891018],[128.9206107,35.0891319],[128.9206448,35.08917650000001],[128.9206396,35.0892373],[128.9205778,35.0892765],[128.9204572,35.0893416],[128.9195462,35.0894058],[128.9190207,35.089403299999994],[128.918656,35.0893946],[128.9184182,35.0893154],[128.9183101,35.08924700000001],[128.9182557,35.0891698],[128.9181204,35.089237000000004],[128.9179636,35.0892164],[128.9177892,35.08914959999999],[128.9177007,35.0890301],[128.9173256,35.08900289999999],[128.91703090989733,35.08885390309543],[128.91515568358304,35.08887580648241]]]}},{"type":"Feature","properties":{"chance":71,"depth_m":14.7,"coastal_limit_km":5},"geometry":{"type":"Polygon","coordinates":[[[128.91531146501094,35.097890350129724],[128.91546731562448,35.106904879743965],[128.92643691847903,35.10677628182097],[128.92627986104714,35.09776179495086],[128.91531146501094,35.097890350129724]]]}},{"type":"Feature","properties":{"chance":45,"depth_m":14.7,"coastal_limit_km":5},"geometry":{"type":"Polygon","coordinates":[[[128.91546731562448,35.106904879743965],[128.9156232354541,35.11591939532328],[128.92659404566263,35.11579075464691],[128.92643691847903,35.10677628182097],[128.91546731562448,35.106904879743965]]]}},{"type":"Feature","properties":{"chance":47,"depth_m":14.7,"coastal_limit_km":5},"geometry":{"type":"Polygon","coordinates":[[[128.9156232354541,35.11591939532328],[128.9157792245303,35.12493389686589],[128.92675124262868,35.124805213426875],[128.92659404566263,35.11579075464691],[128.9156232354541,35.11591939532328]]]}},{"type":"Feature","properties":{"chance":72,"depth_m":14.7,"coastal_limit_km":5},"geometry":{"type":"Polygon","coordinates":[[[128.9157792245303,35.12493389686589],[128.91593528288354,35.133948384369944],[128.92690850940792,35.13381965815904],[128.92675124262868,35.124805213426875],[128.9157792245303,35.12493389686589]]]}},{"type":"Feature","properties":{"chance":81,"depth_m":15.2,"coastal_limit_km":5},"geometry":{"type":"Polygon","coordinates":[[[128.92690850940792,35.13381965815904],[128.91593528288354,35.133948384369944],[128.9159428408846,35.134384859533434],[128.91706446415282,35.134452721068634],[128.91742936521308,35.13446142102812],[128.91870340201743,35.13447962893055],[128.91922919168974,35.134482123403465],[128.92423378958458,35.134317968311],[128.92514528360581,35.13425372168877],[128.9269126385081,35.13405628179247],[128.92690850940792,35.13381965815904]]]}},{"type":"Feature","properties":{"chance":64,"depth_m":17.5,"coastal_limit_km":5},"geometry":{"type":"Polygon","coordinates":[[[128.9328452008724,34.845222123445986],[128.93279180923935,34.842141930859285],[128.93050064673199,34.84283315461409],[128.92582867883627,34.84467234550582],[128.92451876061688,34.84531994284804],[128.9328452008724,34.845222123445986]]]}},{"type":"Feature","properties":{"chance":61,"depth_m":14.0,"coastal_limit_km":5},"geometry":{"type":"Polygon","coordinates":[[[128.92206556487082,34.854365347492475],[128.93300150952734,34.8542369599892],[128.9328452008724,34.845222123445986],[128.92451876061688,34.84531994284804],[128.92193192290566,34.846598753153756],[128.92206556487082,34.854365347492475]]]}},{"type":"Feature","properties":{"chance":53,"depth_m":14.0,"coastal_limit_km":5},"geometry":{"type":"Polygon","coordinates":[[[128.92206556487082,34.854365347492475],[128.92222075054067,34.863380212858246],[128.93315788761154,34.86325178253081],[128.93300150952734,34.8542369599892],[128.92206556487082,34.854365347492475]]]}},{"type":"Feature","properties":{"chance":53,"depth_m":14.0,"coastal_limit_km":5},"geometry":{"type":"Polygon","coordinates":[[[128.92222075054067,34.863380212858246],[128.92237600514076,34.87239506422972],[128.93331433515536,34.872266591068964],[128.93315788761154,34.86325178253081],[128.92222075054067,34.863380212858246]]]}},{"type":"Feature","properties":{"chance":78,"depth_m":14.0,"coastal_limit_km":5},"geometry":{"type":"Polygon","coordinates":[[[128.92237600514076,34.87239506422972],[128.92253132870135,34.88140990160508],[128.93347085218915,34.88128138560179],[128.93331433515536,34.872266591068964],[128.92237600514076,34.87239506422972]]]}},{"type":"Feature","properties":{"chance":93,"depth_m":14.0,"coastal_limit_km":5},"geometry":{"type":"Polygon","coordinates":[[[128.92253132870135,34.88140990160508],[128.92268672125255,34.890424724982424],[128.93362743874334,34.89029616612744],[128.93347085218915,34.88128138560179],[128.92253132870135,34.88140990160508]]]}},{"type":"Feature","properties":{"chance":92,"depth_m":14.0,"coastal_limit_km":5},"geometry":{"type":"Polygon","coordinates":[[[128.92268672125255,34.890424724982424],[128.9228421828245,34.899439534359914],[128.93378409484836,34.89931093264402],[128.93362743874334,34.89029616612744],[128.92268672125255,34.890424724982424]]]}},{"type":"Feature","properties":{"chance":77,"depth_m":14.0,"coastal_limit_km":5},"geometry":{"type":"Polygon","coordinates":[[[128.9228421828245,34.899439534359914],[128.9229977134475,34.90845432973568],[128.93394082053467,34.908325685149705],[128.93378409484836,34.89931093264402],[128.9228421828245,34.899439534359914]]]}},{"type":"Feature","properties":{"chance":68,"depth_m":14.0,"coastal_limit_km":5},"geometry":{"type":"Polygon","coordinates":[[[128.9229977134475,34.90845432973568],[128.92315331315177,34.91746911110789],[128.9340976158327,34.91734042364259],[128.93394082053467,34.908325685149705],[128.9229977134475,34.90845432973568]]]}},{"type":"Feature","properties":{"chance":72,"depth_m":14.0,"coastal_limit_km":5},"geometry":{"type":"Polygon","coordinates":[[[128.92315331315177,34.91746911110789],[128.92330898196755,34.92648387847464],[128.93425448077295,34.92635514812085],[128.9340976158327,34.91734042364259],[128.92315331315177,34.91746911110789]]]}},{"type":"Feature","properties":{"chance":65,"depth_m":14.0,"coastal_limit_km":5},"geometry":{"type":"Polygon","coordinates":[[[128.92330898196755,34.92648387847464],[128.9234647199251,34.93549863183413],[128.9344114153859,34.935369858582604],[128.93425448077295,34.92635514812085],[128.92330898196755,34.92648387847464]]]}},{"type":"Feature","properties":{"chance":57,"depth_m":14.0,"coastal_limit_km":5},"geometry":{"type":"Polygon","coordinates":[[[128.9234647199251,34.93549863183413],[128.92362052705477,34.94451337118447],[128.93456841970215,34.94438455502601],[128.9344114153859,34.935369858582604],[128.9234647199251,34.93549863183413]]]}},{"type":"Feature","properties":{"chance":55,"depth_m":14.0,"coastal_limit_km":5},"geometry":{"type":"Polygon","coordinates":[[[128.92362052705477,34.94451337118447],[128.92377640338682,34.95352809652381],[128.9347254937522,34.95339923744918],[128.93456841970215,34.94438455502601],[128.92362052705477,34.94451337118447]]]}},{"type":"Feature","properties":{"chance":69,"depth_m":15.2,"coastal_limit_km":5},"geometry":{"type":"Polygon","coordinates":[[[128.93488263756663,34.96241390585028],[128.9347254937522,34.95339923744918],[128.92377640338682,34.95352809652381],[128.92378662099563,34.95411886660437],[128.9244826740821,34.95520961043229],[128.92742090484907,34.95888968626985],[128.93078156550712,34.9623160585012],[128.93095383130907,34.962460267649],[128.93488263756663,34.96241390585028]]]}},{"type":"Feature","properties":{"chance":84,"depth_m":18.9,"coastal_limit_km":5},"geometry":{"type":"MultiPolygon","coordinates":[[[[128.93488263756663,34.96241390585028],[128.93095383130907,34.962460267649],[128.93453259571646,34.96545599071516],[128.93494057614635,34.96573658102248],[128.93488263756663,34.96241390585028]]],[[[128.93503985117604,34.97142856022746],[128.93497102135532,34.967482341260855],[128.93461956687798,34.96871451096392],[128.93430695644238,34.96969912426816],[128.93424853067293,34.97001529377817],[128.93415504682324,34.970343024207345],[128.93397666610676,34.97144112167748],[128.93503985117604,34.97142856022746]]]]}},{"type":"Feature","properties":{"chance":93,"depth_m":19.1,"coastal_limit_km":5},"geometry":{"type":"Polygon","coordinates":[[[128.93519713461103,34.980443200578854],[128.93503985117604,34.97142856022746],[128.93397666610676,34.97144112167748],[128.93391578397512,34.97181590116277],[128.9334452419203,34.97436204316295],[128.9331801096265,34.97907354889929],[128.93318065982592,34.97914835038448],[128.93324932423062,34.98046621185543],[128.93519713461103,34.980443200578854]]]}},{"type":"Feature","properties":{"chance":82,"depth_m":19.3,"coastal_limit_km":5},"geometry":{"type":"Polygon","coordinates":[[[128.93535448790226,34.98945782690261],[128.93519713461103,34.980443200578854],[128.93324932423062,34.98046621185543],[128.93335334539242,34.98246255940359],[128.93337489950224,34.98268477262045],[128.93420985404157,34.98770855456363],[128.93475138375376,34.98946495686064],[128.93535448790226,34.98945782690261]]]}},{"type":"Feature","properties":{"chance":62,"depth_m":18.9,"coastal_limit_km":5},"geometry":{"type":"Polygon","coordinates":[[[128.93551191108034,34.99847243919687],[128.93535448790226,34.98945782690261],[128.93475138375376,34.98946495686064],[128.93538284614417,34.99151294328742],[128.93502973133587,34.99173265425364],[128.9312086605058,34.99461556104133],[128.92773559568482,34.99778270579451],[128.9270217116586,34.99857255769869],[128.93551191108034,34.99847243919687]]]}},{"type":"Feature","properties":{"chance":69,"depth_m":14.0,"coastal_limit_km":5},"geometry":{"type":"Polygon","coordinates":[[[128.92471311633003,35.00761615422542],[128.935669404176,35.00748703745978],[128.93551191108034,34.99847243919687],[128.9270217116586,34.99857255769869],[128.9246416518423,35.00120575386095],[128.92460288087827,35.00125839676266],[128.92471311633003,35.00761615422542]]]}},{"type":"Feature","properties":{"chance":66,"depth_m":14.0,"coastal_limit_km":5},"geometry":{"type":"Polygon","coordinates":[[[128.92471311633003,35.00761615422542],[128.92486947792955,35.01663078143604],[128.93582696721992,35.01650162168951],[128.935669404176,35.00748703745978],[128.92471311633003,35.00761615422542]]]}},{"type":"Feature","properties":{"chance":59,"depth_m":14.0,"coastal_limit_km":5},"geometry":{"type":"Polygon","coordinates":[[[128.92486947792955,35.01663078143604],[128.92502590897476,35.025645394620874],[128.9359846002428,35.0255161918842],[128.93582696721992,35.01650162168951],[128.92486947792955,35.01663078143604]]]}},{"type":"Feature","properties":{"chance":60,"depth_m":14.0,"coastal_limit_km":5},"geometry":{"type":"Polygon","coordinates":[[[128.92502590897476,35.025645394620874],[128.92518240949622,35.0346599937781],[128.93614230327537,35.034530748042],[128.9359846002428,35.0255161918842],[128.92502590897476,35.025645394620874]]]}},{"type":"Feature","properties":{"chance":63,"depth_m":14.0,"coastal_limit_km":5},"geometry":{"type":"Polygon","coordinates":[[[128.92518240949622,35.0346599937781],[128.92533897952438,35.04367457890587],[128.93630007634846,35.04354529016108],[128.93614230327537,35.034530748042],[128.92518240949622,35.0346599937781]]]}},{"type":"Feature","properties":{"chance":81,"depth_m":14.0,"coastal_limit_km":5},"geometry":{"type":"MultiPolygon","coordinates":[[[[128.93630007634846,35.04354529016108],[128.92533897952438,35.04367457890587],[128.92549561908984,35.05268915000233],[128.92796925122073,35.052660052996984],[128.9279721,35.0526493],[128.9281359,35.0520683],[128.9282577,35.0514506],[128.9283793,35.0509667],[128.9283646,35.049325499999995],[128.9282456,35.0487332],[128.9284065,35.0484839],[128.9290867,35.048629899999995],[128.9300709,35.04881610000001],[128.9313573,35.0489835],[128.9326688,35.0490924],[128.9338973,35.0492336],[128.9353151,35.0492529],[128.93640059249145,35.04928629913884],[128.93630007634846,35.04354529016108]]],[[[128.9364579194928,35.052559818239565],[128.93643493390724,35.05124734584441],[128.9356599,35.05140230000001],[128.9341038,35.051303],[128.9330707,35.05121940000001],[128.9318582,35.0513122],[128.931103,35.0515986],[128.9306657,35.0515767],[128.930278,35.0518156],[128.9298475,35.0520731],[128.9297074,35.05244359999999],[128.92965874579022,35.052640150696725],[128.9364579194928,35.052559818239565]]]]}},{"type":"Feature","properties":{"chance":95,"depth_m":16.3,"coastal_limit_km":5},"geometry":{"type":"MultiPolygon","coordinates":[[[[128.9364579194928,35.052559818239565],[128.92965874579022,35.052640150696725],[128.9295211,35.053196199999995],[128.9295855,35.05414590000001],[128.9297149,35.0547218],[128.9298205,35.0550644],[128.9296836,35.0554516],[128.9295642,35.055822199999994],[128.930048,35.0559878],[128.9302381,35.0563396],[128.930623,35.05615000000001],[128.9310537,35.056356],[128.9309871,35.05658480000001],[128.9311245,35.056855899999995],[128.9309889,35.0570965],[128.93031340000002,35.057280500000005],[128.929703,35.057084599999996],[128.9290169,35.05653989999999],[128.9283526,35.0558127],[128.927887,35.0550293],[128.927657,35.0540628],[128.9277237,35.05358689999999],[128.92796925122073,35.052660052996984],[128.92549561908984,35.05268915000233],[128.92565232822318,35.06170370706566],[128.93661583273922,35.06157433227562],[128.9365728402648,35.05912049486602],[128.9365589,35.0591123],[128.936479,35.059121],[128.9364211,35.0592868],[128.9361959,35.0593492],[128.9359511,35.0593414],[128.9356698,35.0592897],[128.9355125,35.0593531],[128.9354766,35.0595275],[128.9356233,35.0597186],[128.9356794,35.05994679999999],[128.935783,35.0600731],[128.9357307,35.0601154],[128.9357404,35.0602099],[128.9357966,35.060246299999996],[128.9358945,35.0602781],[128.9362294,35.0604507],[128.9362909,35.060506000000004],[128.936305,35.060563300000005],[128.9362592,35.060620500000006],[128.9361277,35.0606315],[128.9360852,35.0607239],[128.9360247,35.0607335],[128.9359642,35.06074300000001],[128.9358771,35.06056269999999],[128.9357123,35.0604846],[128.9356061,35.0604174],[128.9354902,35.0603883],[128.935449,35.0604315],[128.9353698,35.0604456],[128.9352759,35.06040130000001],[128.9352077,35.060352],[128.9351704,35.0601601],[128.9351956,35.06008870000001],[128.9351051,35.0599598],[128.9350042,35.05962950000001],[128.935072,35.0595656],[128.9350418,35.0594757],[128.9349566,35.0594742],[128.9349167,35.0592601],[128.9348516,35.0591699],[128.9348192,35.05901300000001],[128.9349417,35.0588431],[128.9350612,35.0587661],[128.9351332,35.058786899999994],[128.9351929,35.0587574],[128.9350727,35.0582838],[128.9349437,35.05814689999999],[128.9349997,35.0579829],[128.9349746,35.05789570000001],[128.9350321,35.05782370000001],[128.93515420000003,35.057751499999995],[128.9352445,35.0576092],[128.9353319,35.0575853],[128.9353963,35.05764599999999],[128.9355136,35.057549300000005],[128.9355427,35.057354200000006],[128.9356013,35.0572557],[128.9353586,35.0567481],[128.935297,35.056711699999994],[128.935304,35.056631200000005],[128.93537200000003,35.0566106],[128.93542340000002,35.056537899999995],[128.9354159,35.0563167],[128.9353983,35.0560924],[128.9354723,35.0559048],[128.9354155,35.055646900000006],[128.9352971,35.0552025],[128.9353381,35.05493270000001],[128.9354074,35.0548192],[128.9354039,35.05437539999999],[128.9355959,35.054123],[128.9357077,35.05408169999999],[128.9356646,35.05402479999999],[128.9357629,35.0539014],[128.9359267,35.0538463],[128.9361535,35.053884999999994],[128.9361894,35.0539873],[128.9361728,35.05406180000001],[128.9362569,35.0542283],[128.9364703,35.0544194],[128.93649168805035,35.054487841784926],[128.9364579194928,35.052559818239565]]],[[[128.93649234975172,35.054525619941344],[128.9363871,35.0546926],[128.936194,35.0549442],[128.936076,35.05514399999999],[128.9360626,35.05527789999999],[128.9361377,35.05542940000001],[128.936194,35.055469],[128.9363362,35.05549309999999],[128.9364542,35.055458],[128.93650814886655,35.055427609256206],[128.93649234975172,35.054525619941344]]]]}},{"type":"Feature","properties":{"chance":90,"depth_m":14.0,"coastal_limit_km":5},"geometry":{"type":"Polygon","coordinates":[[[128.92565232822318,35.06170370706566],[128.92580910695494,35.07071825009401],[128.9367738161185,35.07058883226741],[128.93661583273922,35.06157433227562],[128.92565232822318,35.06170370706566]]]}},{"type":"Feature","properties":{"chance":70,"depth_m":14.0,"coastal_limit_km":5},"geometry":{"type":"Polygon","coordinates":[[[128.92580910695494,35.07071825009401],[128.92596595531575,35.07973277908556],[128.93693186966152,35.0796033182131],[128.9367738161185,35.07058883226741],[128.92580910695494,35.07071825009401]]]}},{"type":"Feature","properties":{"chance":63,"depth_m":14.0,"coastal_limit_km":5},"geometry":{"type":"Polygon","coordinates":[[[128.92596595531575,35.07973277908556],[128.92612287333628,35.088747294038455],[128.93708999339916,35.08861779011085],[128.93693186966152,35.0796033182131],[128.92596595531575,35.07973277908556]]]}},{"type":"Feature","properties":{"chance":64,"depth_m":14.0,"coastal_limit_km":5},"geometry":{"type":"Polygon","coordinates":[[[128.92612287333628,35.088747294038455],[128.92627986104714,35.09776179495086],[128.93724818736231,35.0976322479588],[128.93708999339916,35.08861779011085],[128.92612287333628,35.088747294038455]]]}},{"type":"Feature","properties":{"chance":60,"depth_m":14.0,"coastal_limit_km":5},"geometry":{"type":"Polygon","coordinates":[[[128.92627986104714,35.09776179495086],[128.92643691847903,35.10677628182097],[128.93740645158184,35.106646691755124],[128.93724818736231,35.0976322479588],[128.92627986104714,35.09776179495086]]]}},{"type":"Feature","properties":{"chance":65,"depth_m":14.0,"coastal_limit_km":5},"geometry":{"type":"Polygon","coordinates":[[[128.92643691847903,35.10677628182097],[128.92659404566263,35.11579075464691],[128.93756478608873,35.115661121497965],[128.93740645158184,35.106646691755124],[128.92643691847903,35.10677628182097]]]}},{"type":"Feature","properties":{"chance":60,"depth_m":14.0,"coastal_limit_km":5},"geometry":{"type":"Polygon","coordinates":[[[128.92659404566263,35.11579075464691],[128.92675124262868,35.124805213426875],[128.9377231909139,35.124675537185524],[128.93756478608873,35.115661121497965],[128.92659404566263,35.11579075464691]]]}},{"type":"Feature","properties":{"chance":77,"depth_m":14.0,"coastal_limit_km":5},"geometry":{"type":"Polygon","coordinates":[[[128.9377231909139,35.124675537185524],[128.92675124262868,35.124805213426875],[128.92690850940792,35.13381965815904],[128.92928062765833,35.13379170033513],[128.93053190511276,35.133651872606606],[128.9358194695405,35.132614885832844],[128.9378525888285,35.132036263888175],[128.9377231909139,35.124675537185524]]]}},{"type":"Feature","properties":{"chance":89,"depth_m":8.3,"coastal_limit_km":5},"geometry":{"type":"Polygon","coordinates":[[[128.92690850940792,35.13381965815904],[128.9269126385081,35.13405628179247],[128.92928062765833,35.13379170033513],[128.92690850940792,35.13381965815904]]]}},{"type":"Feature","properties":{"chance":56,"depth_m":26.1,"coastal_limit_km":5},"geometry":{"type":"Polygon","coordinates":[[[128.9328452008724,34.845222123445986],[128.94377988424475,34.84509279616593],[128.94368813407544,34.83983947623001],[128.94037063417215,34.84028496682046],[128.93536247579667,34.841366318549554],[128.93279180923935,34.842141930859285],[128.9328452008724,34.845222123445986]]]}},{"type":"Feature","properties":{"chance":69,"depth_m":26.1,"coastal_limit_km":5},"geometry":{"type":"Polygon","coordinates":[[[128.9328452008724,34.845222123445986],[128.93300150952734,34.8542369599892],[128.9439373847546,34.85410758956649],[128.94377988424475,34.84509279616593],[128.9328452008724,34.845222123445986]]]}},{"type":"Feature","properties":{"chance":77,"depth_m":26.1,"coastal_limit_km":5},"geometry":{"type":"Polygon","coordinates":[[[128.93300150952734,34.8542369599892],[128.93315788761154,34.86325178253081],[128.9440949552228,34.86312236895623],[128.9439373847546,34.85410758956649],[128.93300150952734,34.8542369599892]]]}},{"type":"Feature","properties":{"chance":72,"depth_m":26.1,"coastal_limit_km":5},"geometry":{"type":"Polygon","coordinates":[[[128.93315788761154,34.86325178253081],[128.93331433515536,34.872266591068964],[128.94425259567993,34.87213713433326],[128.9440949552228,34.86312236895623],[128.93315788761154,34.86325178253081]]]}},{"type":"Feature","properties":{"chance":72,"depth_m":26.1,"coastal_limit_km":5},"geometry":{"type":"Polygon","coordinates":[[[128.93331433515536,34.872266591068964],[128.93347085218915,34.88128138560179],[128.94441030615656,34.881151885695715],[128.94425259567993,34.87213713433326],[128.93331433515536,34.872266591068964]]]}},{"type":"Feature","properties":{"chance":86,"depth_m":26.1,"coastal_limit_km":5},"geometry":{"type":"Polygon","coordinates":[[[128.93347085218915,34.88128138560179],[128.93362743874334,34.89029616612744],[128.94456808668338,34.89016662304172],[128.94441030615656,34.881151885695715],[128.93347085218915,34.88128138560179]]]}},{"type":"Feature","properties":{"chance":85,"depth_m":26.1,"coastal_limit_km":5},"geometry":{"type":"Polygon","coordinates":[[[128.93362743874334,34.89029616612744],[128.93378409484836,34.89931093264402],[128.94472593729097,34.8991813463694],[128.94456808668338,34.89016662304172],[128.93362743874334,34.89029616612744]]]}},{"type":"Feature","properties":{"chance":70,"depth_m":26.1,"coastal_limit_km":5},"geometry":{"type":"Polygon","coordinates":[[[128.93378409484836,34.89931093264402],[128.93394082053467,34.908325685149705],[128.9448838580101,34.90819605567691],[128.94472593729097,34.8991813463694],[128.93378409484836,34.89931093264402]]]}},{"type":"Feature","properties":{"chance":44,"depth_m":26.1,"coastal_limit_km":5},"geometry":{"type":"Polygon","coordinates":[[[128.93394082053467,34.908325685149705],[128.9340976158327,34.91734042364259],[128.94504184887137,34.91721075096236],[128.9448838580101,34.90819605567691],[128.93394082053467,34.908325685149705]]]}},{"type":"Feature","properties":{"chance":41,"depth_m":26.1,"coastal_limit_km":5},"geometry":{"type":"Polygon","coordinates":[[[128.9340976158327,34.91734042364259],[128.93425448077295,34.92635514812085],[128.9451999099056,34.92622543222389],[128.94504184887137,34.91721075096236],[128.9340976158327,34.91734042364259]]]}},{"type":"Feature","properties":{"chance":66,"depth_m":26.1,"coastal_limit_km":5},"geometry":{"type":"Polygon","coordinates":[[[128.93425448077295,34.92635514812085],[128.9344114153859,34.935369858582604],[128.94535804114346,34.93524009945964],[128.9451999099056,34.92622543222389],[128.93425448077295,34.92635514812085]]]}},{"type":"Feature","properties":{"chance":78,"depth_m":26.1,"coastal_limit_km":5},"geometry":{"type":"Polygon","coordinates":[[[128.9344114153859,34.935369858582604],[128.93456841970215,34.94438455502601],[128.94551624261572,34.94425475266774],[128.94535804114346,34.93524009945964],[128.9344114153859,34.935369858582604]]]}},{"type":"Feature","properties":{"chance":77,"depth_m":26.1,"coastal_limit_km":5},"geometry":{"type":"Polygon","coordinates":[[[128.93456841970215,34.94438455502601],[128.9347254937522,34.95339923744918],[128.94567451435321,34.95326939184632],[128.94551624261572,34.94425475266774],[128.93456841970215,34.94438455502601]]]}},{"type":"Feature","properties":{"chance":65,"depth_m":26.1,"coastal_limit_km":5},"geometry":{"type":"Polygon","coordinates":[[[128.9347254937522,34.95339923744918],[128.93488263756663,34.96241390585028],[128.9458328563867,34.962284016993536],[128.94567451435321,34.95326939184632],[128.9347254937522,34.95339923744918]]]}},{"type":"Feature","properties":{"chance":80,"depth_m":26.2,"coastal_limit_km":5},"geometry":{"type":"Polygon","coordinates":[[[128.93503985117604,34.97142856022746],[128.94599126874698,34.97129862810751],[128.9458328563867,34.962284016993536],[128.93488263756663,34.96241390585028],[128.93494057614635,34.96573658102248],[128.93538399863343,34.96604154295326],[128.93537747172977,34.966057316035396],[128.93497102135532,34.967482341260855],[128.93503985117604,34.97142856022746]]]}},{"type":"Feature","properties":{"chance":85,"depth_m":26.1,"coastal_limit_km":5},"geometry":{"type":"Polygon","coordinates":[[[128.93503985117604,34.97142856022746],[128.93519713461103,34.980443200578854],[128.946149751465,34.980313225186386],[128.94599126874698,34.97129862810751],[128.93503985117604,34.97142856022746]]]}},{"type":"Feature","properties":{"chance":75,"depth_m":26.1,"coastal_limit_km":5},"geometry":{"type":"Polygon","coordinates":[[[128.93519713461103,34.980443200578854],[128.93535448790226,34.98945782690261],[128.9463083045715,34.98932780822831],[128.946149751465,34.980313225186386],[128.93519713461103,34.980443200578854]]]}},{"type":"Feature","properties":{"chance":52,"depth_m":26.1,"coastal_limit_km":5},"geometry":{"type":"Polygon","coordinates":[[[128.93535448790226,34.98945782690261],[128.93551191108034,34.99847243919687],[128.94646692809744,34.99834237723143],[128.9463083045715,34.98932780822831],[128.93535448790226,34.98945782690261]]]}},{"type":"Feature","properties":{"chance":33,"depth_m":26.1,"coastal_limit_km":5},"geometry":{"type":"Polygon","coordinates":[[[128.93551191108034,34.99847243919687],[128.935669404176,35.00748703745978],[128.94662562207373,35.00735693219387],[128.94646692809744,34.99834237723143],[128.93551191108034,34.99847243919687]]]}},{"type":"Feature","properties":{"chance":60,"depth_m":26.1,"coastal_limit_km":5},"geometry":{"type":"Polygon","coordinates":[[[128.935669404176,35.00748703745978],[128.93582696721992,35.01650162168951],[128.9467843865313,35.01637147311381],[128.94662562207373,35.00735693219387],[128.935669404176,35.00748703745978]]]}},{"type":"Feature","properties":{"chance":78,"depth_m":26.1,"coastal_limit_km":5},"geometry":{"type":"Polygon","coordinates":[[[128.93582696721992,35.01650162168951],[128.9359846002428,35.0255161918842],[128.9469432215011,35.025385999989346],[128.9467843865313,35.01637147311381],[128.93582696721992,35.01650162168951]]]}},{"type":"Feature","properties":{"chance":82,"depth_m":26.1,"coastal_limit_km":5},"geometry":{"type":"Polygon","coordinates":[[[128.9359846002428,35.0255161918842],[128.93614230327537,35.034530748042],[128.9471021270141,35.03440051281867],[128.9469432215011,35.025385999989346],[128.9359846002428,35.0255161918842]]]}},{"type":"Feature","properties":{"chance":72,"depth_m":26.1,"coastal_limit_km":5},"geometry":{"type":"Polygon","coordinates":[[[128.93614230327537,35.034530748042],[128.93630007634846,35.04354529016108],[128.94726110310128,35.0434150115999],[128.9471021270141,35.03440051281867],[128.93614230327537,35.034530748042]]]}},{"type":"Feature","properties":{"chance":72,"depth_m":26.1,"coastal_limit_km":5},"geometry":{"type":"MultiPolygon","coordinates":[[[[128.94726110310128,35.0434150115999],[128.93630007634846,35.04354529016108],[128.93640059249145,35.04928629913884],[128.9381173,35.0493391],[128.9396504,35.0494375],[128.9408394,35.049488],[128.9416617,35.049484500000005],[128.9427635,35.0494577],[128.9440708,35.0494948],[128.9458772,35.0495388],[128.9472199,35.0495967],[128.94737010661996,35.04959357097318],[128.94726110310128,35.0434150115999]]],[[[128.9364579194928,35.052559818239565],[128.9474201497937,35.052429496331214],[128.94739743805727,35.051142481163524],[128.9469262,35.0511371],[128.9460325,35.0513319],[128.9453874,35.05115],[128.9445903,35.05164760000001],[128.9437304,35.051571800000005],[128.9428292,35.0517455],[128.9423801,35.0518028],[128.9419806,35.051622],[128.9416994,35.051197],[128.9410666,35.05112319999999],[128.9401482,35.0515103],[128.9389442,35.0511448],[128.9381189,35.0514789],[128.9372144,35.0510915],[128.93643493390724,35.05124734584441],[128.9364579194928,35.052559818239565]]]]}},{"type":"Feature","properties":{"chance":83,"depth_m":26.1,"coastal_limit_km":5},"geometry":{"type":"MultiPolygon","coordinates":[[[[128.9474201497937,35.052429496331214],[128.9364579194928,35.052559818239565],[128.93649168805035,35.054487841784926],[128.9364998,35.0545138],[128.93649234975172,35.054525619941344],[128.93650814886655,35.055427609256206],[128.9365829,35.05538550000001],[128.9368378,35.055346],[128.9369777,35.055275099999996],[128.9372847,35.05512459999999],[128.9374525,35.05513679999999],[128.937621,35.055259199999995],[128.9377189,35.055355199999994],[128.9378366,35.0554618],[128.9379842,35.0555228],[128.9381126,35.0556687],[128.9381559,35.05573749999999],[128.9382605,35.0557635],[128.9384626,35.0559286],[128.938638,35.05597339999999],[128.9388633,35.0561095],[128.9390657,35.05615610000001],[128.9392469,35.0562895],[128.9398665,35.05650910000001],[128.9403412,35.0567089],[128.9408294,35.056849400000004],[128.9416875,35.057027500000004],[128.9417571,35.057069],[128.9418916,35.0570811],[128.9419285,35.0570584],[128.9423462,35.0570978],[128.9424154,35.057157100000005],[128.9428744,35.05719200000001],[128.94310850000002,35.0571156],[128.9434279,35.057157399999994],[128.943723,35.0571442],[128.9439,35.057144199999996],[128.9441656,35.0571069],[128.9443465,35.0570562],[128.9446399,35.05709649999999],[128.9448684,35.0570948],[128.9451859,35.0571418],[128.94522870000003,35.0572964],[128.9453346,35.0573014],[128.9454576,35.0573377],[128.9457126,35.0573167],[128.9459972,35.0573894],[128.9460885,35.0574745],[128.9465145,35.05769289999999],[128.9468793,35.05783999999999],[128.9471341,35.0579542],[128.9473272,35.05805959999999],[128.94752134883072,35.05816318817013],[128.94746474844175,35.05495654776721],[128.9473851,35.054970299999994],[128.9472579,35.0550684],[128.9470998,35.0551204],[128.9469121,35.05497609999999],[128.9466695,35.0549456],[128.9465397,35.0549686],[128.9462444,35.0548301],[128.9461875,35.054712800000004],[128.9459108,35.054636],[128.9457699,35.0546668],[128.9456485,35.054614199999996],[128.9455951,35.05455430000001],[128.9454952,35.0545084],[128.9453122,35.0544791],[128.9451583,35.054358],[128.94495060000003,35.0543051],[128.9447661,35.054203900000005],[128.9445921,35.054192400000005],[128.9444012,35.05412880000001],[128.9441665,35.054134000000005],[128.9438847,35.054040199999996],[128.9438024,35.05395680000001],[128.94366,35.0539594],[128.9434581,35.0537986],[128.9433674,35.0537928],[128.9433012,35.053817099999996],[128.9431278,35.05373569999999],[128.9429565,35.0537312],[128.942937,35.053652899999996],[128.9429763,35.053563],[128.943036,35.0534988],[128.943157,35.053424899999996],[128.94337,35.0534184],[128.9435593,35.0534154],[128.9437899,35.0535554],[128.943938,35.0535604],[128.9441728,35.0534539],[128.9444266,35.0534951],[128.9446542,35.05360180000001],[128.9449608,35.0536762],[128.9453442,35.05380670000001],[128.9458495,35.0539066],[128.946272,35.0537963],[128.946419,35.05387209999999],[128.9465915,35.05389230000001],[128.9467881,35.054028300000006],[128.9469549,35.054081],[128.9469704,35.0541794],[128.9471746,35.054282699999995],[128.9473305,35.05440029999999],[128.9474556063845,35.054438565656284],[128.9474201497937,35.052429496331214]],[[128.9401981,35.0527591],[128.9404476,35.0527986],[128.941271,35.05290180000001],[128.9416975,35.0530314],[128.941904,35.0531456],[128.9420086,35.05318509999999],[128.9420542,35.053294900000004],[128.9420596,35.05335420000001],[128.942006,35.05350349999999],[128.9418477,35.053492500000004],[128.9414883,35.0533432],[128.9411035,35.053042],[128.9407935,35.053042],[128.9398146,35.05299190000001],[128.9396671,35.0529699],[128.9393532,35.0529392],[128.9390207,35.0529633],[128.9388275,35.052948],[128.9386612,35.0530402],[128.9384949,35.0531038],[128.9383099,35.05312140000001],[128.9379719,35.0533761],[128.937819,35.0535606],[128.9377198,35.053505699999995],[128.9377359,35.0533629],[128.9377117,35.0532795],[128.9377761,35.0530533],[128.9380658,35.05283819999999],[128.9384279,35.0526998],[128.9392942,35.052713],[128.9396483,35.0527174],[128.9398682,35.0527262],[128.9401981,35.0527591]]],[[[128.93661583273922,35.06157433227562],[128.94757926712234,35.06144396701073],[128.94753219365856,35.058777533406584],[128.9473992,35.0588068],[128.9473737,35.058778],[128.9472306,35.0588551],[128.9470546,35.0589336],[128.9470712,35.05887250000001],[128.9470393,35.0588198],[128.9468739,35.058863900000006],[128.946845,35.05879410000001],[128.9467233,35.0587555],[128.9466213,35.0588472],[128.946288,35.058897599999995],[128.9459628,35.059011399999996],[128.9458849,35.0589469],[128.945732,35.0589183],[128.9456578,35.05891470000001],[128.9455925,35.0589908],[128.9453811,35.0592144],[128.9452097,35.05912680000001],[128.9451531,35.05916690000001],[128.9444926,35.05911450000001],[128.9443847,35.059203],[128.9443176,35.0591272],[128.9440563,35.059102100000004],[128.9439898,35.059208399999996],[128.9438948,35.05910649999999],[128.9435702,35.058922599999995],[128.9435238,35.0590315],[128.9434097,35.0590897],[128.9432316,35.059035599999994],[128.9431418,35.0590512],[128.9426472,35.0589318],[128.9425558,35.058784700000004],[128.9425174,35.0587797],[128.94247600000003,35.0588662],[128.9422672,35.0589097],[128.9422216,35.05888149999999],[128.9421437,35.0588966],[128.9420937,35.0589918],[128.9420484,35.05894679999999],[128.941856,35.0589379],[128.941786,35.0590189],[128.9417076,35.059000399999995],[128.941685,35.05888620000001],[128.9416124,35.0588779],[128.9415438,35.058940899999996],[128.9414558,35.0589405],[128.9414294,35.0588669],[128.9411204,35.05889930000001],[128.9410882,35.0589762],[128.9408423,35.0590171],[128.9406143,35.059019299999996],[128.9405797,35.05892229999999],[128.9402844,35.0589271],[128.9400911,35.0589629],[128.9399605,35.05892829999999],[128.9398431,35.0589756],[128.9398408,35.05909200000001],[128.9397114,35.0590169],[128.9396556,35.0591346],[128.9390701,35.05925440000001],[128.9390481,35.05932450000001],[128.9390762,35.05942590000001],[128.9390205,35.05946970000001],[128.9389782,35.0594346],[128.9389271,35.059448],[128.9386968,35.059356199999996],[128.9386128,35.05918350000001],[128.9385082,35.0592021],[128.9384385,35.0592269],[128.9383767,35.0593406],[128.9382674,35.059369399999994],[128.9382169,35.05944029999999],[128.9379059,35.059478799999994],[128.9377106,35.05934],[128.937761,35.05931720000001],[128.9377796,35.0592421],[128.9377286,35.059222500000004],[128.9377442,35.05909090000001],[128.9376242,35.0590634],[128.9373741,35.059343199999994],[128.9372971,35.05934210000001],[128.9372856,35.059280400000006],[128.9372447,35.0592427],[128.9371089,35.05922460000001],[128.937005,35.0592546],[128.9368958,35.0592582],[128.936915,35.05931780000001],[128.9367844,35.059328400000005],[128.9366685,35.05924280000001],[128.9366363,35.0591578],[128.9365728402648,35.05912049486602],[128.93661583273922,35.06157433227562]]]]}},{"type":"Feature","properties":{"chance":81,"depth_m":26.1,"coastal_limit_km":5},"geometry":{"type":"MultiPolygon","coordinates":[[[[128.94757926712234,35.06144396701073],[128.93661583273922,35.06157433227562],[128.9367738161185,35.07058883226741],[128.9434905515704,35.07050906401714],[128.9434937,35.07050279999999],[128.9436201,35.0704446],[128.94396,35.070494800000006],[128.9439692,35.070463200000006],[128.9440061,35.07033659999999],[128.9441491,35.0700126],[128.9445281,35.0697963],[128.9447585,35.06976349999999],[128.9450139,35.06981840000001],[128.94519010000002,35.069829899999995],[128.94534,35.06996],[128.9455,35.07008],[128.94568200000003,35.0703089],[128.94577691089344,35.070481826219456],[128.94612355214915,35.07047769285755],[128.946075,35.0703433],[128.9461387,35.0702962],[128.9461243,35.070171800000004],[128.9460812,35.07015160000001],[128.9461633,35.0698255],[128.9463765,35.0692039],[128.9464587,35.06857159999999],[128.9466036,35.06816619999999],[128.9468235,35.068017000000005],[128.9470596,35.0679833],[128.9472312,35.06797889999999],[128.9472509,35.0678238],[128.9474047,35.06763639999999],[128.9472527,35.0674228],[128.9474208,35.06718570000001],[128.9476729,35.0671945],[128.94768092161289,35.067200894680546],[128.94757926712234,35.06144396701073]],[[128.9452473,35.06881640000001],[128.9452987,35.068787799999996],[128.9455102,35.068799500000004],[128.9456006,35.06889369999999],[128.94559440000003,35.069137500000004],[128.9455041,35.0692114],[128.9455164,35.0692871],[128.9454116,35.0693375],[128.9451487,35.069156],[128.9450686,35.06901810000001],[128.9450604,35.0689357],[128.9452473,35.06881640000001]]],[[[128.94773845511833,35.07045842363663],[128.94770842885603,35.06875841156228],[128.947492,35.0692018],[128.947389,35.06931719999999],[128.9471568,35.0698121],[128.9469062,35.0703052],[128.9467889380519,35.0704697559967],[128.94773845511833,35.07045842363663]]]]}},{"type":"Feature","properties":{"chance":56,"depth_m":26.1,"coastal_limit_km":5},"geometry":{"type":"Polygon","coordinates":[[[128.9367738161185,35.07058883226741],[128.93693186966152,35.0796033182131],[128.9478977138127,35.07947286620704],[128.94773845511833,35.07045842363663],[128.9467889380519,35.0704697559967],[128.9466166,35.07071160000001],[128.9463722,35.0708211],[128.946225,35.070758500000004],[128.94612355214915,35.07047769285755],[128.94577691089344,35.070481826219456],[128.9458303,35.0705791],[128.9459401,35.07072389999999],[128.946024,35.07099939999999],[128.9460333,35.07119],[128.9460522,35.071395],[128.9459992,35.0715533],[128.9458717,35.07167259999999],[128.9456196,35.071732600000004],[128.9457706,35.0718786],[128.9456484,35.0721374],[128.9456476,35.0721393],[128.9453896,35.07272369999999],[128.9452091,35.072751000000004],[128.9449597,35.07306940000001],[128.9447966,35.0733132],[128.9446234,35.07332310000002],[128.9444866,35.0732022],[128.9441514,35.0730799],[128.94391,35.072864800000005],[128.9435953,35.072616],[128.9434087,35.07235479999999],[128.9430511,35.07179060000001],[128.9430082,35.0715217],[128.94315,35.07124009999999],[128.9433001,35.07111],[128.9434057,35.070971300000004],[128.9434668,35.0707707],[128.9433883,35.0707125],[128.9434905515704,35.07050906401714],[128.9367738161185,35.07058883226741]]]}},{"type":"Feature","properties":{"chance":32,"depth_m":26.1,"coastal_limit_km":5},"geometry":{"type":"Polygon","coordinates":[[[128.93693186966152,35.0796033182131],[128.93708999339916,35.08861779011085],[128.94805704323656,35.08848729472014],[128.9478977138127,35.07947286620704],[128.93693186966152,35.0796033182131]]]}},{"type":"Feature","properties":{"chance":53,"depth_m":26.1,"coastal_limit_km":5},"geometry":{"type":"Polygon","coordinates":[[[128.93708999339916,35.08861779011085],[128.93724818736231,35.0976322479588],[128.94821644342107,35.09750170917406],[128.94805704323656,35.08848729472014],[128.93708999339916,35.08861779011085]]]}},{"type":"Feature","properties":{"chance":75,"depth_m":26.1,"coastal_limit_km":5},"geometry":{"type":"Polygon","coordinates":[[[128.93724818736231,35.0976322479588],[128.93740645158184,35.106646691755124],[128.94837591439733,35.10651610956698],[128.94821644342107,35.09750170917406],[128.93724818736231,35.0976322479588]]]}},{"type":"Feature","properties":{"chance":84,"depth_m":26.1,"coastal_limit_km":5},"geometry":{"type":"Polygon","coordinates":[[[128.93740645158184,35.106646691755124],[128.93756478608873,35.115661121497965],[128.94853545619657,35.115530495897026],[128.94837591439733,35.10651610956698],[128.93740645158184,35.106646691755124]]]}},{"type":"Feature","properties":{"chance":79,"depth_m":26.1,"coastal_limit_km":5},"geometry":{"type":"Polygon","coordinates":[[[128.93756478608873,35.115661121497965],[128.9377231909139,35.124675537185524],[128.94869506884987,35.12454486816239],[128.94853545619657,35.115530495897026],[128.93756478608873,35.115661121497965]]]}},{"type":"Feature","properties":{"chance":68,"depth_m":25.3,"coastal_limit_km":5},"geometry":{"type":"Polygon","coordinates":[[[128.94869506884987,35.12454486816239],[128.9377231909139,35.124675537185524],[128.9378525888285,35.132036263888175],[128.9409560013837,35.131152957541346],[128.94589101735318,35.12928046050475],[128.9487544301983,35.12789636802091],[128.94869506884987,35.12454486816239]]]}},{"type":"Feature","properties":{"chance":60,"depth_m":36.6,"coastal_limit_km":5},"geometry":{"type":"Polygon","coordinates":[[[128.94377988424475,34.84509279616593],[128.95471449768934,34.84496248631453],[128.95461692654635,34.83941781996216],[128.95100040067462,34.83930819883942],[128.9506456940048,34.83931389099214],[128.94548028658582,34.83959877748803],[128.94368813407544,34.83983947623001],[128.94377988424475,34.84509279616593]]]}},{"type":"Feature","properties":{"chance":78,"depth_m":36.6,"coastal_limit_km":5},"geometry":{"type":"Polygon","coordinates":[[[128.94377988424475,34.84509279616593],[128.9439373847546,34.85410758956649],[128.95487319002356,34.85397723624482],[128.95471449768934,34.84496248631453],[128.94377988424475,34.84509279616593]]]}},{"type":"Feature","properties":{"chance":87,"depth_m":36.6,"coastal_limit_km":5},"geometry":{"type":"Polygon","coordinates":[[[128.9439373847546,34.85410758956649],[128.9440949552228,34.86312236895623],[128.95503195284516,34.862991972154965],[128.95487319002356,34.85397723624482],[128.9439373847546,34.85410758956649]]]}},{"type":"Feature","properties":{"chance":82,"depth_m":36.6,"coastal_limit_km":5},"geometry":{"type":"Polygon","coordinates":[[[128.9440949552228,34.86312236895623],[128.94425259567993,34.87213713433326],[128.95519078618497,34.87200669404308],[128.95503195284516,34.862991972154965],[128.9440949552228,34.86312236895623]]]}},{"type":"Feature","properties":{"chance":63,"depth_m":36.6,"coastal_limit_km":5},"geometry":{"type":"Polygon","coordinates":[[[128.94425259567993,34.87213713433326],[128.94441030615656,34.881151885695715],[128.9553496900738,34.881021401907304],[128.95519078618497,34.87200669404308],[128.94425259567993,34.87213713433326]]]}},{"type":"Feature","properties":{"chance":67,"depth_m":34.9,"coastal_limit_km":5},"geometry":{"type":"Polygon","coordinates":[[[128.94441030615656,34.881151885695715],[128.94456808668338,34.89016662304172],[128.95550866454255,34.89003609574576],[128.9553496900738,34.881021401907304],[128.94441030615656,34.881151885695715]],[[128.9518146,34.88471590000001],[128.9517676,34.88470029999999],[128.9517317,34.8846501],[128.9517369,34.884565200000004],[128.9516679,34.88449],[128.9517106,34.8843838],[128.9517696,34.88440769999999],[128.951858,34.8845284],[128.9518995,34.88453090000001],[128.9519024,34.8844617],[128.9520573,34.8844709],[128.9520374,34.884401800000006],[128.9520655,34.8843781],[128.9521616,34.8843946],[128.9522166,34.8844396],[128.952211,34.8846493],[128.9522208,34.884673],[128.9522491,34.884678400000006],[128.9522722,34.8846884],[128.9522753,34.8847207],[128.9522473,34.884743],[128.9522465,34.8847917],[128.9522414,34.884799],[128.952234,34.8848024],[128.9522149,34.8848037],[128.9522126,34.8848377],[128.9522056,34.88485529999999],[128.9521767,34.88487150000001],[128.952157,34.8849043],[128.9521355,34.8849694],[128.9520765,34.8849861],[128.9520784,34.885031000000005],[128.9520191,34.8850306],[128.95196060000004,34.8850192],[128.9519162,34.88501599999999],[128.9518178,34.8849128],[128.9518539,34.8848981],[128.9518402,34.88486519999999],[128.9517692,34.8848637],[128.9516952,34.8848019],[128.9516849,34.884767000000004],[128.9518066,34.8847508],[128.9518146,34.88471590000001]],[[128.9512343,34.885326299999996],[128.9512122,34.88528469999999],[128.9511505,34.8852292],[128.9511537,34.8851866],[128.9511882,34.8851588],[128.9511706,34.8851279],[128.9511674,34.885065499999996],[128.9512168,34.885040499999995],[128.9513403,34.8851162],[128.9513656,34.8851572],[128.9513767,34.8851914],[128.95141570000004,34.8851972],[128.9514462,34.8851828],[128.9515359,34.8852644],[128.9515223,34.8853273],[128.9514781,34.8853273],[128.9514514,34.885295899999996],[128.95141,34.8852609],[128.9514095,34.8852894],[128.9514306,34.8853359],[128.95138190000003,34.8853353],[128.9513318,34.8853375],[128.9513149,34.88535829999999],[128.9513156,34.8853929],[128.9512779,34.88539719999999],[128.9512343,34.88538070000001],[128.9512343,34.885326299999996]],[[128.9517388,34.8857339],[128.9516836,34.8856924],[128.951656,34.885596699999994],[128.9516708,34.88554539999999],[128.9516303,34.8854707],[128.9516413,34.885421],[128.9516671,34.8853961],[128.95170020000003,34.8853486],[128.9517801,34.8853569],[128.951793,34.8854142],[128.9517958,34.8854919],[128.9517995,34.8855756],[128.9518491,34.8855816],[128.9518215,34.8857143],[128.9517388,34.8857339]],[[128.9519746,34.88698230000001],[128.9520052,34.886977800000004],[128.9520479,34.886985900000006],[128.9520675,34.887010999999994],[128.9520752,34.88702979999999],[128.9520275,34.88705339999999],[128.9519932,34.8870558],[128.9519681,34.8870146],[128.9519746,34.88698230000001]]]}},{"type":"Feature","properties":{"chance":63,"depth_m":36.6,"coastal_limit_km":5},"geometry":{"type":"Polygon","coordinates":[[[128.94456808668338,34.89016662304172],[128.94472593729097,34.8991813463694],[128.95566770962208,34.89905077555654],[128.95550866454255,34.89003609574576],[128.94456808668338,34.89016662304172]]]}},{"type":"Feature","properties":{"chance":52,"depth_m":36.6,"coastal_limit_km":5},"geometry":{"type":"Polygon","coordinates":[[[128.94472593729097,34.8991813463694],[128.9448838580101,34.90819605567691],[128.9558268253433,34.908065441337826],[128.95566770962208,34.89905077555654],[128.94472593729097,34.8991813463694]]]}},{"type":"Feature","properties":{"chance":51,"depth_m":36.6,"coastal_limit_km":5},"geometry":{"type":"Polygon","coordinates":[[[128.9448838580101,34.90819605567691],[128.94504184887137,34.91721075096236],[128.95598601173717,34.917080093087684],[128.9558268253433,34.908065441337826],[128.9448838580101,34.90819605567691]]]}},{"type":"Feature","properties":{"chance":47,"depth_m":36.6,"coastal_limit_km":5},"geometry":{"type":"Polygon","coordinates":[[[128.94504184887137,34.91721075096236],[128.9451999099056,34.92622543222389],[128.9561452688346,34.92609473080428],[128.95598601173717,34.917080093087684],[128.94504184887137,34.91721075096236]]]}},{"type":"Feature","properties":{"chance":72,"depth_m":36.6,"coastal_limit_km":5},"geometry":{"type":"Polygon","coordinates":[[[128.9451999099056,34.92622543222389],[128.94535804114346,34.93524009945964],[128.9563045966666,34.935109354485746],[128.9561452688346,34.92609473080428],[128.9451999099056,34.92622543222389]]]}},{"type":"Feature","properties":{"chance":86,"depth_m":36.6,"coastal_limit_km":5},"geometry":{"type":"Polygon","coordinates":[[[128.94535804114346,34.93524009945964],[128.94551624261572,34.94425475266774],[128.95646399526413,34.94412396413021],[128.9563045966666,34.935109354485746],[128.94535804114346,34.93524009945964]]]}},{"type":"Feature","properties":{"chance":86,"depth_m":36.6,"coastal_limit_km":5},"geometry":{"type":"Polygon","coordinates":[[[128.94551624261572,34.94425475266774],[128.94567451435321,34.95326939184632],[128.95662346465824,34.95313855973577],[128.95646399526413,34.94412396413021],[128.94551624261572,34.94425475266774]]]}},{"type":"Feature","properties":{"chance":71,"depth_m":36.6,"coastal_limit_km":5},"geometry":{"type":"Polygon","coordinates":[[[128.94567451435321,34.95326939184632],[128.9458328563867,34.962284016993536],[128.95678300487992,34.96215314130061],[128.95662346465824,34.95313855973577],[128.94567451435321,34.95326939184632]]]}},{"type":"Feature","properties":{"chance":56,"depth_m":36.6,"coastal_limit_km":5},"geometry":{"type":"Polygon","coordinates":[[[128.9458328563867,34.962284016993536],[128.94599126874698,34.97129862810751],[128.9569426159603,34.971167708822826],[128.95678300487992,34.96215314130061],[128.9458328563867,34.962284016993536]]]}},{"type":"Feature","properties":{"chance":60,"depth_m":36.6,"coastal_limit_km":5},"geometry":{"type":"Polygon","coordinates":[[[128.94599126874698,34.97129862810751],[128.946149751465,34.980313225186386],[128.9571022979304,34.98018226230056],[128.9569426159603,34.971167708822826],[128.94599126874698,34.97129862810751]]]}},{"type":"Feature","properties":{"chance":54,"depth_m":36.6,"coastal_limit_km":5},"geometry":{"type":"Polygon","coordinates":[[[128.946149751465,34.980313225186386],[128.9463083045715,34.98932780822831],[128.95726205082133,34.989196801731964],[128.9571022979304,34.98018226230056],[128.946149751465,34.980313225186386]]]}},{"type":"Feature","properties":{"chance":55,"depth_m":36.6,"coastal_limit_km":5},"geometry":{"type":"Polygon","coordinates":[[[128.9463083045715,34.98932780822831],[128.94646692809744,34.99834237723143],[128.95742187466422,34.99821132711517],[128.95726205082133,34.989196801731964],[128.9463083045715,34.98932780822831]]]}},{"type":"Feature","properties":{"chance":53,"depth_m":36.6,"coastal_limit_km":5},"geometry":{"type":"Polygon","coordinates":[[[128.94646692809744,34.99834237723143],[128.94662562207373,35.00735693219387],[128.95758176949022,35.00722583844829],[128.95742187466422,34.99821132711517],[128.94646692809744,34.99834237723143]]]}},{"type":"Feature","properties":{"chance":64,"depth_m":36.6,"coastal_limit_km":5},"geometry":{"type":"Polygon","coordinates":[[[128.94662562207373,35.00735693219387],[128.9467843865313,35.01637147311381],[128.95774173533047,35.016240335729506],[128.95758176949022,35.00722583844829],[128.94662562207373,35.00735693219387]]]}},{"type":"Feature","properties":{"chance":83,"depth_m":36.6,"coastal_limit_km":5},"geometry":{"type":"Polygon","coordinates":[[[128.9467843865313,35.01637147311381],[128.9469432215011,35.025385999989346],[128.9579017722162,35.02525481895693],[128.95774173533047,35.016240335729506],[128.9467843865313,35.01637147311381]]]}},{"type":"Feature","properties":{"chance":88,"depth_m":36.6,"coastal_limit_km":5},"geometry":{"type":"Polygon","coordinates":[[[128.9469432215011,35.025385999989346],[128.9471021270141,35.03440051281867],[128.9580618801786,35.03426928812871],[128.9579017722162,35.02525481895693],[128.9469432215011,35.025385999989346]]]}},{"type":"Feature","properties":{"chance":77,"depth_m":36.6,"coastal_limit_km":5},"geometry":{"type":"Polygon","coordinates":[[[128.9471021270141,35.03440051281867],[128.94726110310128,35.0434150115999],[128.9582220592489,35.04328374324299],[128.9580618801786,35.03426928812871],[128.9471021270141,35.03440051281867]]]}},{"type":"Feature","properties":{"chance":59,"depth_m":36.6,"coastal_limit_km":5},"geometry":{"type":"Polygon","coordinates":[[[128.9474201497937,35.052429496331214],[128.9583823094583,35.052298184297925],[128.9582220592489,35.04328374324299],[128.94726110310128,35.0434150115999],[128.94737010661996,35.04959357097318],[128.9482902,35.0495744],[128.9497878,35.0494899],[128.95083,35.04949679999999],[128.9521922,35.0495461],[128.9525755,35.0494717],[128.953873,35.04926600000001],[128.9541725,35.049442400000004],[128.9544759,35.0497023],[128.9549654,35.0500472],[128.955388,35.05053180000001],[128.9560341,35.0511841],[128.9558101,35.05131479999999],[128.9549483,35.0512071],[128.9544675,35.05073099999999],[128.9546075,35.05021870000001],[128.9544005,35.05004689999999],[128.9537489,35.049848600000004],[128.9533228,35.050161],[128.9530439,35.05051039999999],[128.95256180000004,35.05088260000001],[128.9521337,35.0510708],[128.9516359,35.05119489999999],[128.9509274,35.05126140000001],[128.9502416,35.0511265],[128.9490395,35.05105230000001],[128.9483017,35.0511021],[128.948022,35.0508898],[128.9474604,35.0511432],[128.94739743805727,35.051142481163524],[128.9474201497937,35.052429496331214]]]}},{"type":"Feature","properties":{"chance":56,"depth_m":36.6,"coastal_limit_km":5},"geometry":{"type":"Polygon","coordinates":[[[128.94757926712234,35.06144396701073],[128.95854263083817,35.06131261129164],[128.9583823094583,35.052298184297925],[128.9474201497937,35.052429496331214],[128.9474556063845,35.054438565656284],[128.9474652,35.0544415],[128.9477091,35.0545413],[128.947594,35.0546823],[128.94764,35.05487550000001],[128.9475102,35.0549487],[128.94746474844175,35.05495654776721],[128.94752134883072,35.05816318817013],[128.9476357,35.0582242],[128.9478073,35.0583296],[128.948036,35.0584595],[128.9481508,35.0585086],[128.9482986,35.058579],[128.9482027,35.0586222],[128.9478025,35.05877939999999],[128.9476305,35.0587559],[128.94753219365856,35.058777533406584],[128.94757926712234,35.06144396701073]]]}},{"type":"Feature","properties":{"chance":54,"depth_m":36.6,"coastal_limit_km":5},"geometry":{"type":"Polygon","coordinates":[[[128.94773845511833,35.07045842363663],[128.95870302341976,35.070327024222294],[128.95854263083817,35.06131261129164],[128.94757926712234,35.06144396701073],[128.94768092161289,35.067200894680546],[128.9478785,35.0673584],[128.9479607,35.0673046],[128.9478654,35.0671601],[128.9479717,35.0671242],[128.9480341,35.0671945],[128.9483184,35.0671037],[128.948429,35.0671166],[128.948503,35.0671721],[128.9483729,35.06755809999999],[128.9483675,35.067791],[128.9481859,35.0679529],[128.9480585,35.0682768],[128.9478742,35.06841880000001],[128.94770842885603,35.06875841156228],[128.94773845511833,35.07045842363663]],[[128.95138590000002,35.0619911],[128.9513303,35.0619511],[128.9513371,35.061886799999996],[128.9513886,35.061856799999994],[128.9514726,35.061869],[128.951478,35.061915600000006],[128.9514645,35.061971099999994],[128.95138590000002,35.0619911]],[[128.9491473,35.0655148],[128.9490341,35.0654926],[128.9489904,35.0653864],[128.9490388,35.0652985],[128.9491344,35.0652734],[128.9492052,35.06538930000001],[128.9491875,35.06548970000001],[128.9491473,35.0655148]]]}},{"type":"Feature","properties":{"chance":57,"depth_m":36.6,"coastal_limit_km":5},"geometry":{"type":"Polygon","coordinates":[[[128.94773845511833,35.07045842363663],[128.9478977138127,35.07947286620704],[128.95886348723437,35.07934142308804],[128.95870302341976,35.070327024222294],[128.94773845511833,35.07045842363663]]]}},{"type":"Feature","properties":{"chance":58,"depth_m":36.6,"coastal_limit_km":5},"geometry":{"type":"Polygon","coordinates":[[[128.9478977138127,35.07947286620704],[128.94805704323656,35.08848729472014],[128.95902402231334,35.08835580788701],[128.95886348723437,35.07934142308804],[128.9478977138127,35.07947286620704]]]}},{"type":"Feature","properties":{"chance":56,"depth_m":36.6,"coastal_limit_km":5},"geometry":{"type":"Polygon","coordinates":[[[128.94805704323656,35.08848729472014],[128.94821644342107,35.09750170917406],[128.95918462868806,35.09737017861737],[128.95902402231334,35.08835580788701],[128.94805704323656,35.08848729472014]]]}},{"type":"Feature","properties":{"chance":78,"depth_m":36.6,"coastal_limit_km":5},"geometry":{"type":"Polygon","coordinates":[[[128.94821644342107,35.09750170917406],[128.94837591439733,35.10651610956698],[128.95934530638988,35.10638453527724],[128.95918462868806,35.09737017861737],[128.94821644342107,35.09750170917406]]]}},{"type":"Feature","properties":{"chance":88,"depth_m":36.6,"coastal_limit_km":5},"geometry":{"type":"Polygon","coordinates":[[[128.94837591439733,35.10651610956698],[128.94853545619657,35.115530495897026],[128.95950605545022,35.11539887786482],[128.95934530638988,35.10638453527724],[128.94837591439733,35.10651610956698]]]}},{"type":"Feature","properties":{"chance":85,"depth_m":36.6,"coastal_limit_km":5},"geometry":{"type":"Polygon","coordinates":[[[128.95950605545022,35.11539887786482],[128.94853545619657,35.115530495897026],[128.94869506884987,35.12454486816239],[128.95479961876163,35.12447173612915],[128.95807536954644,35.12218416303373],[128.9596041100536,35.12089552494833],[128.95950605545022,35.11539887786482]]]}},{"type":"Feature","properties":{"chance":72,"depth_m":33.3,"coastal_limit_km":5},"geometry":{"type":"Polygon","coordinates":[[[128.94869506884987,35.12454486816239],[128.9487544301983,35.12789636802091],[128.9505760245254,35.12701580208927],[128.95069665395263,35.12695067174455],[128.95409766086522,35.12495796656158],[128.95415947053365,35.12491874942761],[128.95479961876163,35.12447173612915],[128.94869506884987,35.12454486816239]]]}},{"type":"Feature","properties":{"chance":59,"depth_m":44.5,"coastal_limit_km":5},"geometry":{"type":"Polygon","coordinates":[[[128.95471449768934,34.84496248631453],[128.96564904067736,34.84483119391239],[128.9655766166252,34.84074640460161],[128.96331477492333,34.840263575538316],[128.96321872467973,34.840247083019506],[128.957141582539,34.83949428123375],[128.95461692654635,34.83941781996216],[128.95471449768934,34.84496248631453]]]}},{"type":"Feature","properties":{"chance":71,"depth_m":44.5,"coastal_limit_km":5},"geometry":{"type":"Polygon","coordinates":[[[128.95471449768934,34.84496248631453],[128.95487319002356,34.85397723624482],[128.96580892480515,34.85384590004477],[128.96564904067736,34.84483119391239],[128.95471449768934,34.84496248631453]]]}},{"type":"Feature","properties":{"chance":81,"depth_m":44.5,"coastal_limit_km":5},"geometry":{"type":"Polygon","coordinates":[[[128.95487319002356,34.85397723624482],[128.95503195284516,34.862991972154965],[128.96596887994934,34.86286059214762],[128.96580892480515,34.85384590004477],[128.95487319002356,34.85397723624482]]]}},{"type":"Feature","properties":{"chance":76,"depth_m":44.5,"coastal_limit_km":5},"geometry":{"type":"Polygon","coordinates":[[[128.95503195284516,34.862991972154965],[128.95519078618497,34.87200669404308],[128.966128906141,34.87187527021905],[128.96596887994934,34.86286059214762],[128.95503195284516,34.862991972154965]]]}},{"type":"Feature","properties":{"chance":56,"depth_m":44.5,"coastal_limit_km":5},"geometry":{"type":"Polygon","coordinates":[[[128.95519078618497,34.87200669404308],[128.9553496900738,34.881021401907304],[128.96628900341116,34.8808899342572],[128.966128906141,34.87187527021905],[128.95519078618497,34.87200669404308]]]}},{"type":"Feature","properties":{"chance":28,"depth_m":44.5,"coastal_limit_km":5},"geometry":{"type":"Polygon","coordinates":[[[128.9553496900738,34.881021401907304],[128.95550866454255,34.89003609574576],[128.96644917179094,34.889904584260165],[128.96628900341116,34.8808899342572],[128.9553496900738,34.881021401907304]]]}},{"type":"Feature","properties":{"chance":45,"depth_m":44.5,"coastal_limit_km":5},"geometry":{"type":"Polygon","coordinates":[[[128.95550866454255,34.89003609574576],[128.95566770962208,34.89905077555654],[128.96660941131148,34.89891922022608],[128.96644917179094,34.889904584260165],[128.95550866454255,34.89003609574576]]]}},{"type":"Feature","properties":{"chance":66,"depth_m":44.5,"coastal_limit_km":5},"geometry":{"type":"Polygon","coordinates":[[[128.95566770962208,34.89905077555654],[128.9558268253433,34.908065441337826],[128.96676972200393,34.907933842153064],[128.96660941131148,34.89891922022608],[128.95566770962208,34.89905077555654]]]}},{"type":"Feature","properties":{"chance":75,"depth_m":44.5,"coastal_limit_km":5},"geometry":{"type":"Polygon","coordinates":[[[128.9558268253433,34.908065441337826],[128.95598601173717,34.917080093087684],[128.9669301038994,34.91694845003922],[128.96676972200393,34.907933842153064],[128.9558268253433,34.908065441337826]]]}},{"type":"Feature","properties":{"chance":70,"depth_m":44.5,"coastal_limit_km":5},"geometry":{"type":"Polygon","coordinates":[[[128.95598601173717,34.917080093087684],[128.9561452688346,34.92609473080428],[128.96709055702905,34.9259630438827],[128.9669301038994,34.91694845003922],[128.95598601173717,34.917080093087684]]]}},{"type":"Feature","properties":{"chance":64,"depth_m":44.5,"coastal_limit_km":5},"geometry":{"type":"Polygon","coordinates":[[[128.9561452688346,34.92609473080428],[128.9563045966666,34.935109354485746],[128.96725108142417,34.93497762368162],[128.96709055702905,34.9259630438827],[128.9561452688346,34.92609473080428]]]}},{"type":"Feature","properties":{"chance":77,"depth_m":44.5,"coastal_limit_km":5},"geometry":{"type":"Polygon","coordinates":[[[128.9563045966666,34.935109354485746],[128.95646399526413,34.94412396413021],[128.96741167711596,34.9439921894341],[128.96725108142417,34.93497762368162],[128.9563045966666,34.935109354485746]]]}},{"type":"Feature","properties":{"chance":77,"depth_m":44.5,"coastal_limit_km":5},"geometry":{"type":"Polygon","coordinates":[[[128.95646399526413,34.94412396413021],[128.95662346465824,34.95313855973577],[128.96757234413565,34.95300674113824],[128.96741167711596,34.9439921894341],[128.95646399526413,34.94412396413021]]]}},{"type":"Feature","properties":{"chance":63,"depth_m":44.5,"coastal_limit_km":5},"geometry":{"type":"Polygon","coordinates":[[[128.95662346465824,34.95313855973577],[128.95678300487992,34.96215314130061],[128.9677330825145,34.96202127879222],[128.96757234413565,34.95300674113824],[128.95662346465824,34.95313855973577]]]}},{"type":"Feature","properties":{"chance":37,"depth_m":44.5,"coastal_limit_km":5},"geometry":{"type":"Polygon","coordinates":[[[128.95678300487992,34.96215314130061],[128.9569426159603,34.971167708822826],[128.96789389228383,34.971035802394134],[128.9677330825145,34.96202127879222],[128.95678300487992,34.96215314130061]]]}},{"type":"Feature","properties":{"chance":37,"depth_m":44.5,"coastal_limit_km":5},"geometry":{"type":"Polygon","coordinates":[[[128.9569426159603,34.971167708822826],[128.9571022979304,34.98018226230056],[128.96805477347496,34.98005031194211],[128.96789389228383,34.971035802394134],[128.9569426159603,34.971167708822826]]]}},{"type":"Feature","properties":{"chance":62,"depth_m":44.5,"coastal_limit_km":5},"geometry":{"type":"Polygon","coordinates":[[[128.9571022979304,34.98018226230056],[128.95726205082133,34.989196801731964],[128.96821572611915,34.9890648074343],[128.96805477347496,34.98005031194211],[128.9571022979304,34.98018226230056]]]}},{"type":"Feature","properties":{"chance":76,"depth_m":44.5,"coastal_limit_km":5},"geometry":{"type":"Polygon","coordinates":[[[128.95726205082133,34.989196801731964],[128.95742187466422,34.99821132711517],[128.96837675024787,34.99807928886883],[128.96821572611915,34.9890648074343],[128.95726205082133,34.989196801731964]]]}},{"type":"Feature","properties":{"chance":75,"depth_m":44.5,"coastal_limit_km":5},"geometry":{"type":"Polygon","coordinates":[[[128.95742187466422,34.99821132711517],[128.95758176949022,35.00722583844829],[128.96853784589243,35.007093756243805],[128.96837675024787,34.99807928886883],[128.95742187466422,34.99821132711517]]]}},{"type":"Feature","properties":{"chance":62,"depth_m":44.5,"coastal_limit_km":5},"geometry":{"type":"Polygon","coordinates":[[[128.95758176949022,35.00722583844829],[128.95774173533047,35.016240335729506],[128.9686990130842,35.01610820955741],[128.96853784589243,35.007093756243805],[128.95758176949022,35.00722583844829]]]}},{"type":"Feature","properties":{"chance":72,"depth_m":44.5,"coastal_limit_km":5},"geometry":{"type":"Polygon","coordinates":[[[128.95774173533047,35.016240335729506],[128.9579017722162,35.02525481895693],[128.96886025185466,35.025122648807745],[128.9686990130842,35.01610820955741],[128.95774173533047,35.016240335729506]]]}},{"type":"Feature","properties":{"chance":77,"depth_m":44.5,"coastal_limit_km":5},"geometry":{"type":"Polygon","coordinates":[[[128.9579017722162,35.02525481895693],[128.9580618801786,35.03426928812871],[128.9690215622352,35.03413707399295],[128.96886025185466,35.025122648807745],[128.9579017722162,35.02525481895693]]]}},{"type":"Feature","properties":{"chance":67,"depth_m":44.5,"coastal_limit_km":5},"geometry":{"type":"Polygon","coordinates":[[[128.9580618801786,35.03426928812871],[128.9582220592489,35.04328374324299],[128.96918294425734,35.04315148511117],[128.9690215622352,35.03413707399295],[128.9580618801786,35.03426928812871]]]}},{"type":"Feature","properties":{"chance":45,"depth_m":44.5,"coastal_limit_km":5},"geometry":{"type":"Polygon","coordinates":[[[128.9582220592489,35.04328374324299],[128.9583823094583,35.052298184297925],[128.9693443979525,35.05216588216054],[128.96918294425734,35.04315148511117],[128.9582220592489,35.04328374324299]]]}},{"type":"Feature","properties":{"chance":28,"depth_m":44.5,"coastal_limit_km":5},"geometry":{"type":"Polygon","coordinates":[[[128.9583823094583,35.052298184297925],[128.95854263083817,35.06131261129164],[128.9695059233523,35.061180265139186],[128.9693443979525,35.05216588216054],[128.9583823094583,35.052298184297925]]]}},{"type":"Feature","properties":{"chance":56,"depth_m":44.5,"coastal_limit_km":5},"geometry":{"type":"Polygon","coordinates":[[[128.95854263083817,35.06131261129164],[128.95870302341976,35.070327024222294],[128.96966752048814,35.07019463404527],[128.9695059233523,35.061180265139186],[128.95854263083817,35.06131261129164]]]}},{"type":"Feature","properties":{"chance":75,"depth_m":44.5,"coastal_limit_km":5},"geometry":{"type":"Polygon","coordinates":[[[128.95870302341976,35.070327024222294],[128.95886348723437,35.07934142308804],[128.96982918939165,35.079208988876935],[128.96966752048814,35.07019463404527],[128.95870302341976,35.070327024222294]]]}},{"type":"Feature","properties":{"chance":79,"depth_m":44.5,"coastal_limit_km":5},"geometry":{"type":"Polygon","coordinates":[[[128.95886348723437,35.07934142308804],[128.95902402231334,35.08835580788701],[128.96999093009438,35.08822332963232],[128.96982918939165,35.079208988876935],[128.95886348723437,35.07934142308804]]]}},{"type":"Feature","properties":{"chance":69,"depth_m":44.5,"coastal_limit_km":5},"geometry":{"type":"Polygon","coordinates":[[[128.95902402231334,35.08835580788701],[128.95918462868806,35.09737017861737],[128.97015274262793,35.09723765630957],[128.96999093009438,35.08822332963232],[128.95902402231334,35.08835580788701]]]}},{"type":"Feature","properties":{"chance":66,"depth_m":44.5,"coastal_limit_km":5},"geometry":{"type":"Polygon","coordinates":[[[128.95918462868806,35.09737017861737],[128.95934530638988,35.10638453527724],[128.9703146270239,35.10625196890681],[128.97015274262793,35.09723765630957],[128.95918462868806,35.09737017861737]]]}},{"type":"Feature","properties":{"chance":74,"depth_m":44.5,"coastal_limit_km":5},"geometry":{"type":"Polygon","coordinates":[[[128.9703146270239,35.10625196890681],[128.95934530638988,35.10638453527724],[128.95950605545022,35.11539887786482],[128.96532886575213,35.11532861611104],[128.96562384554176,35.114962758125046],[128.96879926794807,35.113843665214496],[128.97043776953058,35.113106303352055],[128.9703146270239,35.10625196890681]]]}},{"type":"Feature","properties":{"chance":78,"depth_m":42.2,"coastal_limit_km":5},"geometry":{"type":"Polygon","coordinates":[[[128.95950605545022,35.11539887786482],[128.9596041100536,35.12089552494833],[128.96166238823398,35.119160424714224],[128.96488905611298,35.11587409663204],[128.96532886575213,35.11532861611104],[128.95950605545022,35.11539887786482]]]}},{"type":"Feature","properties":{"chance":68,"depth_m":48.2,"coastal_limit_km":5},"geometry":{"type":"Polygon","coordinates":[[[128.96564904067736,34.84483119391239],[128.97658351268,34.84469891898023],[128.97657292292664,34.844106119398305],[128.97333136468143,34.842830349372825],[128.96839782544788,34.84134857278796],[128.9655766166252,34.84074640460161],[128.96564904067736,34.84483119391239]]]}},{"type":"Feature","properties":{"chance":52,"depth_m":49.0,"coastal_limit_km":5},"geometry":{"type":"Polygon","coordinates":[[[128.96564904067736,34.84483119391239],[128.96580892480515,34.85384590004477],[128.97674458857034,34.85371358098707],[128.97658351268,34.84469891898023],[128.96564904067736,34.84483119391239]]]}},{"type":"Feature","properties":{"chance":58,"depth_m":49.0,"coastal_limit_km":5},"geometry":{"type":"Polygon","coordinates":[[[128.96580892480515,34.85384590004477],[128.96596887994934,34.86286059214762],[128.97690573600607,34.86272822895493],[128.97674458857034,34.85371358098707],[128.96580892480515,34.85384590004477]]]}},{"type":"Feature","properties":{"chance":55,"depth_m":49.0,"coastal_limit_km":5},"geometry":{"type":"Polygon","coordinates":[[[128.96596887994934,34.86286059214762],[128.966128906141,34.87187527021905],[128.97706695501847,34.87174286288192],[128.97690573600607,34.86272822895493],[128.96596887994934,34.86286059214762]]]}},{"type":"Feature","properties":{"chance":47,"depth_m":49.0,"coastal_limit_km":5},"geometry":{"type":"Polygon","coordinates":[[[128.966128906141,34.87187527021905],[128.96628900341116,34.8808899342572],[128.97722824563888,34.88075748276616],[128.97706695501847,34.87174286288192],[128.966128906141,34.87187527021905]]]}},{"type":"Feature","properties":{"chance":48,"depth_m":49.0,"coastal_limit_km":5},"geometry":{"type":"Polygon","coordinates":[[[128.96628900341116,34.8808899342572],[128.96644917179094,34.889904584260165],[128.97738960789863,34.88977208860575],[128.97722824563888,34.88075748276616],[128.96628900341116,34.8808899342572]]]}},{"type":"Feature","properties":{"chance":51,"depth_m":49.0,"coastal_limit_km":5},"geometry":{"type":"Polygon","coordinates":[[[128.96644917179094,34.889904584260165],[128.96660941131148,34.89891922022608],[128.97755104182903,34.8987866803988],[128.97738960789863,34.88977208860575],[128.96644917179094,34.889904584260165]]]}},{"type":"Feature","properties":{"chance":74,"depth_m":49.0,"coastal_limit_km":5},"geometry":{"type":"Polygon","coordinates":[[[128.96660941131148,34.89891922022608],[128.96676972200393,34.907933842153064],[128.97771254746146,34.90780125814345],[128.97755104182903,34.8987866803988],[128.96660941131148,34.89891922022608]]]}},{"type":"Feature","properties":{"chance":84,"depth_m":49.0,"coastal_limit_km":5},"geometry":{"type":"Polygon","coordinates":[[[128.96676972200393,34.907933842153064],[128.9669301038994,34.91694845003922],[128.97787412482737,34.916815821837794],[128.97771254746146,34.90780125814345],[128.96676972200393,34.907933842153064]]]}},{"type":"Feature","properties":{"chance":79,"depth_m":49.0,"coastal_limit_km":5},"geometry":{"type":"Polygon","coordinates":[[[128.9669301038994,34.91694845003922],[128.96709055702905,34.9259630438827],[128.97803577395808,34.92583037147997],[128.97787412482737,34.916815821837794],[128.9669301038994,34.91694845003922]]]}},{"type":"Feature","properties":{"chance":63,"depth_m":49.0,"coastal_limit_km":5},"geometry":{"type":"Polygon","coordinates":[[[128.96709055702905,34.9259630438827],[128.96725108142417,34.93497762368162],[128.9781974948851,34.93484490706807],[128.97803577395808,34.92583037147997],[128.96709055702905,34.9259630438827]],[[128.9716371,34.93231010000001],[128.9717017,34.9322782],[128.9717763,34.93230549999999],[128.9717065,34.93233779999999],[128.9716371,34.93231010000001]],[[128.9734844,34.9330949],[128.9736624,34.933144500000004],[128.9736939,34.9330949],[128.9734025,34.93284899999999],[128.9733864,34.93281040000001],[128.973329,34.93276409999999],[128.9733807,34.9327092],[128.9737174,34.93275890000001],[128.9739426,34.932826500000004],[128.9738762,34.93293330000001],[128.9739267,34.9329476],[128.9740368,34.9328693],[128.9741528,34.932782599999996],[128.9743281,34.932798],[128.9743884,34.93286320000001],[128.9745457,34.9328605],[128.9743482,34.9331667],[128.9744705,34.93320969999999],[128.9746395,34.9333413],[128.9745153,34.93332980000001],[128.9740137,34.93345229999999],[128.9741351,34.93355590000001],[128.9742216,34.9335627],[128.9742531,34.9335539],[128.9743066,34.9335704],[128.9742848,34.933607399999985],[128.9742079,34.93361719999999],[128.9741021,34.933625400000004],[128.9739758,34.933608],[128.973857,34.9335819],[128.9738171,34.93361050000001],[128.9735056,34.9335068],[128.9733948,34.93345970000001],[128.9731999,34.933379300000006],[128.97313830000002,34.9333248],[128.9731931,34.93330689999999],[128.9733444,34.933303],[128.9733545,34.9332646],[128.9732957,34.93322390000001],[128.9732991,34.9331838],[128.97336740000003,34.9331778],[128.9733342,34.9331455],[128.9733579,34.9330901],[128.9734844,34.9330949]],[[128.9757163,34.9336395],[128.9761294,34.9337934],[128.9762039,34.9340496],[128.9755128,34.9340687],[128.9751905,34.933850499999984],[128.9754007,34.93329920000001],[128.9758537,34.9331958],[128.9765542,34.9330159],[128.976839,34.9332265],[128.9764995,34.93323050000001],[128.9764405,34.93334479999999],[128.9766185,34.9335541],[128.9765103,34.9336395],[128.9761294,34.9336703],[128.9757163,34.9336395]]]}},{"type":"Feature","properties":{"chance":53,"depth_m":49.0,"coastal_limit_km":5},"geometry":{"type":"Polygon","coordinates":[[[128.96725108142417,34.93497762368162],[128.96741167711596,34.9439921894341],[128.9783592876399,34.94385942860025],[128.9781974948851,34.93484490706807],[128.96725108142417,34.93497762368162]]]}},{"type":"Feature","properties":{"chance":54,"depth_m":49.0,"coastal_limit_km":5},"geometry":{"type":"Polygon","coordinates":[[[128.96741167711596,34.9439921894341],[128.96757234413565,34.95300674113824],[128.9785211522539,34.95287393607458],[128.9783592876399,34.94385942860025],[128.96741167711596,34.9439921894341]]]}},{"type":"Feature","properties":{"chance":48,"depth_m":49.0,"coastal_limit_km":5},"geometry":{"type":"Polygon","coordinates":[[[128.96757234413565,34.95300674113824],[128.9677330825145,34.96202127879222],[128.97868308875866,34.961888429489235],[128.9785211522539,34.95287393607458],[128.96757234413565,34.95300674113824]]]}},{"type":"Feature","properties":{"chance":53,"depth_m":49.0,"coastal_limit_km":5},"geometry":{"type":"Polygon","coordinates":[[[128.9677330825145,34.96202127879222],[128.96789389228383,34.971035802394134],[128.97884509718563,34.970902908842305],[128.97868308875866,34.961888429489235],[128.9677330825145,34.96202127879222]]]}},{"type":"Feature","properties":{"chance":48,"depth_m":49.0,"coastal_limit_km":5},"geometry":{"type":"Polygon","coordinates":[[[128.96789389228383,34.971035802394134],[128.96805477347496,34.98005031194211],[128.97900717756642,34.97991737413192],[128.97884509718563,34.970902908842305],[128.96789389228383,34.971035802394134]]]}},{"type":"Feature","properties":{"chance":68,"depth_m":49.0,"coastal_limit_km":5},"geometry":{"type":"Polygon","coordinates":[[[128.96805477347496,34.98005031194211],[128.96821572611915,34.9890648074343],[128.97916932993257,34.98893182535622],[128.97900717756642,34.97991737413192],[128.96805477347496,34.98005031194211]]]}},{"type":"Feature","properties":{"chance":82,"depth_m":49.0,"coastal_limit_km":5},"geometry":{"type":"Polygon","coordinates":[[[128.96821572611915,34.9890648074343],[128.96837675024787,34.99807928886883],[128.97933155431568,34.997946262513324],[128.97916932993257,34.98893182535622],[128.96821572611915,34.9890648074343]]]}},{"type":"Feature","properties":{"chance":82,"depth_m":49.0,"coastal_limit_km":5},"geometry":{"type":"Polygon","coordinates":[[[128.96837675024787,34.99807928886883],[128.96853784589243,35.007093756243805],[128.97949385074736,35.00696068560134],[128.97933155431568,34.997946262513324],[128.96837675024787,34.99807928886883]]]}},{"type":"Feature","properties":{"chance":67,"depth_m":49.0,"coastal_limit_km":5},"geometry":{"type":"Polygon","coordinates":[[[128.96853784589243,35.007093756243805],[128.9686990130842,35.01610820955741],[128.97965621925925,35.01597509461844],[128.97949385074736,35.00696068560134],[128.96853784589243,35.007093756243805]]]}},{"type":"Feature","properties":{"chance":47,"depth_m":49.0,"coastal_limit_km":5},"geometry":{"type":"Polygon","coordinates":[[[128.9686990130842,35.01610820955741],[128.96886025185466,35.025122648807745],[128.97981865988297,35.024989489562714],[128.97965621925925,35.01597509461844],[128.9686990130842,35.01610820955741]]]}},{"type":"Feature","properties":{"chance":62,"depth_m":47.8,"coastal_limit_km":5},"geometry":{"type":"Polygon","coordinates":[[[128.96886025185466,35.025122648807745],[128.9690215622352,35.03413707399295],[128.97998117265024,35.0340038704323],[128.97981865988297,35.024989489562714],[128.96886025185466,35.025122648807745]],[[128.9722184,35.027122799999994],[128.97239,35.02705000000001],[128.97225,35.0265499],[128.9723406,35.0261274],[128.9728601,35.02550000000001],[128.97302,35.02538],[128.97318,35.02526],[128.9733299,35.0251199],[128.9734714,35.025174],[128.9736589,35.0252608],[128.9738031,35.0255324],[128.9738929,35.0259934],[128.973892,35.026452500000005],[128.9738613,35.026728299999995],[128.97388340000003,35.027186699999994],[128.9740779,35.0271759],[128.9742194,35.02723309999999],[128.9742927,35.02749419999999],[128.9744721,35.027890500000005],[128.9747437,35.0281751],[128.9748288,35.0286165],[128.9749033,35.02884529999999],[128.975199,35.0292022],[128.97536,35.02963],[128.9750323,35.03018389999999],[128.9746058,35.0304281],[128.974428,35.03102200000001],[128.9741062,35.03120680000001],[128.9734509,35.031088200000006],[128.9727622,35.0305097],[128.972545,35.029942899999995],[128.9722207,35.0300267],[128.9720563,35.02986550000001],[128.9721778,35.02947880000001],[128.9719281,35.02962990000001],[128.9715645,35.0291699],[128.9714832,35.02844979999999],[128.9719817,35.0281234],[128.9712908,35.0280806],[128.9710621,35.02757239999999],[128.9711515,35.027219],[128.9709884,35.0273622],[128.9706128,35.027423299999995],[128.9701885,35.0272941],[128.9700665,35.02666260000001],[128.9701106,35.0263575],[128.9702621,35.026316699999995],[128.97045800000004,35.0264747],[128.9707397,35.0264294],[128.9708781,35.02654299999999],[128.9711271,35.0267428],[128.9712026,35.0271522],[128.9713325,35.0271674],[128.9715489,35.0269184],[128.972012,35.0269631],[128.972017,35.026797900000005],[128.9722184,35.027122799999994]],[[128.9777366,35.03056980000001],[128.9776577,35.030399599999996],[128.9774147,35.0305411],[128.9771837,35.03058120000001],[128.97689810000003,35.03041869999999],[128.97664,35.0296701],[128.9766004,35.028979899999996],[128.9767033,35.0287606],[128.9769465,35.0288353],[128.9770753,35.0289616],[128.9770663,35.029112],[128.9772455,35.0292918],[128.977474,35.0299337],[128.9775454,35.0295286],[128.9776562,35.029578],[128.9777691,35.02978040000001],[128.9777467,35.0302253],[128.9776935,35.03037760000001],[128.9779267,35.0305041],[128.9781102,35.0305244],[128.9781146,35.03074449999999],[128.9780639,35.0308507],[128.977838,35.03082380000001],[128.9777366,35.03056980000001]]]}},{"type":"Feature","properties":{"chance":48,"depth_m":49.0,"coastal_limit_km":5},"geometry":{"type":"Polygon","coordinates":[[[128.9690215622352,35.03413707399295],[128.96918294425734,35.04315148511117],[128.98014375759274,35.043018237225354],[128.97998117265024,35.0340038704323],[128.9690215622352,35.03413707399295]],[[128.97470000000004,35.03557789999999],[128.97470000000004,35.0355368],[128.9747712,35.03544759999999],[128.9746539,35.0353345],[128.9746581,35.0352419],[128.9747251,35.03515620000001],[128.9748214,35.0351562],[128.97488,35.0352008],[128.9748214,35.0352694],[128.9750349,35.0355025],[128.9750559,35.03557109999999],[128.9749135,35.035619100000005],[128.97470000000004,35.03557789999999]]]}},{"type":"Feature","properties":{"chance":56,"depth_m":49.0,"coastal_limit_km":5},"geometry":{"type":"Polygon","coordinates":[[[128.96918294425734,35.04315148511117],[128.9693443979525,35.05216588216054],[128.9803064147422,35.05203258994],[128.98014375759274,35.043018237225354],[128.96918294425734,35.04315148511117]]]}},{"type":"Feature","properties":{"chance":54,"depth_m":49.0,"coastal_limit_km":5},"geometry":{"type":"Polygon","coordinates":[[[128.9693443979525,35.05216588216054],[128.9695059233523,35.061180265139186],[128.9804691441303,35.06104692857435],[128.9803064147422,35.05203258994],[128.9693443979525,35.05216588216054]]]}},{"type":"Feature","properties":{"chance":60,"depth_m":49.0,"coastal_limit_km":5},"geometry":{"type":"Polygon","coordinates":[[[128.9695059233523,35.061180265139186],[128.96966752048814,35.07019463404527],[128.98063194578893,35.070061253126546],[128.9804691441303,35.06104692857435],[128.9695059233523,35.061180265139186]]]}},{"type":"Feature","properties":{"chance":79,"depth_m":49.0,"coastal_limit_km":5},"geometry":{"type":"Polygon","coordinates":[[[128.96966752048814,35.07019463404527],[128.96982918939165,35.079208988876935],[128.98079481974975,35.079075563594756],[128.98063194578893,35.070061253126546],[128.96966752048814,35.07019463404527]]]}},{"type":"Feature","properties":{"chance":84,"depth_m":49.0,"coastal_limit_km":5},"geometry":{"type":"Polygon","coordinates":[[[128.96982918939165,35.079208988876935],[128.96999093009438,35.08822332963232],[128.9809577660446,35.08808985997709],[128.98079481974975,35.079075563594756],[128.96982918939165,35.079208988876935]]]}},{"type":"Feature","properties":{"chance":73,"depth_m":49.0,"coastal_limit_km":5},"geometry":{"type":"Polygon","coordinates":[[[128.96999093009438,35.08822332963232],[128.97015274262793,35.09723765630957],[128.98112078470538,35.09710414227168],[128.9809577660446,35.08808985997709],[128.96999093009438,35.08822332963232]]]}},{"type":"Feature","properties":{"chance":50,"depth_m":49.0,"coastal_limit_km":5},"geometry":{"type":"Polygon","coordinates":[[[128.97015274262793,35.09723765630957],[128.9703146270239,35.10625196890681],[128.98128387576386,35.1061184104767],[128.98112078470538,35.09710414227168],[128.97015274262793,35.09723765630957]]]}},{"type":"Feature","properties":{"chance":38,"depth_m":49.6,"coastal_limit_km":5},"geometry":{"type":"Polygon","coordinates":[[[128.98144703925198,35.115132664590256],[128.98128387576386,35.1061184104767],[128.9703146270239,35.10625196890681],[128.97043776953058,35.113106303352055],[128.97340966044126,35.11176879740216],[128.9757970354892,35.11043540832898],[128.97592430410248,35.110747793328585],[128.97812838511942,35.11478877682379],[128.97839376683103,35.115169948378934],[128.98144703925198,35.115132664590256]]]}},{"type":"Feature","properties":{"chance":42,"depth_m":49.8,"coastal_limit_km":5},"geometry":{"type":"Polygon","coordinates":[[[128.98144703925198,35.115132664590256],[128.97839376683103,35.115169948378934],[128.98080461583385,35.118632489272],[128.98152549699887,35.11946577132868],[128.98144703925198,35.115132664590256]]]}},{"type":"Feature","properties":{"chance":63,"depth_m":49.9,"coastal_limit_km":5},"geometry":{"type":"Polygon","coordinates":[[[128.97658351268,34.84469891898023],[128.97803446644426,34.84468129280681],[128.97657292292664,34.844106119398305],[128.97658351268,34.84469891898023]]]}},{"type":"Feature","properties":{"chance":50,"depth_m":50.0,"coastal_limit_km":5},"geometry":{"type":"Polygon","coordinates":[[[128.97658351268,34.84469891898023],[128.97674458857034,34.85371358098707],[128.98768018079014,34.85358027909264],[128.98761784053363,34.85011750286486],[128.98678988916305,34.8495024069652],[128.9825699514249,34.84692612703738],[128.9780699563108,34.84469525910733],[128.97803446644426,34.84468129280681],[128.97658351268,34.84469891898023]]]}},{"type":"Feature","properties":{"chance":25,"depth_m":49.8,"coastal_limit_km":5},"geometry":{"type":"Polygon","coordinates":[[[128.97674458857034,34.85371358098707],[128.97690573600607,34.86272822895493],[128.9878425204861,34.86259488259784],[128.98768018079014,34.85358027909264],[128.97674458857034,34.85371358098707]]]}},{"type":"Feature","properties":{"chance":52,"depth_m":49.8,"coastal_limit_km":5},"geometry":{"type":"Polygon","coordinates":[[[128.97690573600607,34.86272822895493],[128.97706695501847,34.87174286288192],[128.988004932288,34.87160947205262],[128.9878425204861,34.86259488259784],[128.97690573600607,34.86272822895493]]]}},{"type":"Feature","properties":{"chance":70,"depth_m":49.8,"coastal_limit_km":5},"geometry":{"type":"Polygon","coordinates":[[[128.97706695501847,34.87174286288192],[128.97722824563888,34.88075748276616],[128.9881674162273,34.88062404745512],[128.988004932288,34.87160947205262],[128.97706695501847,34.87174286288192]]]}},{"type":"Feature","properties":{"chance":74,"depth_m":49.8,"coastal_limit_km":5},"geometry":{"type":"Polygon","coordinates":[[[128.97722824563888,34.88075748276616],[128.97738960789863,34.88977208860575],[128.9883299723356,34.88963860880344],[128.9881674162273,34.88062404745512],[128.97722824563888,34.88075748276616]]]}},{"type":"Feature","properties":{"chance":65,"depth_m":49.8,"coastal_limit_km":5},"geometry":{"type":"Polygon","coordinates":[[[128.97738960789863,34.88977208860575],[128.97755104182903,34.8987866803988],[128.9884926006445,34.898653156095676],[128.9883299723356,34.88963860880344],[128.97738960789863,34.88977208860575]]]}},{"type":"Feature","properties":{"chance":67,"depth_m":49.8,"coastal_limit_km":5},"geometry":{"type":"Polygon","coordinates":[[[128.97755104182903,34.8987866803988],[128.97771254746146,34.90780125814345],[128.9886553011856,34.90766768932996],[128.9884926006445,34.898653156095676],[128.97755104182903,34.8987866803988]]]}},{"type":"Feature","properties":{"chance":76,"depth_m":49.8,"coastal_limit_km":5},"geometry":{"type":"Polygon","coordinates":[[[128.97771254746146,34.90780125814345],[128.97787412482737,34.916815821837794],[128.9888180739905,34.916682208504376],[128.9886553011856,34.90766768932996],[128.97771254746146,34.90780125814345]]]}},{"type":"Feature","properties":{"chance":72,"depth_m":49.8,"coastal_limit_km":5},"geometry":{"type":"Polygon","coordinates":[[[128.97787412482737,34.916815821837794],[128.97803577395808,34.92583037147997],[128.98898091909084,34.925696713617064],[128.9888180739905,34.916682208504376],[128.97787412482737,34.916815821837794]]]}},{"type":"Feature","properties":{"chance":53,"depth_m":49.8,"coastal_limit_km":5},"geometry":{"type":"Polygon","coordinates":[[[128.97803577395808,34.92583037147997],[128.9781974948851,34.93484490706807],[128.9891438365183,34.934711204666115],[128.98898091909084,34.925696713617064],[128.97803577395808,34.92583037147997]]]}},{"type":"Feature","properties":{"chance":25,"depth_m":49.8,"coastal_limit_km":5},"geometry":{"type":"Polygon","coordinates":[[[128.9781974948851,34.93484490706807],[128.9783592876399,34.94385942860025],[128.98930682630458,34.943725681649674],[128.9891438365183,34.934711204666115],[128.9781974948851,34.93484490706807]]]}},{"type":"Feature","properties":{"chance":45,"depth_m":49.8,"coastal_limit_km":5},"geometry":{"type":"Polygon","coordinates":[[[128.9783592876399,34.94385942860025],[128.9785211522539,34.95287393607458],[128.9894698884814,34.952740144565816],[128.98930682630458,34.943725681649674],[128.9783592876399,34.94385942860025]]]}},{"type":"Feature","properties":{"chance":67,"depth_m":49.8,"coastal_limit_km":5},"geometry":{"type":"Polygon","coordinates":[[[128.9785211522539,34.95287393607458],[128.97868308875866,34.961888429489235],[128.9896330230805,34.96175459341268],[128.9894698884814,34.952740144565816],[128.9785211522539,34.95287393607458]]]}},{"type":"Feature","properties":{"chance":76,"depth_m":49.8,"coastal_limit_km":5},"geometry":{"type":"Polygon","coordinates":[[[128.97868308875866,34.961888429489235],[128.97884509718563,34.970902908842305],[128.9897962301336,34.97076902818837],[128.9896330230805,34.96175459341268],[128.97868308875866,34.961888429489235]]]}},{"type":"Feature","properties":{"chance":72,"depth_m":49.8,"coastal_limit_km":5},"geometry":{"type":"Polygon","coordinates":[[[128.9897962301336,34.97076902818837],[128.97884509718563,34.970902908842305],[128.97900717756642,34.97991737413192],[128.9888803301798,34.979796689003265],[128.9887359,34.9796154],[128.9883476,34.9794589],[128.9881691,34.9792586],[128.9880082,34.97918820000001],[128.9879688,34.9790853],[128.9879841,34.9790234],[128.9881906,34.97899480000001],[128.9881155,34.97888499999999],[128.9879471,34.978863100000005],[128.9879465,34.978788300000005],[128.9879958,34.9787169],[128.9880199,34.97848],[128.98829790000002,34.97852009999999],[128.9883918,34.97845639999999],[128.9884829,34.9784784],[128.9884937,34.9783795],[128.9884025,34.9784037],[128.9883301,34.9783465],[128.9883757,34.97827620000001],[128.9884508,34.978302600000006],[128.9885438,34.9782508],[128.9886017,34.9782546],[128.988637,34.97824440000001],[128.9886961,34.9782402],[128.9887967,34.97825000000001],[128.9888261,34.9783029],[128.9888503,34.9783188],[128.9888438,34.978372500000006],[128.9888014,34.9783613],[128.98879140000003,34.978377],[128.9887362,34.9783742],[128.9886789,34.9783751],[128.9887912,34.9784063],[128.9888149,34.9784454],[128.9888208,34.978477600000005],[128.9889414,34.9786],[128.9890864,34.9786538],[128.98927,34.97861],[128.989529,34.9787948],[128.9898026,34.9788036],[128.9899152,34.9789003],[128.9899428229658,34.9788623848639],[128.9899404553448,34.97873169477166],[128.9898838,34.9786785],[128.9899385758995,34.97862795084432],[128.9897962301336,34.97076902818837]],[[128.9885151,34.9778674],[128.9886814,34.9779619],[128.9886868,34.97800809999999],[128.9885527,34.97808500000001],[128.9884186,34.9779707],[128.9885151,34.9778674]],[[128.9883435,34.9781114],[128.9883408,34.97805640000001],[128.9884213,34.978052],[128.9884588,34.97810700000001],[128.9883435,34.9781114]]]}},{"type":"Feature","properties":{"chance":62,"depth_m":49.8,"coastal_limit_km":5},"geometry":{"type":"MultiPolygon","coordinates":[[[[128.98999108421523,34.981526169088575],[128.9899563,34.9815075],[128.9899842,34.9815876],[128.98999228726734,34.98159256718371],[128.98999108421523,34.981526169088575]]],[[[128.97900717756642,34.97991737413192],[128.97916932993257,34.98893182535622],[128.99012286172902,34.988797855518776],[128.9899982130962,34.98191961861608],[128.9898841,34.98186129999999],[128.9897458,34.9818831],[128.9896666,34.981864099999996],[128.9895944,34.98183530000001],[128.989582,34.9817782],[128.9896107,34.9817545],[128.9896122,34.9817316],[128.9896575,34.98171340000001],[128.9896983,34.9817232],[128.9896799,34.981688],[128.9896701,34.981666200000014],[128.9897144,34.981663400000016],[128.9897049,34.9816346],[128.9896603,34.981596700000004],[128.9896247,34.9815707],[128.98958150000004,34.9815206],[128.9895448,34.9814593],[128.9895129,34.98121230000002],[128.9895934,34.9811552],[128.9897141,34.9811749],[128.98968190000002,34.9811024],[128.9896032,34.9810989],[128.9893171,34.9810013],[128.9893089,34.9808827],[128.9890686,34.9806454],[128.9890826,34.9805512],[128.988995,34.9804891],[128.9891941,34.980503899999995],[128.98912,34.9804558],[128.9890811,34.980395400000006],[128.9890282,34.9803768],[128.9890115,34.9803318],[128.9890154,34.980288699999996],[128.9890779,34.9802885],[128.9891477,34.980334000000006],[128.98896,34.98002],[128.988933,34.97986280000001],[128.9888803301798,34.979796689003265],[128.97900717756642,34.97991737413192]]]]}},{"type":"Feature","properties":{"chance":72,"depth_m":49.8,"coastal_limit_km":5},"geometry":{"type":"Polygon","coordinates":[[[128.97916932993257,34.98893182535622],[128.97933155431568,34.997946262513324],[128.99028628633494,34.99781224806971],[128.99012286172902,34.988797855518776],[128.97916932993257,34.98893182535622]]]}},{"type":"Feature","properties":{"chance":73,"depth_m":49.8,"coastal_limit_km":5},"geometry":{"type":"Polygon","coordinates":[[[128.97933155431568,34.997946262513324],[128.97949385074736,35.00696068560134],[128.99044978352214,35.006826626541965],[128.99028628633494,34.99781224806971],[128.97933155431568,34.997946262513324]]]}},{"type":"Feature","properties":{"chance":59,"depth_m":49.8,"coastal_limit_km":5},"geometry":{"type":"Polygon","coordinates":[[[128.97949385074736,35.00696068560134],[128.97965621925925,35.01597509461844],[128.99061335332246,35.01584099093367],[128.99044978352214,35.006826626541965],[128.97949385074736,35.00696068560134]]]}},{"type":"Feature","properties":{"chance":33,"depth_m":49.8,"coastal_limit_km":5},"geometry":{"type":"Polygon","coordinates":[[[128.97965621925925,35.01597509461844],[128.97981865988297,35.024989489562714],[128.9907769957678,35.024855341242926],[128.99061335332246,35.01584099093367],[128.97965621925925,35.01597509461844]]]}},{"type":"Feature","properties":{"chance":37,"depth_m":49.8,"coastal_limit_km":5},"geometry":{"type":"Polygon","coordinates":[[[128.97981865988297,35.024989489562714],[128.97998117265024,35.0340038704323],[128.99094071089007,35.0338696774679],[128.9907769957678,35.024855341242926],[128.97981865988297,35.024989489562714]]]}},{"type":"Feature","properties":{"chance":67,"depth_m":49.8,"coastal_limit_km":5},"geometry":{"type":"Polygon","coordinates":[[[128.97998117265024,35.0340038704323],[128.98014375759274,35.043018237225354],[128.9911044987212,35.04288399960669],[128.99094071089007,35.0338696774679],[128.97998117265024,35.0340038704323]],[[128.9823461,35.0378744],[128.9820816,35.03761050000001],[128.9819017,35.0375962],[128.9817755,35.0372078],[128.9815181,35.0369016],[128.9815664,35.036553999999995],[128.981731,35.0362427],[128.9824161,35.0360478],[128.9827819,35.03610510000001],[128.9828589,35.0364741],[128.9827769,35.0369785],[128.9830132,35.03706759999999],[128.9830812,35.0373053],[128.9832676,35.0372143],[128.983569,35.0372247],[128.9835026,35.0373862],[128.98335,35.0374139],[128.9830956,35.037381599999996],[128.9829194,35.037471100000005],[128.9831682,35.03762439999999],[128.9834166,35.0376325],[128.9834956,35.0377416],[128.98334550000004,35.037938200000006],[128.9831792,35.03793319999999],[128.9830627,35.037815900000005],[128.9829014,35.03791489999999],[128.9825251,35.0380213],[128.9823461,35.0378744]]]}},{"type":"Feature","properties":{"chance":78,"depth_m":49.8,"coastal_limit_km":5},"geometry":{"type":"Polygon","coordinates":[[[128.98014375759274,35.043018237225354],[128.9803064147422,35.05203258994],[128.99126835929317,35.051898307657424],[128.9911044987212,35.04288399960669],[128.98014375759274,35.043018237225354]],[[128.9814586,35.04556050000001],[128.9813198,35.0454054],[128.9812908,35.0452417],[128.9814496,35.04506609999999],[128.9813833,35.0446857],[128.9814161,35.044517600000006],[128.9812333,35.0443085],[128.9813198,35.0441015],[128.9814517,35.0440929],[128.9815917,35.0444026],[128.9818881,35.04440029999999],[128.9819898,35.044575800000004],[128.9821656,35.04514150000001],[128.9823164,35.0450592],[128.9823959,35.04516890000001],[128.9822232,35.0452525],[128.9821321,35.04549459999999],[128.9818102,35.04573439999999],[128.9814586,35.04556050000001]],[[128.98269200000001,35.0465443],[128.9827153,35.04665399999999],[128.9827445,35.0467398],[128.9827619,35.046816099999994],[128.9825872,35.04685419999999],[128.9824358,35.0468828],[128.982296,35.04684949999999],[128.9822611,35.04680659999999],[128.9823368,35.046654],[128.9823659,35.04657769999999],[128.982395,35.04644900000001],[128.9824591,35.0463727],[128.9825464,35.0464251],[128.98269200000001,35.0465443]]]}},{"type":"Feature","properties":{"chance":76,"depth_m":49.8,"coastal_limit_km":5},"geometry":{"type":"Polygon","coordinates":[[[128.9803064147422,35.05203258994],[128.9804691441303,35.06104692857435],[128.9914322926379,35.060912601618234],[128.99126835929317,35.051898307657424],[128.9803064147422,35.05203258994]]]}},{"type":"Feature","properties":{"chance":63,"depth_m":49.8,"coastal_limit_km":5},"geometry":{"type":"Polygon","coordinates":[[[128.9804691441303,35.06104692857435],[128.98063194578893,35.070061253126546],[128.99159629878744,35.069926881487255],[128.9914322926379,35.060912601618234],[128.9804691441303,35.06104692857435]]]}},{"type":"Feature","properties":{"chance":67,"depth_m":49.8,"coastal_limit_km":5},"geometry":{"type":"Polygon","coordinates":[[[128.98063194578893,35.070061253126546],[128.98079481974975,35.079075563594756],[128.99176037777377,35.07894114726262],[128.99159629878744,35.069926881487255],[128.98063194578893,35.070061253126546]]]}},{"type":"Feature","properties":{"chance":71,"depth_m":49.8,"coastal_limit_km":5},"geometry":{"type":"Polygon","coordinates":[[[128.98079481974975,35.079075563594756],[128.9809577660446,35.08808985997709],[128.991924529629,35.08795539894246],[128.99176037777377,35.07894114726262],[128.98079481974975,35.079075563594756]]]}},{"type":"Feature","properties":{"chance":63,"depth_m":49.8,"coastal_limit_km":5},"geometry":{"type":"Polygon","coordinates":[[[128.9809577660446,35.08808985997709],[128.98112078470538,35.09710414227168],[128.9920887543851,35.0969696365249],[128.991924529629,35.08795539894246],[128.9809577660446,35.08808985997709]]]}},{"type":"Feature","properties":{"chance":41,"depth_m":49.8,"coastal_limit_km":5},"geometry":{"type":"Polygon","coordinates":[[[128.98112078470538,35.09710414227168],[128.98128387576386,35.1061184104767],[128.99225305207426,35.10598386000809],[128.9920887543851,35.0969696365249],[128.98112078470538,35.09710414227168]]]}},{"type":"Feature","properties":{"chance":28,"depth_m":49.8,"coastal_limit_km":5},"geometry":{"type":"Polygon","coordinates":[[[128.98128387576386,35.1061184104767],[128.98144703925198,35.115132664590256],[128.9924174227285,35.11499806939014],[128.99225305207426,35.10598386000809],[128.98128387576386,35.1061184104767]]]}},{"type":"Feature","properties":{"chance":60,"depth_m":49.8,"coastal_limit_km":5},"geometry":{"type":"Polygon","coordinates":[[[128.99258186638,35.12401226466921],[128.9924174227285,35.11499806939014],[128.98144703925198,35.115132664590256],[128.98152549699887,35.11946577132868],[128.98392720904954,35.12224180381795],[128.98589012683067,35.12409450180322],[128.99258186638,35.12401226466921]]]}},{"type":"Feature","properties":{"chance":76,"depth_m":49.2,"coastal_limit_km":5},"geometry":{"type":"Polygon","coordinates":[[[128.99258186638,35.12401226466921],[128.98589012683067,35.12409450180322],[128.9874660542396,35.12558185329581],[128.99138700714116,35.12862036802616],[128.992680951711,35.129441819031896],[128.99258186638,35.12401226466921]]]}},{"type":"Feature","properties":{"chance":37,"depth_m":48.6,"coastal_limit_km":5},"geometry":{"type":"Polygon","coordinates":[[[128.98768018079014,34.85358027909264],[128.991942173043,34.853528060164976],[128.9907458760345,34.85244535273103],[128.9906908776361,34.85240036992829],[128.98761784053363,34.85011750286486],[128.98768018079014,34.85358027909264]]]}},{"type":"Feature","properties":{"chance":45,"depth_m":47.4,"coastal_limit_km":5},"geometry":{"type":"Polygon","coordinates":[[[128.98768018079014,34.85358027909264],[128.9878425204861,34.86259488259784],[128.99877923286024,34.86246055309738],[128.99874997726258,34.860848158095294],[128.99776008910072,34.859476269268036],[128.994468685971,34.85581454276827],[128.991942173043,34.853528060164976],[128.98768018079014,34.85358027909264]]]}},{"type":"Feature","properties":{"chance":60,"depth_m":46.9,"coastal_limit_km":5},"geometry":{"type":"Polygon","coordinates":[[[128.9878425204861,34.86259488259784],[128.988004932288,34.87160947205262],[128.99894283742006,34.87147509775223],[128.99877923286024,34.86246055309738],[128.9878425204861,34.86259488259784]]]}},{"type":"Feature","properties":{"chance":80,"depth_m":46.9,"coastal_limit_km":5},"geometry":{"type":"Polygon","coordinates":[[[128.988004932288,34.87160947205262],[128.9881674162273,34.88062404745512],[128.9991065146467,34.88048962834519],[128.99894283742006,34.87147509775223],[128.988004932288,34.87160947205262]]]}},{"type":"Feature","properties":{"chance":85,"depth_m":46.9,"coastal_limit_km":5},"geometry":{"type":"Polygon","coordinates":[[[128.9881674162273,34.88062404745512],[128.9883299723356,34.88963860880344],[128.99927026457203,34.88950414487434],[128.9991065146467,34.88048962834519],[128.9881674162273,34.88062404745512]]]}},{"type":"Feature","properties":{"chance":74,"depth_m":46.9,"coastal_limit_km":5},"geometry":{"type":"Polygon","coordinates":[[[128.9883299723356,34.88963860880344],[128.9884926006445,34.898653156095676],[128.99943408722783,34.89851864733781],[128.99927026457203,34.88950414487434],[128.9883299723356,34.88963860880344]]]}},{"type":"Feature","properties":{"chance":52,"depth_m":46.9,"coastal_limit_km":5},"geometry":{"type":"Polygon","coordinates":[[[128.9884926006445,34.898653156095676],[128.9886553011856,34.90766768932996],[128.9995979826459,34.907533135733686],[128.99943408722783,34.89851864733781],[128.9884926006445,34.898653156095676]]]}},{"type":"Feature","properties":{"chance":53,"depth_m":46.9,"coastal_limit_km":5},"geometry":{"type":"Polygon","coordinates":[[[128.9886553011856,34.90766768932996],[128.9888180739905,34.916682208504376],[128.99976195085816,34.91654761006011],[128.9995979826459,34.907533135733686],[128.9886553011856,34.90766768932996]]]}},{"type":"Feature","properties":{"chance":51,"depth_m":46.9,"coastal_limit_km":5},"geometry":{"type":"Polygon","coordinates":[[[128.9888180739905,34.916682208504376],[128.98898091909084,34.925696713617064],[128.99992599189645,34.92556207031513],[128.99976195085816,34.91654761006011],[128.9888180739905,34.916682208504376]]]}},{"type":"Feature","properties":{"chance":53,"depth_m":46.9,"coastal_limit_km":5},"geometry":{"type":"Polygon","coordinates":[[[128.98898091909084,34.925696713617064],[128.9891438365183,34.934711204666115],[129.0000901057927,34.9345765164969],[128.99992599189645,34.92556207031513],[128.98898091909084,34.925696713617064]]]}},{"type":"Feature","properties":{"chance":55,"depth_m":46.9,"coastal_limit_km":5},"geometry":{"type":"Polygon","coordinates":[[[128.9891438365183,34.934711204666115],[128.98930682630458,34.943725681649674],[129.00025429257877,34.94359094860353],[129.0000901057927,34.9345765164969],[128.9891438365183,34.934711204666115]]]}},{"type":"Feature","properties":{"chance":52,"depth_m":46.9,"coastal_limit_km":5},"geometry":{"type":"Polygon","coordinates":[[[128.98930682630458,34.943725681649674],[128.9894698884814,34.952740144565816],[129.00041855228667,34.952605366633094],[129.00025429257877,34.94359094860353],[128.98930682630458,34.943725681649674]]]}},{"type":"Feature","properties":{"chance":74,"depth_m":46.9,"coastal_limit_km":5},"geometry":{"type":"Polygon","coordinates":[[[128.9894698884814,34.952740144565816],[128.9896330230805,34.96175459341268],[129.00058288494836,34.96161977058373],[129.00041855228667,34.952605366633094],[128.9894698884814,34.952740144565816]]]}},{"type":"Feature","properties":{"chance":85,"depth_m":46.9,"coastal_limit_km":5},"geometry":{"type":"Polygon","coordinates":[[[128.9896330230805,34.96175459341268],[128.9897962301336,34.97076902818837],[129.0007472905958,34.97063416045354],[129.00058288494836,34.96161977058373],[128.9896330230805,34.96175459341268]]]}},{"type":"Feature","properties":{"chance":80,"depth_m":46.9,"coastal_limit_km":5},"geometry":{"type":"MultiPolygon","coordinates":[[[[129.00091176926102,34.97964853624066],[129.0007472905958,34.97063416045354],[128.9897962301336,34.97076902818837],[128.9899385758995,34.97862795084432],[128.9899797,34.978590000000004],[128.9900507,34.9785905],[128.9900437,34.9786226],[128.9900918,34.9786452],[128.9901455,34.978609899999995],[128.9903253,34.9786362],[128.9904143,34.9787083],[128.9904155,34.9787321],[128.9904691,34.9787752],[128.9904263,34.9788201],[128.9904724,34.9788648],[128.9905169,34.97892709999999],[128.9904724,34.9790059],[128.9903224,34.9790292],[128.9904135,34.979049999999994],[128.9904239,34.9790869],[128.9904552,34.9791076],[128.9904537,34.9791411],[128.9905049,34.9791626],[128.9905306,34.9792107],[128.99050090000003,34.97925660000001],[128.9905286,34.9792775],[128.9905461,34.9793128],[128.9906229,34.97939230000001],[128.9907017,34.97933900000001],[128.99082640000003,34.97938160000001],[128.9908067,34.9794192],[128.990864,34.979411600000006],[128.9909302,34.9794518],[128.9910385,34.979478400000005],[128.9910324,34.979451399999995],[128.9910069,34.9794482],[128.9909947,34.9794176],[128.9909394,34.9794124],[128.9908932,34.9793839],[128.9908229,34.9793691],[128.9907655,34.979347000000004],[128.9907185,34.9793095],[128.9907132,34.9792417],[128.9907638,34.979251500000004],[128.9907395,34.979220999999995],[128.9907655,34.9791713],[128.9907947,34.97918990000001],[128.9908306,34.9791622],[128.9909077,34.9791245],[128.990972,34.9792805],[128.9911303,34.9793157],[128.9911464,34.9791619],[128.9912403,34.9790344],[128.991417,34.979157400000005],[128.9915031,34.979434399999995],[128.9914495,34.97962999999999],[128.9916319,34.9794629],[128.9916345,34.979346500000005],[128.9918479,34.9792694],[128.991994,34.979309099999995],[128.9922049,34.9795291],[128.99219430000002,34.97975550000001],[128.99219352122745,34.979756010017525],[129.00091176926102,34.97964853624066]]],[[[128.9899428229658,34.9788623848639],[128.9899984,34.9787861],[128.9899404553448,34.97873169477166],[128.9899428229658,34.9788623848639]]]]}},{"type":"Feature","properties":{"chance":56,"depth_m":46.9,"coastal_limit_km":5},"geometry":{"type":"Polygon","coordinates":[[[128.99012286172902,34.988797855518776],[129.00107632097604,34.98866289794318],[129.00091176926102,34.97964853624066],[128.99219352122745,34.979756010017525],[128.9919564,34.9799113],[128.9920612,34.9801299],[128.9922112,34.9801376],[128.9923413,34.980189],[128.9925578,34.980422],[128.9924553,34.9806849],[128.9926704,34.980865800000004],[128.9927023,34.98084099999999],[128.9926717,34.980784],[128.9927531,34.9808215],[128.9927247,34.98083960000001],[128.99272640000004,34.98086550000001],[128.9927644,34.9808555],[128.9927789,34.9808277],[128.9927615,34.98079810000001],[128.9927592,34.980761699999995],[128.9927586,34.980704300000006],[128.9927984,34.980696699999996],[128.9928288,34.980659300000006],[128.9927548,34.98059080000001],[128.9929698,34.980689700000006],[128.9931276,34.9807884],[128.993224,34.9808193],[128.993051,34.9806932],[128.9930509,34.9806807],[128.9929206,34.9806066],[128.9929247,34.9805791],[128.9928749,34.98056729999999],[128.9928085,34.980510100000004],[128.9927652,34.980462],[128.9928455,34.9804695],[128.992785,34.9804221],[128.9927955,34.98038240000001],[128.99287,34.9803909],[128.99294420000004,34.9804144],[128.9929751,34.980458399999996],[128.9930861,34.980450900000015],[128.9930853,34.98042149999999],[128.9931768,34.980439],[128.9932871,34.9804859],[128.9933783,34.9805019],[128.9934743,34.98051360000001],[128.993513,34.9805496],[128.9935886,34.9805667],[128.9936677,34.98061870000001],[128.9936889,34.9806605],[128.9937968,34.98069639999999],[128.9938001,34.98072150000001],[128.9938202,34.9807744],[128.9939164,34.98082839999999],[128.9939266,34.98088860000001],[128.9938604,34.980867200000006],[128.9938862,34.980921800000004],[128.9938333,34.980939],[128.9937448,34.980885300000004],[128.9937327,34.9809113],[128.9935961,34.980867599999996],[128.9935429,34.9808681],[128.99358310000002,34.9808929],[128.993551,34.9809178],[128.993513,34.98090830000001],[128.993466,34.98091639999999],[128.9934681,34.98093519999999],[128.9935368,34.9809563],[128.9935967,34.9809532],[128.9936692,34.9809757],[128.993715,34.9810022],[128.9937662,34.9809933],[128.9938752,34.9810334],[128.9939495,34.9810806],[128.9939541,34.98111930000002],[128.9939408,34.98113879999999],[128.993901,34.9811291],[128.9938978,34.98115690000001],[128.9939275,34.98116790000001],[128.9939466,34.98121629999999],[128.9940036,34.9812669],[128.9939795,34.9813086],[128.9937475,34.9812009],[128.9937382,34.9811528],[128.9935972,34.9811091],[128.9935033,34.9810454],[128.9934606,34.981063899999995],[128.9937236,34.98125950000001],[128.993898,34.9813962],[128.9940104,34.9814868],[128.99402270000002,34.98154279999999],[128.9939683,34.98155249999999],[128.9939076,34.981528100000006],[128.9939213,34.9815733],[128.9938474,34.98159189999999],[128.9938852,34.9816165],[128.9938809,34.9816571],[128.9939506,34.9817186],[128.993933,34.981782800000005],[128.9937948,34.9817785],[128.9937223,34.9817629],[128.9937079,34.981798],[128.9936348,34.9817619],[128.9935865,34.9817789],[128.9934936,34.98170110000001],[128.993374,34.9816929],[128.993516,34.9817729],[128.993405,34.98180130000001],[128.9934259,34.98185449999999],[128.9935623,34.9818669],[128.9936119,34.9818364],[128.993693,34.9818523],[128.9938149,34.98190670000001],[128.9938591,34.9819463],[128.993496,34.98186210000001],[128.9935133,34.98190429999998],[128.9934034,34.9818865],[128.9933925,34.9818283],[128.9932514,34.98180579999999],[128.9931803,34.9817591],[128.9930685,34.9817629],[128.9930551,34.9818214],[128.9929265,34.981794],[128.9928589,34.9818185],[128.9928447,34.9818429],[128.9929314,34.98185480000001],[128.99300690000004,34.98195689999999],[128.99306070000003,34.9818972],[128.993144,34.9819639],[128.9933369,34.9820319],[128.993049,34.98204990000001],[128.9932826,34.982097100000004],[128.9933509,34.98214719999999],[128.9930621,34.9821715],[128.9928171,34.982121799999994],[128.9926627,34.9820775],[128.9925969,34.9821072],[128.9925132,34.981980300000004],[128.992498,34.9819114],[128.9925736,34.98183490000001],[128.9926635,34.9818381],[128.99281400000004,34.9818342],[128.99280430000002,34.9817682],[128.9927485,34.9817416],[128.99267250000003,34.9817489],[128.9925319,34.9816805],[128.9924999,34.98163340000001],[128.9924059,34.981593600000004],[128.9923822,34.9815544],[128.9924118,34.9814996],[128.9923203,34.98149490000001],[128.9922113,34.9814133],[128.9921686,34.9814316],[128.9920894,34.98139569999999],[128.9920592,34.98134259999999],[128.9919782,34.9812987],[128.9919282,34.9811264],[128.9919892,34.9810556],[128.9920857,34.9810285],[128.9920951,34.9809942],[128.9919576,34.98094199999999],[128.991888,34.9809682],[128.9917327,34.9809742],[128.9916341,34.980950699999994],[128.9915899,34.9809318],[128.9915805,34.9808931],[128.9914674,34.98087000000001],[128.9915136,34.98091740000001],[128.9914781,34.980972],[128.991422,34.98093909999999],[128.9913901,34.9809442],[128.9912685,34.981008900000006],[128.9907755,34.9808777],[128.9906799,34.98079],[128.99036,34.98105],[128.990339,34.98111560000001],[128.9901781,34.9810892],[128.9900145,34.98111120000001],[128.990213,34.9812804],[128.9901828,34.9813408],[128.9901986,34.9814029],[128.9901792,34.98146259999999],[128.9901522,34.9814684],[128.99014400000002,34.981562499999995],[128.9900925,34.9815806],[128.98999108421523,34.981526169088575],[128.98999228726734,34.98159256718371],[128.990049,34.9816274],[128.9900492,34.9817309],[128.9902049,34.9818005],[128.9901356,34.981908],[128.9900559,34.9819491],[128.9899982130962,34.98191961861608],[128.99012286172902,34.988797855518776]],[[128.9975568,34.9800602],[128.9975184,34.980091699999996],[128.9974374,34.98002880000001],[128.9973991,34.9800568],[128.9973693,34.980007900000004],[128.9973139,34.979973],[128.9972755,34.97993110000001],[128.997348,34.9799066],[128.9974545,34.97994500000001],[128.9974332,34.9799799],[128.9975099,34.9799974],[128.9975568,34.9800602]],[[128.9970071,34.9798996],[128.997088,34.979945],[128.997186,34.9799555],[128.9972031,34.9800009],[128.9972457,34.9800533],[128.9972031,34.9801161],[128.9971051,34.9800812],[128.9970454,34.98004980000001],[128.9969389,34.9799869],[128.9968835,34.9799066],[128.9970071,34.9798996]],[[128.9960568,34.9801475],[128.9959418,34.98032909999999],[128.9958437,34.9802593],[128.9958991,34.9801859],[128.9958949,34.9801231],[128.9958565,34.9801021],[128.9959204,34.9800428],[128.9960227,34.9800602],[128.9960568,34.9801475]],[[128.9972585,34.98023830000001],[128.9973394,34.9803081],[128.9972116,34.9803046],[128.9971136,34.980308099999995],[128.9969858,34.9802418],[128.9969261,34.980151],[128.9969559,34.9800882],[128.9970965,34.9801021],[128.9972031,34.98015800000001],[128.9972585,34.98023830000001]],[[128.9964915,34.9800742],[128.9965724,34.9801126],[128.9966491,34.9801336],[128.9966619,34.9802069],[128.9966321,34.980266199999996],[128.9966917,34.9802872],[128.9966917,34.98035],[128.9967812,34.98037099999999],[128.9968366,34.9804408],[128.9967983,34.9805002],[128.9966832,34.980507100000004],[128.9965724,34.9804513],[128.9964957,34.980363999999994],[128.9964446,34.98024180000001],[128.9964659,34.9801859],[128.9965255,34.980157999999996],[128.9964915,34.9800742]],[[128.9960312,34.980398900000004],[128.9960739,34.98035],[128.9960994,34.98040240000001],[128.9960312,34.980398900000004]],[[128.9962954,34.98070619999999],[128.9963594,34.98067470000001],[128.9963466,34.980762],[128.9962954,34.98070619999999]],[[128.9971093,34.9807515],[128.9972244,34.980817900000005],[128.9972116,34.9808947],[128.9970838,34.9808563],[128.99699,34.98081440000001],[128.9968877,34.9807585],[128.9968707,34.9806887],[128.99699,34.9806503],[128.9971093,34.9807515]],[[128.9964957,34.98068169999999],[128.9965852,34.980754999999995],[128.9966832,34.98081090000001],[128.9966576,34.9808772],[128.9965682,34.98087720000001],[128.9964872,34.9808318],[128.9964701,34.9807795],[128.9964957,34.98068169999999]],[[128.9961506,34.98106229999999],[128.9960653,34.9810658],[128.9959631,34.9810343],[128.9958991,34.980999399999995],[128.9958821,34.9809261],[128.9958864,34.9808598],[128.9959034,34.980807399999996],[128.9958991,34.9807236],[128.9959929,34.9806922],[128.996125,34.98074809999999],[128.9961591,34.980821399999996],[128.9962613,34.980877199999995],[128.9963167,34.98092960000002],[128.99629970000004,34.98098199999999],[128.9963125,34.98103429999999],[128.9962315,34.9810378],[128.9961506,34.98106229999999]],[[128.9958565,34.981086700000006],[128.9957457,34.981069299999994],[128.9957159,34.980999399999995],[128.9957117,34.9809261],[128.995652,34.98087030000001],[128.9956648,34.9808004],[128.9957372,34.98074809999999],[128.9958011,34.980754999999995],[128.9958352,34.9808563],[128.9958054,34.9809331],[128.9958352,34.98100639999999],[128.9958565,34.981086700000006]],[[128.9966133,34.9815431],[128.9965623,34.9815321],[128.9965113,34.98150350000002],[128.9965247,34.9814376],[128.996522,34.981389199999995],[128.9965167,34.98134300000001],[128.9964764,34.98131879999999],[128.9964361,34.981244000000004],[128.9965059,34.981237400000005],[128.9966267,34.981255],[128.9966321,34.9812792],[128.9968146,34.9813496],[128.9969032,34.9813782],[128.9969247,34.981409],[128.9969113,34.9814397],[128.9969569,34.98147269999999],[128.9969327,34.981494700000006],[128.9969811,34.981521099999995],[128.9969488,34.9815673],[128.9969005,34.98154310000001],[128.9968146,34.98148369999999],[128.9966724,34.9814881],[128.9967583,34.98151889999999],[128.9967073,34.9815299],[128.9966133,34.9815431]],[[128.9934687,34.98229969999999],[128.9935103,34.982325],[128.9935224,34.9823525],[128.9934714,34.982358],[128.9934325,34.98235139999999],[128.9933828,34.982336],[128.9933573,34.98234370000001],[128.9933358,34.9823041],[128.9933587,34.982303],[128.9933667,34.982284400000005],[128.9933922,34.982272300000005],[128.9934258,34.98227889999999],[128.9934687,34.98229969999999]],[[128.9946708,34.9826935],[128.9945689,34.9826825],[128.9945823,34.982621],[128.9946306,34.9825616],[128.9947298,34.9826144],[128.9947244,34.9826539],[128.9946949,34.9826539],[128.9946708,34.9826935]]]}},{"type":"Feature","properties":{"chance":48,"depth_m":46.9,"coastal_limit_km":5},"geometry":{"type":"Polygon","coordinates":[[[128.99012286172902,34.988797855518776],[128.99028628633494,34.99781224806971],[129.00124094577293,34.99767724555922],[129.00107632097604,34.98866289794318],[128.99012286172902,34.988797855518776]]]}},{"type":"Feature","properties":{"chance":49,"depth_m":46.9,"coastal_limit_km":5},"geometry":{"type":"Polygon","coordinates":[[[128.99028628633494,34.99781224806971],[128.99044978352214,35.006826626541965],[129.00140564368377,35.0066915790869],[129.00124094577293,34.99767724555922],[128.99028628633494,34.99781224806971]]]}},{"type":"Feature","properties":{"chance":53,"depth_m":46.9,"coastal_limit_km":5},"geometry":{"type":"Polygon","coordinates":[[[128.99044978352214,35.006826626541965],[128.99061335332246,35.01584099093367],[129.00157041474063,35.015705898524345],[129.00140564368377,35.0066915790869],[128.99044978352214,35.006826626541965]]]}},{"type":"Feature","properties":{"chance":59,"depth_m":46.9,"coastal_limit_km":5},"geometry":{"type":"Polygon","coordinates":[[[128.99061335332246,35.01584099093367],[128.9907769957678,35.024855341242926],[129.00173525897569,35.02472020386967],[129.00157041474063,35.015705898524345],[128.99061335332246,35.01584099093367]]]}},{"type":"Feature","properties":{"chance":54,"depth_m":46.9,"coastal_limit_km":5},"geometry":{"type":"Polygon","coordinates":[[[128.9907769957678,35.024855341242926],[128.99094071089007,35.0338696774679],[129.001900176421,35.03373449512099],[129.00173525897569,35.02472020386967],[128.9907769957678,35.024855341242926]]]}},{"type":"Feature","properties":{"chance":68,"depth_m":46.9,"coastal_limit_km":5},"geometry":{"type":"Polygon","coordinates":[[[128.99094071089007,35.0338696774679],[128.9911044987212,35.04288399960669],[129.00206516710884,35.04274877227643],[129.001900176421,35.03373449512099],[128.99094071089007,35.0338696774679]]]}},{"type":"Feature","properties":{"chance":83,"depth_m":46.9,"coastal_limit_km":5},"geometry":{"type":"Polygon","coordinates":[[[128.9911044987212,35.04288399960669],[128.99126835929317,35.051898307657424],[129.0022302310713,35.05176303533411],[129.00206516710884,35.04274877227643],[128.9911044987212,35.04288399960669]],[[128.9920475,35.0435747],[128.9921417,35.0436981],[128.99200140000002,35.04388329999999],[128.9918486,35.0438884],[128.9917795,35.04377699999999],[128.9918884,35.043588400000004],[128.9920475,35.0435747]]]}},{"type":"Feature","properties":{"chance":83,"depth_m":46.9,"coastal_limit_km":5},"geometry":{"type":"Polygon","coordinates":[[[128.99126835929317,35.051898307657424],[128.9914322926379,35.060912601618234],[129.00239536834067,35.06077728429217],[129.0022302310713,35.05176303533411],[128.99126835929317,35.051898307657424]]]}},{"type":"Feature","properties":{"chance":68,"depth_m":46.9,"coastal_limit_km":5},"geometry":{"type":"Polygon","coordinates":[[[128.9914322926379,35.060912601618234],[128.99159629878744,35.069926881487255],[129.00256057894913,35.06979151914871],[129.00239536834067,35.06077728429217],[128.9914322926379,35.060912601618234]]]}},{"type":"Feature","properties":{"chance":42,"depth_m":46.9,"coastal_limit_km":5},"geometry":{"type":"Polygon","coordinates":[[[128.99159629878744,35.069926881487255],[128.99176037777377,35.07894114726262],[129.00272586292897,35.07880573990187],[129.00256057894913,35.06979151914871],[128.99159629878744,35.069926881487255]]]}},{"type":"Feature","properties":{"chance":46,"depth_m":46.9,"coastal_limit_km":5},"geometry":{"type":"Polygon","coordinates":[[[128.99176037777377,35.07894114726262],[128.991924529629,35.08795539894246],[129.00289122031242,35.08781994654978],[129.00272586292897,35.07880573990187],[128.99176037777377,35.07894114726262]]]}},{"type":"Feature","properties":{"chance":50,"depth_m":46.9,"coastal_limit_km":5},"geometry":{"type":"Polygon","coordinates":[[[128.991924529629,35.08795539894246],[128.9920887543851,35.0969696365249],[129.00305665113183,35.096834139090554],[129.00289122031242,35.08781994654978],[128.991924529629,35.08795539894246]]]}},{"type":"Feature","properties":{"chance":61,"depth_m":46.9,"coastal_limit_km":5},"geometry":{"type":"Polygon","coordinates":[[[128.9920887543851,35.0969696365249],[128.99225305207426,35.10598386000809],[129.00322215541948,35.10584831752234],[129.00305665113183,35.096834139090554],[128.9920887543851,35.0969696365249]]]}},{"type":"Feature","properties":{"chance":60,"depth_m":46.9,"coastal_limit_km":5},"geometry":{"type":"Polygon","coordinates":[[[128.99225305207426,35.10598386000809],[128.9924174227285,35.11499806939014],[129.00338773320777,35.11486248184324],[129.00322215541948,35.10584831752234],[128.99225305207426,35.10598386000809]]]}},{"type":"Feature","properties":{"chance":60,"depth_m":46.9,"coastal_limit_km":5},"geometry":{"type":"Polygon","coordinates":[[[128.9924174227285,35.11499806939014],[128.99258186638,35.12401226466921],[129.003553384529,35.123876632051406],[129.00338773320777,35.11486248184324],[128.9924174227285,35.11499806939014]]]}},{"type":"Feature","properties":{"chance":76,"depth_m":46.9,"coastal_limit_km":5},"geometry":{"type":"Polygon","coordinates":[[[129.0037191094156,35.132890768144975],[129.003553384529,35.123876632051406],[128.99258186638,35.12401226466921],[128.992680951711,35.129441819031896],[128.99565221891558,35.131327988591956],[128.99880765996386,35.13295162106285],[129.0037191094156,35.132890768144975]]]}},{"type":"Feature","properties":{"chance":80,"depth_m":44.5,"coastal_limit_km":5},"geometry":{"type":"Polygon","coordinates":[[[129.0037191094156,35.132890768144975],[128.99880765996386,35.13295162106285],[129.00022050171248,35.13367855052367],[129.00376017334102,35.13512370337409],[129.0037191094156,35.132890768144975]]]}},{"type":"Feature","properties":{"chance":61,"depth_m":43.8,"coastal_limit_km":5},"geometry":{"type":"Polygon","coordinates":[[[128.99877923286024,34.86246055309738],[128.99990345000802,34.86244668919497],[128.99874997726258,34.860848158095294],[128.99877923286024,34.86246055309738]]]}},{"type":"Feature","properties":{"chance":59,"depth_m":43.1,"coastal_limit_km":5},"geometry":{"type":"Polygon","coordinates":[[[128.99877923286024,34.86246055309738],[128.99894283742006,34.87147509775223],[129.00455432134055,34.87140577753403],[129.00291874970895,34.867525161786304],[129.00058642008685,34.86339314234139],[128.99990345000802,34.86244668919497],[128.99877923286024,34.86246055309738]]]}},{"type":"Feature","properties":{"chance":73,"depth_m":42.0,"coastal_limit_km":5},"geometry":{"type":"Polygon","coordinates":[[[128.99894283742006,34.87147509775223],[128.9991065146467,34.88048962834519],[129.0066879299945,34.88039589057751],[129.0060668567381,34.876512826551064],[129.0060111019083,34.87626405481113],[129.00473318222186,34.87183012454148],[129.00455432134055,34.87140577753403],[128.99894283742006,34.87147509775223]]]}},{"type":"Feature","properties":{"chance":81,"depth_m":41.5,"coastal_limit_km":5},"geometry":{"type":"Polygon","coordinates":[[[128.9991065146467,34.88048962834519],[128.99927026457203,34.88950414487434],[129.00668474478627,34.88941245567644],[129.00669351314446,34.8888503606598],[129.0069679139395,34.88567536519042],[129.00680723717574,34.88115455928181],[129.00680411606896,34.88112226119253],[129.0066879299945,34.88039589057751],[128.9991065146467,34.88048962834519]]]}},{"type":"Feature","properties":{"chance":75,"depth_m":41.7,"coastal_limit_km":5},"geometry":{"type":"Polygon","coordinates":[[[128.99927026457203,34.88950414487434],[128.99943408722783,34.89851864733781],[129.01037550104883,34.89838315414645],[129.01036158469392,34.89762309415929],[129.009126068818,34.89679257890877],[129.00587998050815,34.895000405709936],[129.00609906773255,34.894138748964316],[129.00667866716077,34.88980206236155],[129.00668474478627,34.88941245567644],[128.99927026457203,34.88950414487434]]]}},{"type":"Feature","properties":{"chance":47,"depth_m":40.3,"coastal_limit_km":5},"geometry":{"type":"Polygon","coordinates":[[[128.99943408722783,34.89851864733781],[128.9995979826459,34.907533135733686],[129.01054059131206,34.90739759737593],[129.01037550104883,34.89838315414645],[128.99943408722783,34.89851864733781]]]}},{"type":"Feature","properties":{"chance":29,"depth_m":40.3,"coastal_limit_km":5},"geometry":{"type":"Polygon","coordinates":[[[128.9995979826459,34.907533135733686],[128.99976195085816,34.91654761006011],[129.0107057548998,34.91641202652624],[129.01054059131206,34.90739759737593],[128.9995979826459,34.907533135733686]]]}},{"type":"Feature","properties":{"chance":57,"depth_m":40.3,"coastal_limit_km":5},"geometry":{"type":"Polygon","coordinates":[[[128.99976195085816,34.91654761006011],[128.99992599189645,34.92556207031513],[129.01087099184414,34.92542644159547],[129.0107057548998,34.91641202652624],[128.99976195085816,34.91654761006011]]]}},{"type":"Feature","properties":{"chance":75,"depth_m":40.3,"coastal_limit_km":5},"geometry":{"type":"Polygon","coordinates":[[[128.99992599189645,34.92556207031513],[129.0000901057927,34.9345765164969],[129.01103630217722,34.93444084258173],[129.01087099184414,34.92542644159547],[128.99992599189645,34.92556207031513]]]}},{"type":"Feature","properties":{"chance":80,"depth_m":40.3,"coastal_limit_km":5},"geometry":{"type":"Polygon","coordinates":[[[129.0000901057927,34.9345765164969],[129.00025429257877,34.94359094860353],[129.01120168593116,34.94345522948313],[129.01103630217722,34.93444084258173],[129.0000901057927,34.9345765164969]]]}},{"type":"Feature","properties":{"chance":71,"depth_m":40.3,"coastal_limit_km":5},"geometry":{"type":"Polygon","coordinates":[[[129.00025429257877,34.94359094860353],[129.00041855228667,34.952605366633094],[129.01136714313816,34.952469602297754],[129.01120168593116,34.94345522948313],[129.00025429257877,34.94359094860353]]]}},{"type":"Feature","properties":{"chance":67,"depth_m":40.3,"coastal_limit_km":5},"geometry":{"type":"Polygon","coordinates":[[[129.00041855228667,34.952605366633094],[129.00058288494836,34.96161977058373],[129.01153267383046,34.96148396102373],[129.01136714313816,34.952469602297754],[129.00041855228667,34.952605366633094]]]}},{"type":"Feature","properties":{"chance":76,"depth_m":40.3,"coastal_limit_km":5},"geometry":{"type":"Polygon","coordinates":[[[129.00058288494836,34.96161977058373],[129.0007472905958,34.97063416045354],[129.0116982780402,34.97049830565916],[129.01153267383046,34.96148396102373],[129.00058288494836,34.96161977058373]]]}},{"type":"Feature","properties":{"chance":72,"depth_m":40.3,"coastal_limit_km":5},"geometry":{"type":"Polygon","coordinates":[[[129.0007472905958,34.97063416045354],[129.00091176926102,34.97964853624066],[129.01186395579973,34.97951263620213],[129.0116982780402,34.97049830565916],[129.0007472905958,34.97063416045354]]]}},{"type":"Feature","properties":{"chance":54,"depth_m":40.3,"coastal_limit_km":5},"geometry":{"type":"Polygon","coordinates":[[[129.00091176926102,34.97964853624066],[129.00107632097604,34.98866289794318],[129.0120297071412,34.988526952650794],[129.01186395579973,34.97951263620213],[129.00091176926102,34.97964853624066]]]}},{"type":"Feature","properties":{"chance":30,"depth_m":40.3,"coastal_limit_km":5},"geometry":{"type":"Polygon","coordinates":[[[129.00107632097604,34.98866289794318],[129.00124094577293,34.99767724555922],[129.012195532097,34.99754125500323],[129.0120297071412,34.988526952650794],[129.00107632097604,34.98866289794318]]]}},{"type":"Feature","properties":{"chance":49,"depth_m":40.3,"coastal_limit_km":5},"geometry":{"type":"Polygon","coordinates":[[[129.00124094577293,34.99767724555922],[129.00140564368377,35.0066915790869],[129.01236143069934,35.00655554325755],[129.012195532097,34.99754125500323],[129.00124094577293,34.99767724555922]]]}},{"type":"Feature","properties":{"chance":72,"depth_m":40.3,"coastal_limit_km":5},"geometry":{"type":"Polygon","coordinates":[[[129.00140564368377,35.0066915790869],[129.00157041474063,35.015705898524345],[129.01252740298065,35.015569817411865],[129.01236143069934,35.00655554325755],[129.00140564368377,35.0066915790869]]]}},{"type":"Feature","properties":{"chance":82,"depth_m":40.3,"coastal_limit_km":5},"geometry":{"type":"Polygon","coordinates":[[[129.00157041474063,35.015705898524345],[129.00173525897569,35.02472020386967],[129.01269344897327,35.024584077464326],[129.01252740298065,35.015569817411865],[129.00157041474063,35.015705898524345]]]}},{"type":"Feature","properties":{"chance":77,"depth_m":40.3,"coastal_limit_km":5},"geometry":{"type":"Polygon","coordinates":[[[129.00173525897569,35.02472020386967],[129.001900176421,35.03373449512099],[129.0128595687095,35.033598323412996],[129.01269344897327,35.024584077464326],[129.00173525897569,35.02472020386967]]]}},{"type":"Feature","properties":{"chance":61,"depth_m":40.3,"coastal_limit_km":5},"geometry":{"type":"Polygon","coordinates":[[[129.001900176421,35.03373449512099],[129.00206516710884,35.04274877227643],[129.01302576222184,35.042612555256014],[129.0128595687095,35.033598323412996],[129.001900176421,35.03373449512099]]]}},{"type":"Feature","properties":{"chance":72,"depth_m":40.3,"coastal_limit_km":5},"geometry":{"type":"Polygon","coordinates":[[[129.00206516710884,35.04274877227643],[129.0022302310713,35.05176303533411],[129.01319202954264,35.051626772991504],[129.01302576222184,35.042612555256014],[129.00206516710884,35.04274877227643]]]}},{"type":"Feature","properties":{"chance":72,"depth_m":40.3,"coastal_limit_km":5},"geometry":{"type":"Polygon","coordinates":[[[129.0022302310713,35.05176303533411],[129.00239536834067,35.06077728429217],[129.01335837070437,35.060640976617584],[129.01319202954264,35.051626772991504],[129.0022302310713,35.05176303533411]]]}},{"type":"Feature","properties":{"chance":59,"depth_m":40.3,"coastal_limit_km":5},"geometry":{"type":"Polygon","coordinates":[[[129.00239536834067,35.06077728429217],[129.00256057894913,35.06979151914871],[129.0135247857395,35.06965516613235],[129.01335837070437,35.060640976617584],[129.00239536834067,35.06077728429217]]]}},{"type":"Feature","properties":{"chance":35,"depth_m":40.3,"coastal_limit_km":5},"geometry":{"type":"Polygon","coordinates":[[[129.00256057894913,35.06979151914871],[129.00272586292897,35.07880573990187],[129.01369127468053,35.07866934153396],[129.0135247857395,35.06965516613235],[129.00256057894913,35.06979151914871]]]}},{"type":"Feature","properties":{"chance":41,"depth_m":40.3,"coastal_limit_km":5},"geometry":{"type":"Polygon","coordinates":[[[129.00272586292897,35.07880573990187],[129.00289122031242,35.08781994654978],[129.01385783755995,35.087683502820504],[129.01369127468053,35.07866934153396],[129.00272586292897,35.07880573990187]]]}},{"type":"Feature","properties":{"chance":67,"depth_m":40.3,"coastal_limit_km":5},"geometry":{"type":"Polygon","coordinates":[[[129.00289122031242,35.08781994654978],[129.00305665113183,35.096834139090554],[129.0140244744103,35.096697649990126],[129.01385783755995,35.087683502820504],[129.00289122031242,35.08781994654978]]]}},{"type":"Feature","properties":{"chance":82,"depth_m":40.3,"coastal_limit_km":5},"geometry":{"type":"Polygon","coordinates":[[[129.00305665113183,35.096834139090554],[129.00322215541948,35.10584831752234],[129.01419118526414,35.10571178304092],[129.0140244744103,35.096697649990126],[129.00305665113183,35.096834139090554]]]}},{"type":"Feature","properties":{"chance":82,"depth_m":40.3,"coastal_limit_km":5},"geometry":{"type":"Polygon","coordinates":[[[129.00322215541948,35.10584831752234],[129.00338773320777,35.11486248184324],[129.01435797015407,35.11472590197104],[129.01419118526414,35.10571178304092],[129.00322215541948,35.10584831752234]]]}},{"type":"Feature","properties":{"chance":68,"depth_m":40.3,"coastal_limit_km":5},"geometry":{"type":"Polygon","coordinates":[[[129.00338773320777,35.11486248184324],[129.003553384529,35.123876632051406],[129.01452482911267,35.123740006778604],[129.01435797015407,35.11472590197104],[129.00338773320777,35.11486248184324]]]}},{"type":"Feature","properties":{"chance":66,"depth_m":40.3,"coastal_limit_km":5},"geometry":{"type":"Polygon","coordinates":[[[129.003553384529,35.123876632051406],[129.0037191094156,35.132890768144975],[129.01469176217256,35.13275409746173],[129.01452482911267,35.123740006778604],[129.003553384529,35.123876632051406]]]}},{"type":"Feature","properties":{"chance":70,"depth_m":40.1,"coastal_limit_km":5},"geometry":{"type":"Polygon","coordinates":[[[129.01469176217256,35.13275409746173],[129.0037191094156,35.132890768144975],[129.00376017334102,35.13512370337409],[129.00504772709925,35.13564933809375],[129.0100872534758,35.137221304721486],[129.01479392600703,35.13826878373912],[129.01469176217256,35.13275409746173]]]}},{"type":"Feature","properties":{"chance":54,"depth_m":35.7,"coastal_limit_km":5},"geometry":{"type":"Polygon","coordinates":[[[129.01037550104883,34.89838315414645],[129.01147204410404,34.89836952076332],[129.01036158469392,34.89762309415929],[129.01037550104883,34.89838315414645]]]}},{"type":"Feature","properties":{"chance":58,"depth_m":32.1,"coastal_limit_km":5},"geometry":{"type":"Polygon","coordinates":[[[129.01037550104883,34.89838315414645],[129.01054059131206,34.90739759737593],[129.02148312665375,34.907261074278104],[129.02148260135615,34.907232603954476],[129.02050030690648,34.90604809444383],[129.01713294283428,34.90272367131942],[129.01339422514198,34.899680623922166],[129.01310945407076,34.899470107930576],[129.01147204410404,34.89836952076332],[129.01037550104883,34.89838315414645]]]}},{"type":"Feature","properties":{"chance":60,"depth_m":30.8,"coastal_limit_km":5},"geometry":{"type":"Polygon","coordinates":[[[129.01054059131206,34.90739759737593],[129.0107057548998,34.91641202652624],[129.02164948558485,34.91627545792424],[129.02148312665375,34.907261074278104],[129.01054059131206,34.90739759737593]]]}},{"type":"Feature","properties":{"chance":66,"depth_m":30.8,"coastal_limit_km":5},"geometry":{"type":"Polygon","coordinates":[[[129.0107057548998,34.91641202652624],[129.01087099184414,34.92542644159547],[129.0218159184031,34.92528982747951],[129.02164948558485,34.91627545792424],[129.0107057548998,34.91641202652624]]]}},{"type":"Feature","properties":{"chance":84,"depth_m":30.8,"coastal_limit_km":5},"geometry":{"type":"Polygon","coordinates":[[[129.01087099184414,34.92542644159547],[129.01103630217722,34.93444084258173],[129.02198242514083,34.93430418294206],[129.0218159184031,34.92528982747951],[129.01087099184414,34.92542644159547]]]}},{"type":"Feature","properties":{"chance":90,"depth_m":30.8,"coastal_limit_km":5},"geometry":{"type":"Polygon","coordinates":[[[129.01103630217722,34.93444084258173],[129.01120168593116,34.94345522948313],[129.02214900583047,34.94331852430994],[129.02198242514083,34.93430418294206],[129.01103630217722,34.93444084258173]]]}},{"type":"Feature","properties":{"chance":80,"depth_m":30.8,"coastal_limit_km":5},"geometry":{"type":"Polygon","coordinates":[[[129.01120168593116,34.94345522948313],[129.01136714313816,34.952469602297754],[129.0223156605044,34.95233285158128],[129.02214900583047,34.94331852430994],[129.01120168593116,34.94345522948313]]]}},{"type":"Feature","properties":{"chance":57,"depth_m":30.8,"coastal_limit_km":5},"geometry":{"type":"Polygon","coordinates":[[[129.01136714313816,34.952469602297754],[129.01153267383046,34.96148396102373],[129.02248238919506,34.96134716475416],[129.0223156605044,34.95233285158128],[129.01136714313816,34.952469602297754]]]}},{"type":"Feature","properties":{"chance":53,"depth_m":30.8,"coastal_limit_km":5},"geometry":{"type":"Polygon","coordinates":[[[129.01153267383046,34.96148396102373],[129.0116982780402,34.97049830565916],[129.0226491919349,34.970361463826706],[129.02248238919506,34.96134716475416],[129.01153267383046,34.96148396102373]]]}},{"type":"Feature","properties":{"chance":52,"depth_m":30.8,"coastal_limit_km":5},"geometry":{"type":"Polygon","coordinates":[[[129.0116982780402,34.97049830565916],[129.01186395579973,34.97951263620213],[129.0228160687564,34.97937574879699],[129.0226491919349,34.970361463826706],[129.0116982780402,34.97049830565916]]]}},{"type":"Feature","properties":{"chance":62,"depth_m":30.8,"coastal_limit_km":5},"geometry":{"type":"Polygon","coordinates":[[[129.01186395579973,34.97951263620213],[129.0120297071412,34.988526952650794],[129.02298301969208,34.988390019663136],[129.0228160687564,34.97937574879699],[129.01186395579973,34.97951263620213]]]}},{"type":"Feature","properties":{"chance":65,"depth_m":30.8,"coastal_limit_km":5},"geometry":{"type":"Polygon","coordinates":[[[129.0120297071412,34.988526952650794],[129.012195532097,34.99754125500323],[129.02315004477444,34.99740427642326],[129.02298301969208,34.988390019663136],[129.0120297071412,34.988526952650794]]]}},{"type":"Feature","properties":{"chance":58,"depth_m":30.8,"coastal_limit_km":5},"geometry":{"type":"Polygon","coordinates":[[[129.012195532097,34.99754125500323],[129.01236143069934,35.00655554325755],[129.02331714403604,35.00641851907544],[129.02315004477444,34.99740427642326],[129.012195532097,34.99754125500323]]]}},{"type":"Feature","properties":{"chance":79,"depth_m":30.8,"coastal_limit_km":5},"geometry":{"type":"Polygon","coordinates":[[[129.01236143069934,35.00655554325755],[129.01252740298065,35.015569817411865],[129.02348431750943,35.0154327476178],[129.02331714403604,35.00641851907544],[129.01236143069934,35.00655554325755]]]}},{"type":"Feature","properties":{"chance":89,"depth_m":30.8,"coastal_limit_km":5},"geometry":{"type":"Polygon","coordinates":[[[129.01252740298065,35.015569817411865],[129.01269344897327,35.024584077464326],[129.0236515652272,35.024446962048444],[129.02348431750943,35.0154327476178],[129.01252740298065,35.015569817411865]]]}},{"type":"Feature","properties":{"chance":84,"depth_m":30.8,"coastal_limit_km":5},"geometry":{"type":"Polygon","coordinates":[[[129.01269344897327,35.024584077464326],[129.0128595687095,35.033598323412996],[129.02381888722192,35.03346116236549],[129.0236515652272,35.024446962048444],[129.01269344897327,35.024584077464326]]]}},{"type":"Feature","properties":{"chance":65,"depth_m":30.8,"coastal_limit_km":5},"geometry":{"type":"Polygon","coordinates":[[[129.0128595687095,35.033598323412996],[129.01302576222184,35.042612555256014],[129.0239862835263,35.04247534856704],[129.02381888722192,35.03346116236549],[129.0128595687095,35.033598323412996]]]}},{"type":"Feature","properties":{"chance":43,"depth_m":29.5,"coastal_limit_km":5},"geometry":{"type":"Polygon","coordinates":[[[129.01302576222184,35.042612555256014],[129.01319202954264,35.051626772991504],[129.024153754173,35.051489520651195],[129.0239862835263,35.04247534856704],[129.01302576222184,35.042612555256014]],[[129.0159485,35.04732150000001],[129.0159929,35.047481499999996],[129.01594550000002,35.0475348],[129.0160077,35.0475615],[129.0160077,35.0476294],[129.0158686,35.0477142],[129.0157412,35.0477142],[129.0156287,35.0475809],[129.0154807,35.047098500000004],[129.0155281,35.0470476],[129.0157087,35.0470307],[129.0158301,35.047110700000005],[129.0159485,35.04732150000001]],[[129.0155814,35.0476948],[129.0155281,35.0477457],[129.0151076,35.0477288],[129.015007,35.04769730000001],[129.0148826,35.0473918],[129.0151195,35.0473337],[129.0155666,35.0476197],[129.0155814,35.0476948]],[[129.0138983,35.048154600000004],[129.0140049,35.0480116],[129.0142136,35.04798730000001],[129.0143898,35.0479037],[129.01465,35.0479082],[129.0149872,35.047754],[129.0156066,35.047815199999995],[129.0158146,35.0478914],[129.0159366,35.048010800000014],[129.015953,35.048274600000006],[129.0158539,35.0483558],[129.0160126,35.0486218],[129.0159871,35.0487048],[129.0157961,35.0487642],[129.015842,35.0488672],[129.0158109,35.048906],[129.0156851,35.048906],[129.0157562,35.04923440000001],[129.0156155,35.04928770000001],[129.0153328,35.0492744],[129.0156816,35.0495825],[129.015429,35.0498101],[129.0150811,35.0498646],[129.0152069,35.0499798],[129.0149306,35.05032529999998],[129.0143927,35.050350699999996],[129.0142373,35.05019790000001],[129.0142111,35.0499122],[129.014292,35.0498198],[129.0141381,35.049541],[129.0142136,35.049293799999994],[129.014033,35.04920779999999],[129.0142199,35.0490082],[129.0141618,35.048925399999995],[129.0140596,35.048936299999994],[129.0140197,35.04891330000001],[129.0140863,35.0488457],[129.0142136,35.0487339],[129.0140567,35.0487096],[129.0142402,35.0484285],[129.0141055,35.048466],[129.0140492,35.0482442],[129.0138983,35.048154600000004]]]}},{"type":"Feature","properties":{"chance":49,"depth_m":30.8,"coastal_limit_km":5},"geometry":{"type":"Polygon","coordinates":[[[129.01319202954264,35.051626772991504],[129.01335837070437,35.060640976617584],[129.02432129919464,35.06050367861609],[129.024153754173,35.051489520651195],[129.01319202954264,35.051626772991504]]]}},{"type":"Feature","properties":{"chance":63,"depth_m":30.8,"coastal_limit_km":5},"geometry":{"type":"Polygon","coordinates":[[[129.01335837070437,35.060640976617584],[129.0135247857395,35.06965516613235],[129.02448891862397,35.06951782245982],[129.02432129919464,35.06050367861609],[129.01335837070437,35.060640976617584]],[[129.0229831,35.061331200000005],[129.023007,35.061393499999994],[129.0230606,35.061452800000005],[129.0231264,35.0614001],[129.0233027,35.061467],[129.0232477,35.0615632],[129.0229533,35.06162570000001],[129.02281650000003,35.0616376],[129.0225101,35.0615984],[129.022607,35.061377799999995],[129.0229831,35.061331200000005]],[[129.0231567,35.0621297],[129.02280520000002,35.0622159],[129.0226209,35.0621945],[129.0224975,35.06211309999999],[129.022444,35.0618752],[129.0225362,35.0617652],[129.022783,35.061676000000006],[129.0229198,35.061664099999994],[129.0232572,35.0617885],[129.0233054,35.0619023],[129.0231567,35.0621297]]]}},{"type":"Feature","properties":{"chance":68,"depth_m":30.8,"coastal_limit_km":5},"geometry":{"type":"Polygon","coordinates":[[[129.0135247857395,35.06965516613235],[129.01369127468053,35.07866934153396],[129.02465661249366,35.07853195218052],[129.02448891862397,35.06951782245982],[129.0135247857395,35.06965516613235]],[[129.0225487,35.075119199999996],[129.0226497,35.0753064],[129.02267990000004,35.0754198],[129.0227016,35.0755089],[129.0226133,35.0755898],[129.0224927,35.0756322],[129.0224377,35.075655000000005],[129.02241700000002,35.0756622],[129.0221409,35.075726],[129.0220878,35.07560430000001],[129.0220064,35.0755724],[129.0219852,35.0755174],[129.02203120000001,35.0755174],[129.02203120000001,35.0754812],[129.022063,35.075487],[129.0220931,35.0755203],[129.0221356,35.07551310000001],[129.0221285,35.075468199999996],[129.0220896,35.075434900000005],[129.0220984,35.07539580000002],[129.0221374,35.07538710000001],[129.022217,35.07545369999999],[129.0222612,35.0755232],[129.0223975,35.0755261],[129.022371,35.0754899],[129.022332,35.0754827],[129.022332,35.07545509999999],[129.0223019,35.075439200000005],[129.0223161,35.07539580000001],[129.0223515,35.0754146],[129.02233910000004,35.0753349],[129.0223232,35.075316099999995],[129.0223373,35.07528859999999],[129.0222559,35.0753234],[129.0221338,35.07528419999999],[129.0220206,35.0753031],[129.0219869,35.0752871],[129.0220029,35.075214700000004],[129.0219693,35.07519010000001],[129.0219728,35.07516840000001],[129.0220046,35.075162600000006],[129.0221391,35.0750366],[129.0221374,35.0749874],[129.0221745,35.074971399999995],[129.0222276,35.0749888],[129.0222878,35.07501489999999],[129.0224456,35.0750573],[129.0225487,35.075119199999996]]]}},{"type":"Feature","properties":{"chance":64,"depth_m":30.8,"coastal_limit_km":5},"geometry":{"type":"Polygon","coordinates":[[[129.01369127468053,35.07866934153396],[129.01385783755995,35.087683502820504],[129.02482438083652,35.087546067776294],[129.02465661249366,35.07853195218052],[129.01369127468053,35.07866934153396]]]}},{"type":"Feature","properties":{"chance":72,"depth_m":30.8,"coastal_limit_km":5},"geometry":{"type":"Polygon","coordinates":[[[129.01385783755995,35.087683502820504],[129.0140244744103,35.096697649990126],[129.02499222368527,35.09656016924525],[129.02482438083652,35.087546067776294],[129.01385783755995,35.087683502820504]]]}},{"type":"Feature","properties":{"chance":87,"depth_m":30.8,"coastal_limit_km":5},"geometry":{"type":"Polygon","coordinates":[[[129.0140244744103,35.096697649990126],[129.01419118526414,35.10571178304092],[129.02516014107272,35.10557425658552],[129.02499222368527,35.09656016924525],[129.0140244744103,35.096697649990126]]]}},{"type":"Feature","properties":{"chance":87,"depth_m":30.8,"coastal_limit_km":5},"geometry":{"type":"Polygon","coordinates":[[[129.01419118526414,35.10571178304092],[129.01435797015407,35.11472590197104],[129.0253281330317,35.114588329795225],[129.02516014107272,35.10557425658552],[129.01419118526414,35.10571178304092]]]}},{"type":"Feature","properties":{"chance":72,"depth_m":30.8,"coastal_limit_km":5},"geometry":{"type":"Polygon","coordinates":[[[129.01435797015407,35.11472590197104],[129.01452482911267,35.123740006778604],[129.025496199595,35.12360238887246],[129.0253281330317,35.114588329795225],[129.01435797015407,35.11472590197104]]]}},{"type":"Feature","properties":{"chance":46,"depth_m":30.8,"coastal_limit_km":5},"geometry":{"type":"Polygon","coordinates":[[[129.01452482911267,35.123740006778604],[129.01469176217256,35.13275409746173],[129.02566434079557,35.13261643381539],[129.025496199595,35.12360238887246],[129.01452482911267,35.123740006778604]]]}},{"type":"Feature","properties":{"chance":45,"depth_m":30.8,"coastal_limit_km":5},"geometry":{"type":"Polygon","coordinates":[[[129.0258325566662,35.14163046462209],[129.02566434079557,35.13261643381539],[129.01469176217256,35.13275409746173],[129.01479392600703,35.13826878373912],[129.0152903782904,35.13837925781556],[129.01916160838766,35.138912842733994],[129.02244671521032,35.140537237863654],[129.0252466923421,35.141637841720794],[129.0258325566662,35.14163046462209]]]}},{"type":"Feature","properties":{"chance":78,"depth_m":23.6,"coastal_limit_km":5},"geometry":{"type":"Polygon","coordinates":[[[129.02148312665375,34.907261074278104],[129.02164948558485,34.91627545792424],[129.02745938250513,34.916202554604936],[129.02600035176945,34.913416192067686],[129.02346523718953,34.909623253010906],[129.02150597452038,34.90726078818856],[129.02148312665375,34.907261074278104]]]}},{"type":"Feature","properties":{"chance":72,"depth_m":21.4,"coastal_limit_km":5},"geometry":{"type":"Polygon","coordinates":[[[129.02164948558485,34.91627545792424],[129.0218159184031,34.92528982747951],[129.030663600519,34.92517867015791],[129.02969158307206,34.92151385469124],[129.0280822205851,34.91739194491713],[129.02745938250513,34.916202554604936],[129.02164948558485,34.91627545792424]]]}},{"type":"Feature","properties":{"chance":76,"depth_m":20.2,"coastal_limit_km":5},"geometry":{"type":"Polygon","coordinates":[[[129.0218159184031,34.92528982747951],[129.02198242514083,34.93430418294206],[129.03155283438525,34.93418389032122],[129.03143763231196,34.93004310309091],[129.03081352779077,34.92574391164475],[129.030663600519,34.92517867015791],[129.0218159184031,34.92528982747951]]]}},{"type":"Feature","properties":{"chance":83,"depth_m":20.6,"coastal_limit_km":5},"geometry":{"type":"Polygon","coordinates":[[[129.02198242514083,34.93430418294206],[129.02214900583047,34.94331852430994],[129.0302021665873,34.943217330018186],[129.03028779417923,34.942957899994134],[129.0311736265787,34.938689986418986],[129.03155806198455,34.93437177277903],[129.03155283438525,34.93418389032122],[129.02198242514083,34.93430418294206]]]}},{"type":"Feature","properties":{"chance":71,"depth_m":19.3,"coastal_limit_km":5},"geometry":{"type":"Polygon","coordinates":[[[129.02214900583047,34.94331852430994],[129.0223156605044,34.95233285158128],[129.0332641038539,34.952195114505294],[129.0331447802697,34.94578740782738],[129.0326959477279,34.94544532962489],[129.03126965208756,34.94455011324],[129.03042351926342,34.94397326785425],[129.03002620215787,34.943750452857266],[129.0302021665873,34.943217330018186],[129.02214900583047,34.94331852430994]]]}},{"type":"Feature","properties":{"chance":52,"depth_m":19.3,"coastal_limit_km":5},"geometry":{"type":"Polygon","coordinates":[[[129.0223156605044,34.95233285158128],[129.02248238919506,34.96134716475416],[129.0334320305105,34.96120938179667],[129.0332641038539,34.952195114505294],[129.0223156605044,34.95233285158128]]]}},{"type":"Feature","properties":{"chance":37,"depth_m":19.3,"coastal_limit_km":5},"geometry":{"type":"Polygon","coordinates":[[[129.02248238919506,34.96134716475416],[129.0226491919349,34.970361463826706],[129.03360003174794,34.970223634977835],[129.0334320305105,34.96120938179667],[129.02248238919506,34.96134716475416]]]}},{"type":"Feature","properties":{"chance":65,"depth_m":19.3,"coastal_limit_km":5},"geometry":{"type":"Polygon","coordinates":[[[129.0226491919349,34.970361463826706],[129.0228160687564,34.97937574879699],[129.03376810759895,34.979237874046866],[129.03360003174794,34.970223634977835],[129.0226491919349,34.970361463826706]]]}},{"type":"Feature","properties":{"chance":84,"depth_m":19.3,"coastal_limit_km":5},"geometry":{"type":"Polygon","coordinates":[[[129.0228160687564,34.97937574879699],[129.02298301969208,34.988390019663136],[129.0339362580963,34.98825209900189],[129.03376810759895,34.979237874046866],[129.0228160687564,34.97937574879699]]]}},{"type":"Feature","properties":{"chance":89,"depth_m":19.3,"coastal_limit_km":5},"geometry":{"type":"Polygon","coordinates":[[[129.02298301969208,34.988390019663136],[129.02315004477444,34.99740427642326],[129.0341044832727,34.997266309841],[129.0339362580963,34.98825209900189],[129.02298301969208,34.988390019663136]]]}},{"type":"Feature","properties":{"chance":80,"depth_m":19.3,"coastal_limit_km":5},"geometry":{"type":"Polygon","coordinates":[[[129.02315004477444,34.99740427642326],[129.02331714403604,35.00641851907544],[129.03427278316093,35.00628050656227],[129.0341044832727,34.997266309841],[129.02315004477444,34.99740427642326]]]}},{"type":"Feature","properties":{"chance":70,"depth_m":19.3,"coastal_limit_km":5},"geometry":{"type":"Polygon","coordinates":[[[129.02331714403604,35.00641851907544],[129.02348431750943,35.0154327476178],[129.03444115779376,35.015294689163824],[129.03427278316093,35.00628050656227],[129.02331714403604,35.00641851907544]]]}},{"type":"Feature","properties":{"chance":79,"depth_m":19.3,"coastal_limit_km":5},"geometry":{"type":"Polygon","coordinates":[[[129.02348431750943,35.0154327476178],[129.0236515652272,35.024446962048444],[129.03460960720412,35.02430885764377],[129.03444115779376,35.015294689163824],[129.02348431750943,35.0154327476178]]]}},{"type":"Feature","properties":{"chance":75,"depth_m":19.3,"coastal_limit_km":5},"geometry":{"type":"Polygon","coordinates":[[[129.0236515652272,35.024446962048444],[129.02381888722192,35.03346116236549],[129.03477813142476,35.03332301200019],[129.03460960720412,35.02430885764377],[129.0236515652272,35.024446962048444]]]}},{"type":"Feature","properties":{"chance":58,"depth_m":19.3,"coastal_limit_km":5},"geometry":{"type":"Polygon","coordinates":[[[129.02381888722192,35.03346116236549],[129.0239862835263,35.04247534856704],[129.03494673048857,35.04233715223121],[129.03477813142476,35.03332301200019],[129.02381888722192,35.03346116236549]]]}},{"type":"Feature","properties":{"chance":43,"depth_m":19.3,"coastal_limit_km":5},"geometry":{"type":"Polygon","coordinates":[[[129.0239862835263,35.04247534856704],[129.024153754173,35.051489520651195],[129.03511540442844,35.05135127833493],[129.03494673048857,35.04233715223121],[129.0239862835263,35.04247534856704]]]}},{"type":"Feature","properties":{"chance":57,"depth_m":19.3,"coastal_limit_km":5},"geometry":{"type":"Polygon","coordinates":[[[129.024153754173,35.051489520651195],[129.02432129919464,35.06050367861609],[129.03528415327727,35.06036539030944],[129.03511540442844,35.05135127833493],[129.024153754173,35.051489520651195]]]}},{"type":"Feature","properties":{"chance":81,"depth_m":19.3,"coastal_limit_km":5},"geometry":{"type":"Polygon","coordinates":[[[129.02432129919464,35.06050367861609],[129.02448891862397,35.06951782245982],[129.03545297706805,35.069379488152876],[129.03528415327727,35.06036539030944],[129.02432129919464,35.06050367861609]]]}},{"type":"Feature","properties":{"chance":91,"depth_m":19.3,"coastal_limit_km":5},"geometry":{"type":"Polygon","coordinates":[[[129.02448891862397,35.06951782245982],[129.02465661249366,35.07853195218052],[129.03562187583367,35.07839357186333],[129.03545297706805,35.069379488152876],[129.02448891862397,35.06951782245982]]]}},{"type":"Feature","properties":{"chance":88,"depth_m":19.3,"coastal_limit_km":5},"geometry":{"type":"Polygon","coordinates":[[[129.03562187583367,35.07839357186333],[129.02465661249366,35.07853195218052],[129.02482438083652,35.087546067776294],[129.03426260787307,35.087426991462564],[129.0342752,35.08738880000001],[129.03427250000001,35.0870477],[129.0340922,35.08705760000001],[129.0341626,35.0868272],[129.0342597,35.08684850000001],[129.0343474,35.0863255],[129.03410220000004,35.08626550000001],[129.0341324,35.0860422],[129.0342379,35.08567],[129.0333605,35.0850356],[129.0332487,35.08511360000001],[129.0330303,35.0849709],[129.03298,35.0848512],[129.0330316,35.084745],[129.0332251,35.084668400000005],[129.0333714,35.0847189],[129.033919,35.0850474],[129.0341965,35.08505769999999],[129.034382,35.0850301],[129.0345423,35.084907799999996],[129.0357250096717,35.08389582389943],[129.03562187583367,35.07839357186333]]]}},{"type":"Feature","properties":{"chance":66,"depth_m":21.8,"coastal_limit_km":5},"geometry":{"type":"Polygon","coordinates":[[[129.03581968424757,35.08894545216588],[129.0357858,35.0889298],[129.0341378,35.08951460000001],[129.0335784,35.0893536],[129.0336745,35.0890361],[129.033698,35.088698199999996],[129.0329374,35.0888283],[129.0320686,35.08879319999999],[129.0321418,35.08871239999999],[129.0328597,35.08873019999999],[129.0338129,35.088221999999995],[129.0341113,35.0878859],[129.03426260787307,35.087426991462564],[129.02482438083652,35.087546067776294],[129.02499222368527,35.09656016924525],[129.03595989842154,35.096421696877755],[129.03588282893605,35.09231268015063],[129.0347197,35.09274150000001],[129.0340108,35.0933675],[129.0332834,35.093370699999994],[129.0331841,35.0940381],[129.0335325,35.0940667],[129.0334603,35.09419019999999],[129.0330509,35.0943952],[129.0318661,35.0941123],[129.0316066,35.0940257],[129.0316146,35.0939884],[129.0314914,35.0939294],[129.0312297,35.0931633],[129.0312817,35.0927426],[129.0313482,35.0924554],[129.0312903,35.0924398],[129.0313338,35.09224270000001],[129.0314951,35.0919269],[129.0314306,35.0917937],[129.0319961,35.0913106],[129.0321948,35.0909684],[129.0317654,35.0907402],[129.031811,35.0906804],[129.0320651,35.0908028],[129.0323139,35.0904377],[129.0319978,35.0902656],[129.0320116,35.09023619999999],[129.0323763,35.090428100000004],[129.0327032,35.0900195],[129.0323426,35.08981299999999],[129.0323749,35.0897954],[129.0329546,35.0900877],[129.0332995,35.089618999999985],[129.0334339,35.0895828],[129.0344682,35.0898523],[129.0346458,35.090207400000004],[129.0347574,35.0902277],[129.03583615800076,35.08982397886594],[129.03581968424757,35.08894545216588]],[[129.0271723,35.094321300000004],[129.0270132,35.09434480000001],[129.0265835,35.09236049999999],[129.0267546,35.0923729],[129.0271723,35.094321300000004]]]}},{"type":"Feature","properties":{"chance":74,"depth_m":19.3,"coastal_limit_km":5},"geometry":{"type":"Polygon","coordinates":[[[129.02499222368527,35.09656016924525],[129.02516014107272,35.10557425658552],[129.03612902230978,35.105435738177945],[129.03595989842154,35.096421696877755],[129.02499222368527,35.09656016924525]]]}},{"type":"Feature","properties":{"chance":75,"depth_m":19.3,"coastal_limit_km":5},"geometry":{"type":"Polygon","coordinates":[[[129.02516014107272,35.10557425658552],[129.0253281330317,35.114588329795225],[129.03629822130497,35.1144497653376],[129.03612902230978,35.105435738177945],[129.02516014107272,35.10557425658552]]]}},{"type":"Feature","properties":{"chance":63,"depth_m":19.3,"coastal_limit_km":5},"geometry":{"type":"Polygon","coordinates":[[[129.0253281330317,35.114588329795225],[129.025496199595,35.12360238887246],[129.03646749544015,35.123463778354854],[129.03629822130497,35.1144497653376],[129.0253281330317,35.114588329795225]]]}},{"type":"Feature","properties":{"chance":48,"depth_m":19.3,"coastal_limit_km":5},"geometry":{"type":"Polygon","coordinates":[[[129.025496199595,35.12360238887246],[129.02566434079557,35.13261643381539],[129.03663684474847,35.132477777227805],[129.03646749544015,35.123463778354854],[129.025496199595,35.12360238887246]]]}},{"type":"Feature","properties":{"chance":49,"depth_m":19.3,"coastal_limit_km":5},"geometry":{"type":"Polygon","coordinates":[[[129.02566434079557,35.13261643381539],[129.0258325566662,35.14163046462209],[129.036806269263,35.14149176195456],[129.03663684474847,35.132477777227805],[129.02566434079557,35.13261643381539]]]}},{"type":"Feature","properties":{"chance":69,"depth_m":17.2,"coastal_limit_km":5},"geometry":{"type":"Polygon","coordinates":[[[129.036806269263,35.14149176195456],[129.0258325566662,35.14163046462209],[129.02583702546448,35.14186987529204],[129.02717232773017,35.14239470724375],[129.03209222085925,35.143873357000516],[129.03227300852038,35.14391977888499],[129.0368704565881,35.14490570642548],[129.036806269263,35.14149176195456]]]}},{"type":"Feature","properties":{"chance":61,"depth_m":10.9,"coastal_limit_km":5},"geometry":{"type":"Polygon","coordinates":[[[129.0332641038539,34.952195114505294],[129.04047872187536,34.95210381123419],[129.04001068932035,34.95157871724492],[129.0390174517508,34.95066230439206],[129.03799632946993,34.94964780461874],[129.0372714300221,34.94905126249641],[129.0365311532312,34.94836818699169],[129.0353180975737,34.94744373872734],[129.03437127020322,34.94666449840551],[129.03365455903398,34.9461759306666],[129.0331447802697,34.94578740782738],[129.0332641038539,34.952195114505294]]]}},{"type":"Feature","properties":{"chance":73,"depth_m":9.3,"coastal_limit_km":5},"geometry":{"type":"Polygon","coordinates":[[[129.0332641038539,34.952195114505294],[129.0334320305105,34.96120938179667],[129.04438159724506,34.96107061217307],[129.04429752892958,34.956590332454866],[129.0442013050154,34.956446621677884],[129.04415438424303,34.956383840036914],[129.04348583359462,34.95557656000596],[129.04310284307627,34.95504769671642],[129.04232851159875,34.95417903716276],[129.0412669266104,34.9528970682989],[129.0405583276025,34.95219312143264],[129.04047872187536,34.95210381123419],[129.0332641038539,34.952195114505294]]]}},{"type":"Feature","properties":{"chance":72,"depth_m":9.3,"coastal_limit_km":5},"geometry":{"type":"Polygon","coordinates":[[[129.0334320305105,34.96120938179667],[129.03360003174794,34.970223634977835],[129.0445507969474,34.97008481913439],[129.04438159724506,34.96107061217307],[129.0334320305105,34.96120938179667]]]}},{"type":"Feature","properties":{"chance":72,"depth_m":9.3,"coastal_limit_km":5},"geometry":{"type":"Polygon","coordinates":[[[129.03360003174794,34.970223634977835],[129.03376810759895,34.979237874046866],[129.0447200717952,34.97909901197364],[129.0445507969474,34.97008481913439],[129.03360003174794,34.970223634977835]]]}},{"type":"Feature","properties":{"chance":90,"depth_m":9.3,"coastal_limit_km":5},"geometry":{"type":"Polygon","coordinates":[[[129.03376810759895,34.979237874046866],[129.0339362580963,34.98825209900189],[129.04488942182147,34.98811319068891],[129.0447200717952,34.97909901197364],[129.03376810759895,34.979237874046866]]]}},{"type":"Feature","properties":{"chance":96,"depth_m":9.3,"coastal_limit_km":5},"geometry":{"type":"Polygon","coordinates":[[[129.0339362580963,34.98825209900189],[129.0341044832727,34.997266309841],[129.0450588470591,34.9971273552783],[129.04488942182147,34.98811319068891],[129.0339362580963,34.98825209900189]]]}},{"type":"Feature","properties":{"chance":89,"depth_m":9.3,"coastal_limit_km":5},"geometry":{"type":"Polygon","coordinates":[[[129.0450588470591,34.9971273552783],[129.0341044832727,34.997266309841],[129.03427278316093,35.00628050656227],[129.04276637525697,35.00617282866003],[129.04443224582957,35.004039486237474],[129.04446452700398,35.003993274226225],[129.04516660995318,35.002858724019305],[129.0450588470591,34.9971273552783]]]}},{"type":"Feature","properties":{"chance":59,"depth_m":9.3,"coastal_limit_km":5},"geometry":{"type":"Polygon","coordinates":[[[129.03427278316093,35.00628050656227],[129.03444115779376,35.015294689163824],[129.0453979233007,35.01515564207184],[129.04528397960544,35.00909918134234],[129.04178895591608,35.00742446785643],[129.04276637525697,35.00617282866003],[129.03427278316093,35.00628050656227]]]}},{"type":"Feature","properties":{"chance":54,"depth_m":9.3,"coastal_limit_km":5},"geometry":{"type":"Polygon","coordinates":[[[129.03444115779376,35.015294689163824],[129.03460960720412,35.02430885764377],[129.04556757437075,35.02416976427217],[129.0453979233007,35.01515564207184],[129.03444115779376,35.015294689163824]]]}},{"type":"Feature","properties":{"chance":57,"depth_m":9.3,"coastal_limit_km":5},"geometry":{"type":"Polygon","coordinates":[[[129.03460960720412,35.02430885764377],[129.03477813142476,35.03332301200019],[129.04573730078437,35.033183872339016],[129.04556757437075,35.02416976427217],[129.03460960720412,35.02430885764377]]]}},{"type":"Feature","properties":{"chance":73,"depth_m":9.3,"coastal_limit_km":5},"geometry":{"type":"Polygon","coordinates":[[[129.03477813142476,35.03332301200019],[129.03494673048857,35.04233715223121],[129.04590710257472,35.042197966270464],[129.04573730078437,35.033183872339016],[129.03477813142476,35.03332301200019]]]}},{"type":"Feature","properties":{"chance":77,"depth_m":9.3,"coastal_limit_km":5},"geometry":{"type":"Polygon","coordinates":[[[129.03494673048857,35.04233715223121],[129.03511540442844,35.05135127833493],[129.04607697977488,35.05121204606461],[129.04590710257472,35.042197966270464],[129.03494673048857,35.04233715223121]]]}},{"type":"Feature","properties":{"chance":69,"depth_m":9.3,"coastal_limit_km":5},"geometry":{"type":"Polygon","coordinates":[[[129.03511540442844,35.05135127833493],[129.03528415327727,35.06036539030944],[129.04624693241797,35.06022611171958],[129.04607697977488,35.05121204606461],[129.03511540442844,35.05135127833493]]]}},{"type":"Feature","properties":{"chance":85,"depth_m":9.3,"coastal_limit_km":5},"geometry":{"type":"Polygon","coordinates":[[[129.03528415327727,35.06036539030944],[129.03545297706805,35.069379488152876],[129.04641696053724,35.06924016323345],[129.04624693241797,35.06022611171958],[129.03528415327727,35.06036539030944]]]}},{"type":"Feature","properties":{"chance":94,"depth_m":9.3,"coastal_limit_km":5},"geometry":{"type":"Polygon","coordinates":[[[129.04641696053724,35.06924016323345],[129.03545297706805,35.069379488152876],[129.03562187583367,35.07839357186333],[129.04442910163814,35.07828170743336],[129.0448653,35.077862200000006],[129.045361,35.0775193],[129.0463063,35.076437600000006],[129.04654734521387,35.07614979526746],[129.04641696053724,35.06924016323345]]]}},{"type":"Feature","properties":{"chance":93,"depth_m":11.2,"coastal_limit_km":5},"geometry":{"type":"Polygon","coordinates":[[[129.03562187583367,35.07839357186333],[129.0357250096717,35.08389582389943],[129.0365555,35.08318520000001],[129.037891,35.0820849],[129.0380523,35.0819887],[129.03818020000003,35.08186799999999],[129.038538,35.0815303],[129.0394603,35.08074140000001],[129.0398152,35.08046100000001],[129.0401017,35.0805056],[129.0404753,35.080648],[129.0409222,35.0807462],[129.0411267,35.0808282],[129.0412758,35.08078089999999],[129.0417185,35.0805001],[129.0418642,35.0803377],[129.04268020000004,35.0796415],[129.0431251,35.0794607],[129.0432239,35.0793641],[129.043636,35.0789613],[129.0439513,35.078768],[129.0444158,35.0782945],[129.04442910163814,35.07828170743336],[129.03562187583367,35.07839357186333]]]}},{"type":"Feature","properties":{"chance":66,"depth_m":10.5,"coastal_limit_km":5},"geometry":{"type":"MultiPolygon","coordinates":[[[[129.03595989842154,35.096421696877755],[129.0422399878303,35.09634196072999],[129.0420434,35.0962806],[129.0419739,35.096261600000005],[129.0406921,35.0958707],[129.0400229,35.0955679],[129.0394986,35.0952387],[129.038818,35.09485130000001],[129.0387636,35.0948206],[129.0387268,35.0947965],[129.0386967,35.0947689],[129.0384593,35.093585000000004],[129.0384445,35.09356970000001],[129.0383767,35.093535200000005],[129.0383367,35.093540399999995],[129.037908,35.0936876],[129.0378879,35.09370470000002],[129.0374955,35.0948744],[129.036073,35.0945352],[129.0367104,35.0926569],[129.0374141,35.0923824],[129.0371326,35.0918519],[129.03588282893605,35.09231268015063],[129.03595989842154,35.096421696877755]]],[[[129.03583615800076,35.08982397886594],[129.0363558,35.089629499999994],[129.0360419,35.08904809999999],[129.03581968424757,35.08894545216588],[129.03583615800076,35.08982397886594]]]]}},{"type":"Feature","properties":{"chance":48,"depth_m":9.3,"coastal_limit_km":5},"geometry":{"type":"Polygon","coordinates":[[[129.03595989842154,35.096421696877755],[129.03612902230978,35.105435738177945],[129.0470978284399,35.105296227840164],[129.04693406048634,35.09662959397804],[129.0468049,35.0966695],[129.0454732,35.0971084],[129.045439,35.0971048],[129.0454236,35.09709089999999],[129.0453008,35.096835500000005],[129.0452184,35.09663329999999],[129.045208,35.0966175],[129.0451875,35.0966147],[129.0451095,35.0966272],[129.0441938,35.096952599999995],[129.0441616,35.0969548],[129.0441294,35.09694780000001],[129.0430257,35.096587199999995],[129.0422399878303,35.09634196072999],[129.03595989842154,35.096421696877755]]]}},{"type":"Feature","properties":{"chance":51,"depth_m":9.3,"coastal_limit_km":5},"geometry":{"type":"Polygon","coordinates":[[[129.03612902230978,35.105435738177945],[129.03629822130497,35.1144497653376],[129.04726823443823,35.11431020862018],[129.0470978284399,35.105296227840164],[129.03612902230978,35.105435738177945]]]}},{"type":"Feature","properties":{"chance":72,"depth_m":9.3,"coastal_limit_km":5},"geometry":{"type":"Polygon","coordinates":[[[129.03629822130497,35.1144497653376],[129.03646749544015,35.123463778354854],[129.0474387161122,35.12332417524773],[129.04726823443823,35.11431020862018],[129.03629822130497,35.1144497653376]]]}},{"type":"Feature","properties":{"chance":80,"depth_m":9.3,"coastal_limit_km":5},"geometry":{"type":"Polygon","coordinates":[[[129.03646749544015,35.123463778354854],[129.03663684474847,35.132477777227805],[129.04760927349517,35.13233812772097],[129.0474387161122,35.12332417524773],[129.03646749544015,35.123463778354854]]]}},{"type":"Feature","properties":{"chance":76,"depth_m":9.3,"coastal_limit_km":5},"geometry":{"type":"Polygon","coordinates":[[[129.03663684474847,35.132477777227805],[129.036806269263,35.14149176195456],[129.04777990662043,35.14135206603795],[129.04760927349517,35.13233812772097],[129.03663684474847,35.132477777227805]]]}},{"type":"Feature","properties":{"chance":71,"depth_m":9.3,"coastal_limit_km":5},"geometry":{"type":"Polygon","coordinates":[[[129.04777990662043,35.14135206603795],[129.036806269263,35.14149176195456],[129.0368704565881,35.14490570642548],[129.0373236057579,35.145002873911544],[129.04002299721586,35.14536111069001],[129.04015405703313,35.14539056187761],[129.0409210890848,35.14570423489937],[129.04603182613917,35.1472952439043],[129.04790026569785,35.147707791319355],[129.04777990662043,35.14135206603795]]]}},{"type":"Feature","properties":{"chance":84,"depth_m":16.5,"coastal_limit_km":5},"geometry":{"type":"Polygon","coordinates":[[[129.04438159724506,34.96107061217307],[129.047156114079,34.961035292430246],[129.0467269645015,34.96021850468097],[129.04602343125657,34.95916787210717],[129.04577941690619,34.95874354580677],[129.04524762834916,34.958009277276176],[129.04429752892958,34.956590332454866],[129.04438159724506,34.96107061217307]]]}},{"type":"Feature","properties":{"chance":85,"depth_m":18.4,"coastal_limit_km":5},"geometry":{"type":"Polygon","coordinates":[[[129.04438159724506,34.96107061217307],[129.0445507969474,34.97008481913439],[129.0508783046069,34.970004159026686],[129.05041352515943,34.96826976467266],[129.0498043160758,34.9667186021005],[129.04979212335587,34.96667949358656],[129.04976202695227,34.96661092350536],[129.04880404286516,34.96417157439155],[129.04812037334176,34.96287047102502],[129.04801598624113,34.96263261563027],[129.04777760863897,34.962218131839194],[129.047156114079,34.961035292430246],[129.04438159724506,34.96107061217307]]]}},{"type":"Feature","properties":{"chance":73,"depth_m":19.7,"coastal_limit_km":5},"geometry":{"type":"Polygon","coordinates":[[[129.0445507969474,34.97008481913439],[129.0447200717952,34.97909901197364],[129.05224612133605,34.97900301483194],[129.05217507285425,34.976750937047846],[129.0515406552644,34.97247568018303],[129.0508783046069,34.970004159026686],[129.0445507969474,34.97008481913439]]]}},{"type":"Feature","properties":{"chance":76,"depth_m":19.8,"coastal_limit_km":5},"geometry":{"type":"Polygon","coordinates":[[[129.0447200717952,34.97909901197364],[129.04488942182147,34.98811319068891],[129.05140450536524,34.988030097329236],[129.05194685009806,34.985353101976195],[129.05231091052406,34.98105651273692],[129.05224612133605,34.97900301483194],[129.0447200717952,34.97909901197364]]]}},{"type":"Feature","properties":{"chance":83,"depth_m":18.7,"coastal_limit_km":5},"geometry":{"type":"Polygon","coordinates":[[[129.04488942182147,34.98811319068891],[129.0450588470591,34.9971273552783],[129.0483188330453,34.99708581187342],[129.04898899519375,34.99566202280945],[129.0493035230788,34.99471998369875],[129.04973655598587,34.99376283807282],[129.0510861375057,34.98960147545693],[129.05140450536524,34.988030097329236],[129.04488942182147,34.98811319068891]]]}},{"type":"Feature","properties":{"chance":55,"depth_m":26.9,"coastal_limit_km":5},"geometry":{"type":"MultiPolygon","coordinates":[[[[129.05618383664395,35.00600151663036],[129.0561257181624,35.00293294103198],[129.05351679065055,35.00487659477744],[129.05221973451086,35.006052284093705],[129.05618383664395,35.00600151663036]]],[[[129.0450588470591,34.9971273552783],[129.04516660995318,35.002858724019305],[129.0469837412443,34.99992212120577],[129.0483188330453,34.99708581187342],[129.0450588470591,34.9971273552783]]]]}},{"type":"Feature","properties":{"chance":45,"depth_m":21.8,"coastal_limit_km":5},"geometry":{"type":"Polygon","coordinates":[[[129.0453979233007,35.01515564207184],[129.0563546134971,35.015015606363846],[129.05618383664395,35.00600151663036],[129.05221973451086,35.006052284093705],[129.04991202803365,35.00814394082314],[129.04775409895328,35.01053266665103],[129.04559268628364,35.009247096322234],[129.04528397960544,35.00909918134234],[129.0453979233007,35.01515564207184]]]}},{"type":"Feature","properties":{"chance":43,"depth_m":21.8,"coastal_limit_km":5},"geometry":{"type":"Polygon","coordinates":[[[129.0453979233007,35.01515564207184],[129.04556757437075,35.02416976427217],[129.0565254661938,35.02402968195569],[129.0563546134971,35.015015606363846],[129.0453979233007,35.01515564207184]]]}},{"type":"Feature","properties":{"chance":66,"depth_m":21.8,"coastal_limit_km":5},"geometry":{"type":"Polygon","coordinates":[[[129.04556757437075,35.02416976427217],[129.04573730078437,35.033183872339016],[129.05669639476733,35.03304374340398],[129.0565254661938,35.02402968195569],[129.04556757437075,35.02416976427217]]]}},{"type":"Feature","properties":{"chance":85,"depth_m":21.8,"coastal_limit_km":5},"geometry":{"type":"Polygon","coordinates":[[[129.04573730078437,35.033183872339016],[129.04590710257472,35.042197966270464],[129.05686739925105,35.042057790706835],[129.05669639476733,35.03304374340398],[129.04573730078437,35.033183872339016]]]}},{"type":"Feature","properties":{"chance":91,"depth_m":21.8,"coastal_limit_km":5},"geometry":{"type":"Polygon","coordinates":[[[129.04590710257472,35.042197966270464],[129.04607697977488,35.05121204606461],[129.05703847967834,35.051071823862316],[129.05686739925105,35.042057790706835],[129.04590710257472,35.042197966270464]]]}},{"type":"Feature","properties":{"chance":81,"depth_m":21.8,"coastal_limit_km":5},"geometry":{"type":"Polygon","coordinates":[[[129.04607697977488,35.05121204606461],[129.04624693241797,35.06022611171958],[129.05720963608255,35.06008584286855],[129.05703847967834,35.051071823862316],[129.04607697977488,35.05121204606461]]]}},{"type":"Feature","properties":{"chance":66,"depth_m":21.8,"coastal_limit_km":5},"geometry":{"type":"Polygon","coordinates":[[[129.04624693241797,35.06022611171958],[129.04641696053724,35.06924016323345],[129.05738086849712,35.06909984772363],[129.05720963608255,35.06008584286855],[129.04624693241797,35.06022611171958]]]}},{"type":"Feature","properties":{"chance":79,"depth_m":19.0,"coastal_limit_km":5},"geometry":{"type":"Polygon","coordinates":[[[129.05738086849712,35.06909984772363],[129.04641696053724,35.06924016323345],[129.04654734521387,35.07614979526746],[129.046629,35.0760523],[129.0468818,35.0758416],[129.0472096,35.0756691],[129.0473501,35.0754852],[129.0473781,35.07512119999999],[129.0474531,35.075236100000005],[129.0475467,35.0752323],[129.0476544,35.0752016],[129.0477855,35.075109700000006],[129.047948,35.07516150000001],[129.0482303,35.07507699999999],[129.0484119,35.0750212],[129.0485619,35.0749526],[129.0485057,35.074833000000005],[129.0485912,35.0748095],[129.0487108,35.0748635],[129.0490608,35.07471999999999],[129.0494174,35.0744305],[129.0497973,35.0740949],[129.05018600000002,35.0738709],[129.0505462,35.07366830000001],[129.0506276,35.07352709999999],[129.0505223,35.0734872],[129.0504889,35.07339470000001],[129.0506135,35.07336230000001],[129.05081,35.0734143],[129.0510345,35.07336389999998],[129.051298,35.073240000000006],[129.0516789,35.073041],[129.0518397,35.0729462],[129.0521305,35.07267639999999],[129.0526503,35.072254900000004],[129.0530389,35.07198280000001],[129.0534041,35.0717605],[129.0536897,35.0716302],[129.0539004,35.0716073],[129.0542094,35.07156890000002],[129.0543218,35.0714463],[129.0545372,35.07127],[129.0548479,35.07102650000001],[129.0550788,35.071127399999995],[129.0551025,35.0709979],[129.0553021,35.0709605],[129.0555826,35.070967],[129.0557486,35.0709324],[129.0559044,35.0708715],[129.0559465,35.0707259],[129.0560589,35.0706377],[129.0561759,35.070653099999994],[129.0563492,35.070576400000014],[129.056279,35.0704385],[129.0564288,35.070404],[129.0566348,35.070522800000006],[129.0568221,35.0705074],[129.0565927,35.0704078],[129.0565599,35.07030050000001],[129.0567284,35.070289],[129.0568642,35.0703963],[129.0569298,35.07034269999999],[129.056897,35.0702315],[129.0570796,35.07014720000001],[129.0570543,35.070046100000006],[129.0568933,35.06991119999999],[129.0568483,35.06980690000001],[129.0569007,35.0696506],[129.0568858,35.0695034],[129.0569794,35.0694299],[129.0570805,35.06947279999999],[129.0572041,35.0694391],[129.057354,35.069497299999995],[129.05738921907778,35.06953933571625],[129.05738086849712,35.06909984772363]]]}},{"type":"Feature","properties":{"chance":50,"depth_m":17.2,"coastal_limit_km":5},"geometry":{"type":"Polygon","coordinates":[[[129.04845888952212,35.09626268077055],[129.0491848,35.0960232],[129.0488474,35.0953546],[129.0486495,35.09539259999999],[129.0480093,35.09551549999999],[129.0475458,35.0956764],[129.0475961,35.09580809999999],[129.0473999,35.0958794],[129.0474142,35.0959512],[129.0470142,35.09605770000002],[129.04711272598195,35.09627986902918],[129.04845888952212,35.09626268077055]]]}},{"type":"Feature","properties":{"chance":46,"depth_m":20.8,"coastal_limit_km":5},"geometry":{"type":"Polygon","coordinates":[[[129.0470978284399,35.105296227840164],[129.0580665589277,35.105155725594315],[129.0579969603019,35.101498927806965],[129.0573748,35.100769899999996],[129.0567603,35.10053390000001],[129.0563532,35.100930600000005],[129.0552552,35.1008285],[129.0554409,35.10174889999999],[129.0552339,35.1019704],[129.0552342,35.10203669999999],[129.0551104,35.10207499999999],[129.0550498,35.10195300000001],[129.055163,35.1019447],[129.0553583,35.101725],[129.0551724,35.100873],[129.0549723,35.1008076],[129.0549398,35.1007969],[129.0547223,35.100725800000006],[129.0539519,35.1004739],[129.0551117,35.09790499999999],[129.0546182,35.0977426],[129.0534058,35.10033210000001],[129.05314290000004,35.10024870000001],[129.0542427,35.097795299999994],[129.0537438,35.09767239999999],[129.05261720000001,35.1001038],[129.051086,35.099612099999995],[129.0510179,35.0994939],[129.0517687,35.09799979999999],[129.052345,35.0967711],[129.0521081,35.0967038],[129.052132,35.0966523],[129.0519076,35.09658],[129.0518829,35.09662980000001],[129.0517729,35.096592900000005],[129.0513212,35.0976017],[129.051158,35.09755150000001],[129.050793,35.09743929999999],[129.0502409,35.0972695],[129.0497198,35.0984702],[129.0486383,35.1008966],[129.0484576,35.1008502],[129.0484872,35.10078469999999],[129.0485429,35.10079910000001],[129.0495859,35.0984348],[129.0477549,35.097938199999994],[129.0475546,35.097237199999995],[129.0478738,35.09645569999999],[129.04845888952212,35.09626268077055],[129.04711272598195,35.09627986902918],[129.04722760000004,35.0965389],[129.04693406048634,35.09662959397804],[129.0470978284399,35.105296227840164]]]}},{"type":"Feature","properties":{"chance":58,"depth_m":21.8,"coastal_limit_km":5},"geometry":{"type":"Polygon","coordinates":[[[129.0470978284399,35.105296227840164],[129.04726823443823,35.11431020862018],[129.05823817189588,35.11416965966507],[129.0580665589277,35.105155725594315],[129.0470978284399,35.105296227840164]]]}},{"type":"Feature","properties":{"chance":81,"depth_m":21.8,"coastal_limit_km":5},"geometry":{"type":"Polygon","coordinates":[[[129.04726823443823,35.11431020862018],[129.0474387161122,35.12332417524773],[129.05840986107526,35.12318357957329],[129.05823817189588,35.11416965966507],[129.04726823443823,35.11431020862018]]]}},{"type":"Feature","properties":{"chance":92,"depth_m":21.8,"coastal_limit_km":5},"geometry":{"type":"Polygon","coordinates":[[[129.0474387161122,35.12332417524773],[129.04760927349517,35.13233812772097],[129.05858162649952,35.13219748531705],[129.05840986107526,35.12318357957329],[129.0474387161122,35.12332417524773]]]}},{"type":"Feature","properties":{"chance":87,"depth_m":21.8,"coastal_limit_km":5},"geometry":{"type":"Polygon","coordinates":[[[129.04760927349517,35.13233812772097],[129.04777990662043,35.14135206603795],[129.05875346820216,35.14121137689446],[129.05858162649952,35.13219748531705],[129.04760927349517,35.13233812772097]]]}},{"type":"Feature","properties":{"chance":72,"depth_m":21.8,"coastal_limit_km":5},"geometry":{"type":"Polygon","coordinates":[[[129.05875346820216,35.14121137689446],[129.04777990662043,35.14135206603795],[129.04790026569785,35.147707791319355],[129.05131004759824,35.14846057800818],[129.05670332090656,35.14918866227282],[129.0589077987828,35.14930330744197],[129.05875346820216,35.14121137689446]]]}},{"type":"Feature","properties":{"chance":58,"depth_m":34.6,"coastal_limit_km":5},"geometry":{"type":"Polygon","coordinates":[[[129.05618383664395,35.00600151663036],[129.0671392499365,35.0058605392558],[129.0669673483661,34.99684648229975],[129.06683593965056,34.99684817878736],[129.06639987191704,34.99701803948223],[129.06180039230182,34.999286893031005],[129.05749227671367,35.00191479531115],[129.0561257181624,35.00293294103198],[129.05618383664395,35.00600151663036]]]}},{"type":"Feature","properties":{"chance":70,"depth_m":33.0,"coastal_limit_km":5},"geometry":{"type":"Polygon","coordinates":[[[129.05618383664395,35.00600151663036],[129.0563546134971,35.015015606363846],[129.06731122784996,35.01487458206202],[129.0671392499365,35.0058605392558],[129.05618383664395,35.00600151663036]]]}},{"type":"Feature","properties":{"chance":69,"depth_m":33.0,"coastal_limit_km":5},"geometry":{"type":"Polygon","coordinates":[[[129.0563546134971,35.015015606363846],[129.0565254661938,35.02402968195569],[129.06748328213996,35.02388861071649],[129.06731122784996,35.01487458206202],[129.0563546134971,35.015015606363846]]]}},{"type":"Feature","properties":{"chance":63,"depth_m":33.0,"coastal_limit_km":5},"geometry":{"type":"Polygon","coordinates":[[[129.0565254661938,35.02402968195569],[129.05669639476733,35.03304374340398],[129.06765541284008,35.03290262521728],[129.06748328213996,35.02388861071649],[129.0565254661938,35.02402968195569]]]}},{"type":"Feature","properties":{"chance":81,"depth_m":33.0,"coastal_limit_km":5},"geometry":{"type":"Polygon","coordinates":[[[129.05669639476733,35.03304374340398],[129.05686739925105,35.042057790706835],[129.06782761998383,35.041916625562536],[129.06765541284008,35.03290262521728],[129.05669639476733,35.03304374340398]]]}},{"type":"Feature","properties":{"chance":87,"depth_m":33.0,"coastal_limit_km":5},"geometry":{"type":"Polygon","coordinates":[[[129.05686739925105,35.042057790706835],[129.05703847967834,35.051071823862316],[129.06799990360489,35.05093061175027],[129.06782761998383,35.041916625562536],[129.05686739925105,35.042057790706835]]]}},{"type":"Feature","properties":{"chance":77,"depth_m":33.0,"coastal_limit_km":5},"geometry":{"type":"Polygon","coordinates":[[[129.05703847967834,35.051071823862316],[129.05720963608255,35.06008584286855],[129.06817226373678,35.059944583778616],[129.06799990360489,35.05093061175027],[129.05703847967834,35.051071823862316]]]}},{"type":"Feature","properties":{"chance":56,"depth_m":31.6,"coastal_limit_km":5},"geometry":{"type":"Polygon","coordinates":[[[129.06817226373678,35.059944583778616],[129.05720963608255,35.06008584286855],[129.05738086849712,35.06909984772363],[129.0642323823471,35.06901165898696],[129.0643548,35.0689639],[129.06463190000002,35.0688167],[129.0646582,35.068730900000006],[129.0647855,35.06862360000001],[129.0647148,35.06851660000001],[129.0647854,35.0684416],[129.0652264,35.06875230000001],[129.0654661,35.068532],[129.0653397,35.06844],[129.0651304,35.0686198],[129.0648213,35.06839560000001],[129.0648937,35.0683391],[129.0650706,35.06847109999999],[129.0652109,35.0683187],[129.0653103,35.06810419999999],[129.0644416,35.067922100000004],[129.0640824,35.068101500000004],[129.0639563,35.0679764],[129.064478,35.0677162],[129.065455,35.067921199999994],[129.0656111,35.0677169],[129.065555,35.06749529999999],[129.06553,35.0673799],[129.0655186,35.0668797],[129.0656205,35.066730099999994],[129.065505,35.0666259],[129.0656295,35.0664775],[129.0655092,35.0663231],[129.0652849,35.0663867],[129.0652369,35.06625210000001],[129.0655335,35.0660358],[129.0656455,35.0658273],[129.0657104,35.0653688],[129.0656011,35.065011399999996],[129.0654138,35.0645938],[129.0653701,35.06430000000001],[129.064834,35.0641894],[129.0648354,35.0640051],[129.0649553,35.06396590000001],[129.0648444,35.0635612],[129.0647485,35.063495],[129.0646556,35.06332080000001],[129.0647021,35.0631031],[129.0649043,35.06329139999999],[129.0650122,35.063239900000006],[129.0649629,35.0630614],[129.0650314,35.0627915],[129.065322,35.0629363],[129.0653857,35.063102699999995],[129.0654334,35.062934600000006],[129.0654154,35.0627678],[129.0655143,35.0626967],[129.0655892,35.062767799999996],[129.065787,35.0627139],[129.0661406,35.0627973],[129.0662365,35.062709],[129.0664283,35.062709000000005],[129.066656,35.06266240000001],[129.0670276,35.0628831],[129.0672194,35.06276050000001],[129.067363,35.0625637],[129.0677588,35.0625937],[129.0681333,35.062392499999994],[129.0682181169257,35.06234190621222],[129.06820801131045,35.06181358310773],[129.0681142,35.0617582],[129.0680982,35.061463],[129.06820128709413,35.06146203241039],[129.06817226373678,35.059944583778616]]]}},{"type":"Feature","properties":{"chance":40,"depth_m":32.5,"coastal_limit_km":5},"geometry":{"type":"Polygon","coordinates":[[[129.05738086849712,35.06909984772363],[129.05738921907778,35.06953933571625],[129.0574439,35.0696046],[129.0574963,35.0695218],[129.0576049,35.06956780000001],[129.0576536,35.0694513],[129.0577922,35.069482],[129.0579046,35.069576999999995],[129.0579533,35.069672],[129.0578821,35.0697732],[129.0580057,35.0697824],[129.0581406,35.06981309999999],[129.0581368,35.0697364],[129.05827540000004,35.0696996],[129.058208,35.0696291],[129.0585451,35.069524900000005],[129.0585826,35.0696598],[129.0585601,35.069797699999995],[129.0586163,35.0699142],[129.0587923,35.0699786],[129.0590246,35.0699847],[129.0592606,35.0699694],[129.0595752,35.0698621],[129.0597175,35.06978850000001],[129.060006,35.0697701],[129.0601371,35.06967199999999],[129.0602344,35.0695985],[129.060212,35.0695249],[129.0603955,35.0694391],[129.0604592,35.0695494],[129.0605865,35.069518800000004],[129.0608263,35.0695188],[129.0609199,35.0695862],[129.0609424,35.0694881],[129.0612083,35.06947280000001],[129.0614406,35.0695096],[129.0614968,35.0696445],[129.0615417,35.0697272],[129.061699,35.0697395],[129.0617178,35.0696322],[129.0618114,35.0696322],[129.0619275,35.0696537],[129.0621635,35.0696322],[129.0624407,35.06956470000001],[129.0627441,35.0695556],[129.0630025,35.06954940000001],[129.0631786,35.069518800000004],[129.0633884,35.06940530000001],[129.063703,35.06927350000001],[129.0640326,35.06908959999999],[129.0642323823471,35.06901165898696],[129.05738086849712,35.06909984772363]]]}},{"type":"Feature","properties":{"chance":75,"depth_m":33.7,"coastal_limit_km":5},"geometry":{"type":"Polygon","coordinates":[[[129.0580665589277,35.105155725594315],[129.06903521323778,35.10501423146267],[129.0688624700464,35.096000330259905],[129.06824351639156,35.09600833932751],[129.0667069,35.0967354],[129.0659679,35.09709420000001],[129.0650251,35.09753859999999],[129.0621458,35.09888539999999],[129.062119,35.0988805],[129.0621042,35.0988684],[129.0614316,35.0979464],[129.0614152,35.0979465],[129.0613944,35.097953600000004],[129.0611675,35.098076199999994],[129.0611681,35.0980888],[129.0611728,35.098108],[129.0618335,35.099032199999996],[129.0591444,35.100368],[129.059127,35.100392400000004],[129.0591344,35.10040939999999],[129.0591639,35.1004369],[129.059202,35.1004517],[129.0592544,35.100461100000004],[129.059298,35.1004638],[129.0593409,35.10046930000001],[129.0596701,35.100720499999994],[129.0604252,35.1012307],[129.0604667,35.1012318],[129.0607778,35.1009937],[129.0609643,35.1008994],[129.0611305,35.100853400000005],[129.0613224,35.10083689999999],[129.0615236,35.1008643],[129.0616536,35.10090379999999],[129.0617916,35.100974],[129.0619037,35.1010576],[129.0619947,35.1011798],[129.0620578,35.10130749999999],[129.0620814,35.1014054],[129.0620787,35.101528099999996],[129.0620623,35.10161970000001],[129.0619883,35.1018227],[129.06185110000004,35.10199529999999],[129.061655,35.1021447],[129.0618006,35.1022581],[129.0635438,35.103596200000005],[129.0635038,35.1036355],[129.0635906,35.10380719999999],[129.0635854,35.1038334],[129.062892,35.1044013],[129.0624624,35.104030099999996],[129.0631776,35.1034394],[129.0631974,35.1034104],[129.0617139,35.1023028],[129.0612467,35.1026871],[129.0591994,35.10098390000001],[129.058958,35.100764399999996],[129.0587723,35.10064810000001],[129.0587367,35.10063610000001],[129.0586931,35.10063989999999],[129.0585993,35.1006854],[129.0589854,35.101279],[129.0592535,35.1017858],[129.0595777,35.10219430000001],[129.0599348,35.102501000000004],[129.0599958,35.10246860000001],[129.0600531,35.1025407],[129.059234,35.1029872],[129.0591738,35.1029144],[129.0592255,35.1028834],[129.0583546,35.10179709999999],[129.0581561,35.1016854],[129.0579969603019,35.101498927806965],[129.0580665589277,35.105155725594315]]]}},{"type":"Feature","properties":{"chance":66,"depth_m":33.0,"coastal_limit_km":5},"geometry":{"type":"Polygon","coordinates":[[[129.0580665589277,35.105155725594315],[129.05823817189588,35.11416965966507],[129.06920803314222,35.114028118494595],[129.06903521323778,35.10501423146267],[129.0580665589277,35.105155725594315]]]}},{"type":"Feature","properties":{"chance":75,"depth_m":33.0,"coastal_limit_km":5},"geometry":{"type":"Polygon","coordinates":[[[129.05823817189588,35.11416965966507],[129.05840986107526,35.12318357957329],[129.0693809297935,35.1230419913538],[129.06920803314222,35.114028118494595],[129.05823817189588,35.11416965966507]]]}},{"type":"Feature","properties":{"chance":85,"depth_m":33.0,"coastal_limit_km":5},"geometry":{"type":"Polygon","coordinates":[[[129.05840986107526,35.12318357957329],[129.05858162649952,35.13219748531705],[129.06955390322545,35.13205585003838],[129.0693809297935,35.1230419913538],[129.05840986107526,35.12318357957329]]]}},{"type":"Feature","properties":{"chance":81,"depth_m":33.0,"coastal_limit_km":5},"geometry":{"type":"Polygon","coordinates":[[[129.05858162649952,35.13219748531705],[129.05875346820216,35.14121137689446],[129.06972695347184,35.1410696945464],[129.06955390322545,35.13205585003838],[129.05858162649952,35.13219748531705]]]}},{"type":"Feature","properties":{"chance":64,"depth_m":33.0,"coastal_limit_km":5},"geometry":{"type":"Polygon","coordinates":[[[129.06972695347184,35.1410696945464],[129.05875346820216,35.14121137689446],[129.0589077987828,35.14930330744197],[129.06215806548187,35.14947226554072],[129.0676200875706,35.14930857253463],[129.069880307703,35.149054257496985],[129.06972695347184,35.1410696945464]]]}},{"type":"Feature","properties":{"chance":49,"depth_m":44.0,"coastal_limit_km":5},"geometry":{"type":"Polygon","coordinates":[[[129.0669673483661,34.99684648229975],[129.07792148482156,34.99670456392837],[129.07785627403308,34.993307775899474],[129.07580676728028,34.99376003635721],[129.07130464956415,34.99511015792996],[129.07124667311564,34.995129947374494],[129.06696641171445,34.9967973557982],[129.0669673483661,34.99684648229975]]]}},{"type":"Feature","properties":{"chance":67,"depth_m":41.9,"coastal_limit_km":5},"geometry":{"type":"Polygon","coordinates":[[[129.0669673483661,34.99684648229975],[129.0671392499365,35.0058605392558],[129.078094586886,35.00571857363855],[129.07792148482156,34.99670456392837],[129.0669673483661,34.99684648229975]]]}},{"type":"Feature","properties":{"chance":83,"depth_m":41.9,"coastal_limit_km":5},"geometry":{"type":"Polygon","coordinates":[[[129.0671392499365,35.0058605392558],[129.06731122784996,35.01487458206202],[129.07826776582627,35.014732569188716],[129.078094586886,35.00571857363855],[129.0671392499365,35.0058605392558]]]}},{"type":"Feature","properties":{"chance":83,"depth_m":41.9,"coastal_limit_km":5},"geometry":{"type":"Polygon","coordinates":[[[129.06731122784996,35.01487458206202],[129.06748328213996,35.02388861071649],[129.07844102167604,35.023746550576945],[129.07826776582627,35.014732569188716],[129.06731122784996,35.01487458206202]]]}},{"type":"Feature","properties":{"chance":69,"depth_m":41.9,"coastal_limit_km":5},"geometry":{"type":"Polygon","coordinates":[[[129.06748328213996,35.02388861071649],[129.06765541284008,35.03290262521728],[129.07861435446915,35.032760517801314],[129.07844102167604,35.023746550576945],[129.06748328213996,35.02388861071649]]]}},{"type":"Feature","properties":{"chance":61,"depth_m":41.9,"coastal_limit_km":5},"geometry":{"type":"Polygon","coordinates":[[[129.06765541284008,35.03290262521728],[129.06782761998383,35.041916625562536],[129.07878776423937,35.04177447085991],[129.07861435446915,35.032760517801314],[129.06765541284008,35.03290262521728]]]}},{"type":"Feature","properties":{"chance":66,"depth_m":41.9,"coastal_limit_km":5},"geometry":{"type":"Polygon","coordinates":[[[129.06782761998383,35.041916625562536],[129.06799990360489,35.05093061175027],[129.07896125102056,35.05078840975083],[129.07878776423937,35.04177447085991],[129.06782761998383,35.041916625562536]]]}},{"type":"Feature","properties":{"chance":61,"depth_m":41.9,"coastal_limit_km":5},"geometry":{"type":"Polygon","coordinates":[[[129.07896125102056,35.05078840975083],[129.06799990360489,35.05093061175027],[129.06817226373678,35.059944583778616],[129.07001643597255,35.05992072327399],[129.0699849,35.0597872],[129.07016144154852,35.05991884595484],[129.07043544587322,35.059915298075936],[129.0704737,35.0599005],[129.0702789,35.0597214],[129.0706355,35.0598195],[129.0705546,35.0596258],[129.0707447,35.059647999999996],[129.070505,35.05939769999999],[129.0704702,35.05928740000001],[129.0706355,35.05923080000001],[129.0708542,35.0594246],[129.0711719,35.05903709999999],[129.0709361,35.058851],[129.0708522,35.058613],[129.0709927,35.05855199999999],[129.0717101,35.0587847],[129.0718911,35.0588482],[129.0720613,35.0587406],[129.0722237,35.0587304],[129.0725333,35.0590178],[129.0724814,35.05912779999999],[129.0726675,35.05912289999999],[129.0728742,35.0593217],[129.0732201,35.0597559],[129.07331937672564,35.059877918635515],[129.07740255379682,35.05982487811026],[129.0774022,35.0598088],[129.0775978,35.05974079999999],[129.0777614,35.05975080000001],[129.0779449,35.059786199999984],[129.0780975,35.0596369],[129.0781649,35.0596698],[129.0783692,35.0594946],[129.0783888,35.0594159],[129.0782774,35.0592534],[129.0786443,35.05892],[129.079065,35.05884],[129.07911555590422,35.05880233187535],[129.0791086255001,35.05844246501973],[129.079072,35.05846939999999],[129.0789613,35.0585484],[129.0788212,35.0584712],[129.07910331749244,35.05816683808392],[129.07896125102056,35.05078840975083]]]}},{"type":"Feature","properties":{"chance":47,"depth_m":43.2,"coastal_limit_km":5},"geometry":{"type":"MultiPolygon","coordinates":[[[[129.0682181169257,35.06234190621222],[129.06854,35.0621499],[129.0684899,35.06198],[129.06820801131045,35.06181358310773],[129.0682181169257,35.06234190621222]]],[[[129.06817226373678,35.059944583778616],[129.06820128709413,35.06146203241039],[129.0686308,35.061458],[129.0687327,35.0613648],[129.0689424,35.0614212],[129.0690353,35.06132310000001],[129.069096,35.061123699999996],[129.0693665,35.0613105],[129.0695747,35.061207800000005],[129.0695387,35.061046],[129.0695387,35.06093560000001],[129.0693619,35.06094290000001],[129.069296,35.0607737],[129.0694429,35.0607075],[129.0695717,35.0606658],[129.0695507,35.0605284],[129.0697096,35.0604376],[129.069734,35.060346900000006],[129.0696171,35.0602708],[129.0698294,35.06022430000001],[129.0700572,35.060261],[129.0702729,35.0601433],[129.0700302,35.059979],[129.07001643597255,35.05992072327399],[129.06817226373678,35.059944583778616]]],[[[129.07016144154852,35.05991884595484],[129.0702519,35.0599863],[129.07043544587322,35.059915298075936],[129.07016144154852,35.05991884595484]]],[[[129.07331937672564,35.059877918635515],[129.07366320000003,35.0603005],[129.0740331,35.06051110000001],[129.0745106,35.060555300000004],[129.0744561,35.06066820000001],[129.0748478,35.0606828],[129.0752866,35.0608913],[129.0759375,35.0608839],[129.0765793,35.060755199999996],[129.0770375,35.06058759999999],[129.0774153,35.060347400000005],[129.0775943,35.06014100000001],[129.07762,35.0600067],[129.0775609,35.0599085],[129.0774482,35.05992470000001],[129.0774164,35.059968],[129.0773383,35.0600002],[129.0772809,35.059891099999994],[129.0774031,35.05984970000001],[129.07740255379682,35.05982487811026],[129.07331937672564,35.059877918635515]]]]}},{"type":"Feature","properties":{"chance":65,"depth_m":45.0,"coastal_limit_km":5},"geometry":{"type":"MultiPolygon","coordinates":[[[[129.07954534133737,35.08110679053408],[129.0793716,35.08138149999999],[129.0795523015827,35.08146780223684],[129.07954534133737,35.08110679053408]]],[[[129.07965596893212,35.08684402359931],[129.07955507905012,35.08161186119863],[129.0792612,35.082011900000005],[129.0783552,35.08335100000001],[129.0778431,35.08310240000001],[129.0777685,35.0832199],[129.0776302,35.083328],[129.07766970000003,35.0833774],[129.0775653,35.0834359],[129.0775343,35.0834458],[129.0775222,35.08348699999999],[129.077539,35.083539099999996],[129.0776069,35.083582400000004],[129.0776932,35.0836428],[129.0777764,35.08369],[129.0779132,35.0837591],[129.0779816,35.08380960000001],[129.07813180000002,35.08393360000001],[129.0782216,35.0840094],[129.0784603,35.08418489999999],[129.0789056,35.0844988],[129.0793025,35.0847633],[129.079322,35.084773199999994],[129.0793388,35.0847754],[129.0795674,35.08474129999999],[129.0795842,35.08474520000001],[129.0796025,35.084850200000005],[129.0795969,35.084859900000005],[129.0793562,35.0848895],[129.0793334,35.0848961],[129.0793227,35.0849131],[129.0793093,35.0849553],[129.0792891,35.0849883],[129.0785435,35.0857005],[129.0777901,35.086397299999994],[129.0775725,35.0865581],[129.0775611,35.0865779],[129.0775598,35.086592700000004],[129.0776024137349,35.086870763699025],[129.07965596893212,35.08684402359931]]]]}},{"type":"Feature","properties":{"chance":81,"depth_m":43.2,"coastal_limit_km":5},"geometry":{"type":"Polygon","coordinates":[[[129.0688624700464,35.096000330259905],[129.07982984127625,35.095857891623076],[129.07965596893212,35.08684402359931],[129.0776024137349,35.086870763699025],[129.0776074,35.0869033],[129.0776101,35.086926000000005],[129.0776067,35.0869292],[129.0775997,35.086933699999996],[129.07638700000004,35.087731500000004],[129.0763226,35.0877899],[129.0757178,35.088448400000004],[129.0752342,35.0890054],[129.075166,35.0890793],[129.0751327,35.0891197],[129.0750734,35.08918839999999],[129.0749917,35.08927619999999],[129.0748927,35.0893891],[129.0748297,35.0894604],[129.0747498,35.0895499],[129.0745356,35.0897789],[129.0743284,35.090007199999995],[129.0739367,35.0904618],[129.0736082,35.090834],[129.0731724,35.091327299999996],[129.0720177,35.0926156],[129.0708416,35.0939453],[129.06885378995727,35.09554728910111],[129.0688624700464,35.096000330259905]]]}},{"type":"Feature","properties":{"chance":86,"depth_m":41.9,"coastal_limit_km":5},"geometry":{"type":"Polygon","coordinates":[[[129.0688624700464,35.096000330259905],[129.06903521323778,35.10501423146267],[129.0800037908348,35.10487174546767],[129.07982984127625,35.095857891623076],[129.0688624700464,35.096000330259905]]]}},{"type":"Feature","properties":{"chance":76,"depth_m":41.9,"coastal_limit_km":5},"geometry":{"type":"Polygon","coordinates":[[[129.06903521323778,35.10501423146267],[129.06920803314222,35.114028118494595],[129.08017781764175,35.1138855851312],[129.0800037908348,35.10487174546767],[129.06903521323778,35.10501423146267]]]}},{"type":"Feature","properties":{"chance":55,"depth_m":41.9,"coastal_limit_km":5},"geometry":{"type":"Polygon","coordinates":[[[129.06920803314222,35.114028118494595],[129.0693809297935,35.1230419913538],[129.0803519217311,35.122899410611744],[129.08017781764175,35.1138855851312],[129.06920803314222,35.114028118494595]]]}},{"type":"Feature","properties":{"chance":62,"depth_m":41.9,"coastal_limit_km":5},"geometry":{"type":"Polygon","coordinates":[[[129.0693809297935,35.1230419913538],[129.06955390322545,35.13205585003838],[129.08052610313692,35.1319132219074],[129.0803519217311,35.122899410611744],[129.0693809297935,35.1230419913538]]]}},{"type":"Feature","properties":{"chance":60,"depth_m":41.9,"coastal_limit_km":5},"geometry":{"type":"Polygon","coordinates":[[[129.06955390322545,35.13205585003838],[129.06972695347184,35.1410696945464],[129.08070036189324,35.140927019016246],[129.08052610313692,35.1319132219074],[129.06955390322545,35.13205585003838]]]}},{"type":"Feature","properties":{"chance":47,"depth_m":41.9,"coastal_limit_km":5},"geometry":{"type":"Polygon","coordinates":[[[129.08087469803417,35.149940801936424],[129.08070036189324,35.140927019016246],[129.06972695347184,35.1410696945464],[129.069880307703,35.149054257496985],[129.07042617215623,35.14899283148521],[129.07059325610274,35.15007453967551],[129.08087469803417,35.149940801936424]]]}},{"type":"Feature","properties":{"chance":51,"depth_m":42.8,"coastal_limit_km":5},"geometry":{"type":"Polygon","coordinates":[[[129.08104911159376,35.15895457066599],[129.08087469803417,35.149940801936424],[129.07059325610274,35.15007453967551],[129.07061816318344,35.15023578631492],[129.07182123949096,35.15455998535763],[129.07353614900012,35.158766101538866],[129.0736913883204,35.15905038770434],[129.08104911159376,35.15895457066599]]]}},{"type":"Feature","properties":{"chance":56,"depth_m":44.1,"coastal_limit_km":5},"geometry":{"type":"Polygon","coordinates":[[[129.0812236026062,35.16796832520305],[129.08104911159376,35.15895457066599],[129.0736913883204,35.15905038770434],[129.07574635193092,35.16281338042874],[129.07843050026636,35.16666260099852],[129.07958071526042,35.16798976347096],[129.0812236026062,35.16796832520305]]]}},{"type":"Feature","properties":{"chance":66,"depth_m":45.0,"coastal_limit_km":5},"geometry":{"type":"Polygon","coordinates":[[[129.0812236026062,35.16796832520305],[129.07958071526042,35.16798976347096],[129.08126157014803,35.169929098354416],[129.0812236026062,35.16796832520305]]]}},{"type":"Feature","properties":{"chance":60,"depth_m":47.8,"coastal_limit_km":5},"geometry":{"type":"Polygon","coordinates":[[[129.07792148482156,34.99670456392837],[129.08887554443498,34.9965616576655],[129.08878336824046,34.99179319079381],[129.08515372654884,34.992053941074516],[129.08043491503705,34.99273869663344],[129.07785627403308,34.993307775899474],[129.07792148482156,34.99670456392837]]]}},{"type":"Feature","properties":{"chance":65,"depth_m":47.8,"coastal_limit_km":5},"geometry":{"type":"Polygon","coordinates":[[[129.07792148482156,34.99670456392837],[129.078094586886,35.00571857363855],[129.08904984695974,35.00557561980108],[129.08887554443498,34.9965616576655],[129.07792148482156,34.99670456392837]]]}},{"type":"Feature","properties":{"chance":79,"depth_m":47.8,"coastal_limit_km":5},"geometry":{"type":"Polygon","coordinates":[[[129.078094586886,35.00571857363855],[129.07826776582627,35.014732569188716],[129.08922422689304,35.0145895677664],[129.08904984695974,35.00557561980108],[129.078094586886,35.00571857363855]]]}},{"type":"Feature","properties":{"chance":80,"depth_m":47.8,"coastal_limit_km":5},"geometry":{"type":"Polygon","coordinates":[[[129.07826776582627,35.014732569188716],[129.07844102167604,35.023746550576945],[129.08939868426884,35.023603501559535],[129.08922422689304,35.0145895677664],[129.07826776582627,35.014732569188716]]]}},{"type":"Feature","properties":{"chance":66,"depth_m":47.8,"coastal_limit_km":5},"geometry":{"type":"Polygon","coordinates":[[[129.07844102167604,35.023746550576945],[129.07861435446915,35.032760517801314],[129.08957321912112,35.03261742117855],[129.08939868426884,35.023603501559535],[129.07844102167604,35.023746550576945]]]}},{"type":"Feature","properties":{"chance":40,"depth_m":47.8,"coastal_limit_km":5},"geometry":{"type":"Polygon","coordinates":[[[129.07861435446915,35.032760517801314],[129.07878776423937,35.04177447085991],[129.08974783148398,35.04163132662153],[129.08957321912112,35.03261742117855],[129.07861435446915,35.032760517801314]]]}},{"type":"Feature","properties":{"chance":34,"depth_m":47.8,"coastal_limit_km":5},"geometry":{"type":"Polygon","coordinates":[[[129.08974783148398,35.04163132662153],[129.07878776423937,35.04177447085991],[129.07896125102056,35.05078840975083],[129.08222779521202,35.05074584110064],[129.0822825,35.05067220000001],[129.0823951,35.0506788],[129.08236470004877,35.050744055075455],[129.08245401407243,35.05074288982443],[129.082536,35.0506783],[129.0830091,35.050349],[129.083342,35.0502814],[129.0835257,35.0502682],[129.0836678,35.0502792],[129.0837847,35.050226200000004],[129.0839092,35.05025830000001],[129.0840366,35.0502528],[129.0840753,35.0503073],[129.0843876,35.0502651],[129.0846423,35.0501056],[129.0852131,35.050000999999995],[129.0855253,35.0500179],[129.0858301,35.0498901],[129.085724,35.0498398],[129.0855601,35.04964240000001],[129.0856111,35.0495765],[129.0855467,35.0494052],[129.0858157,35.0493114],[129.0863474,35.04927639999999],[129.087005,35.049240100000006],[129.0871549,35.04941529999999],[129.0871096,35.0494979],[129.0871669,35.04951739999999],[129.0872204,35.0495606],[129.0872718,35.0496381],[129.0873469,35.0495853],[129.0873672,35.0495146],[129.087483,35.0494533],[129.0876607,35.04939519999999],[129.0881668,35.0494854],[129.0884006,35.0497087],[129.088206,35.0497417],[129.0881724,35.04981840000001],[129.0884189,35.049804400000006],[129.0884805,35.04989],[129.0888404,35.0499563],[129.0890862,35.0500835],[129.0892031,35.0499437],[129.0893874,35.04994150000001],[129.089553,35.050125400000006],[129.0894968,35.0502528],[129.0895837,35.0504024],[129.08991876745608,35.05045155936303],[129.08974783148398,35.04163132662153]],[[129.0816656,35.050235300000004],[129.0816334,35.0502682],[129.081502,35.05024399999999],[129.0815932,35.050116700000004],[129.0816694,35.050100400000005],[129.0817373,35.0501567],[129.0816656,35.050235300000004]],[[129.0827143,35.0502462],[129.0826687,35.0503363],[129.0821913,35.0503341],[129.08219220000004,35.050202399999996],[129.0823603,35.050203100000004],[129.0825695,35.0502199],[129.0827143,35.0502462]],[[129.0849325,35.0492669],[129.0849084,35.04920979999999],[129.0849808,35.0492098],[129.0849888,35.04925810000001],[129.0849325,35.0492669]],[[129.0850586,35.0498268],[129.0851122,35.04980489999999],[129.08519,35.0498949],[129.0851176,35.049921299999994],[129.0850586,35.0498268]],[[129.0847743,35.050045299999994],[129.0846992,35.049959699999995],[129.0846723,35.04990810000001],[129.0845583,35.0498334],[129.0846227,35.049793900000004],[129.084848,35.0499751],[129.0848909,35.05004089999999],[129.0847743,35.050045299999994]],[[129.0843397,35.050075],[129.0842673,35.0497873],[129.0843802,35.049768300000004],[129.0844578,35.04983120000001],[129.0846643,35.04993879999999],[129.0846562,35.0500486],[129.0845919,35.05010349999999],[129.0845436,35.0501013],[129.0843397,35.050075]],[[129.0835257,35.0500201],[129.0835793,35.05000249999999],[129.0836316,35.0500772],[129.0835766,35.0500991],[129.0835257,35.0500201]],[[129.0837148,35.05005520000001],[129.0838395,35.0501397],[129.0838194,35.050173799999996],[129.0837175,35.0501935],[129.0836504,35.0501035],[129.0837148,35.05005520000001]],[[129.08362760000003,35.05019570000001],[129.0836209,35.05022869999999],[129.0834922,35.0502495],[129.0834211,35.0502166],[129.0834935,35.0501189],[129.0835847,35.050189100000004],[129.08362760000003,35.05019570000001]]]}},{"type":"Feature","properties":{"chance":48,"depth_m":46.0,"coastal_limit_km":5},"geometry":{"type":"MultiPolygon","coordinates":[[[[129.07911555590422,35.05880233187535],[129.0792886,35.058673399999996],[129.0793936,35.0586118],[129.0792652,35.058521600000006],[129.0792918,35.0584876],[129.079168,35.0583988],[129.0791086255001,35.05844246501973],[129.07911555590422,35.05880233187535]]],[[[129.07896125102056,35.05078840975083],[129.07910331749244,35.05816683808392],[129.0797152,35.05750669999999],[129.0795705,35.05735550000001],[129.0796827,35.0570793],[129.0795194,35.056776],[129.0795556,35.0567147],[129.0796595,35.0566723],[129.0795634,35.05652169999999],[129.0796438,35.0563534],[129.0797811,35.05625789999999],[129.0799546,35.056266599999994],[129.08007,35.0563146],[129.0801227,35.05627750000001],[129.0800501,35.05606000000001],[129.0802041,35.0560356],[129.08021,35.055929899999995],[129.0803176,35.0559],[129.0804493,35.0559194],[129.0804927,35.0559693],[129.0805468,35.055988],[129.0807036,35.0562165],[129.0806549,35.0562431],[129.0807159,35.0563297],[129.0808045,35.0563882],[129.0813505,35.0561111],[129.0815716,35.05598129999999],[129.0816245,35.055868000000004],[129.0817543,35.05558359999999],[129.081835,35.05547450000001],[129.0818773,35.0554401],[129.0818272,35.0553734],[129.0817488,35.0553596],[129.0816999,35.055147899999994],[129.0818122,35.055126],[129.0819445,35.0548941],[129.0821214,35.054827800000005],[129.08208,35.054649999999995],[129.0820123,35.0545815],[129.0819236,35.05403299999999],[129.0817349,35.054010899999994],[129.0814998,35.0539021],[129.0815545,35.05368639999999],[129.0814622,35.053535],[129.081511,35.0531394],[129.081499,35.052501899999996],[129.0816809,35.0524238],[129.0818757,35.0525783],[129.0818278,35.0521417],[129.0819212,35.0520653],[129.0822023,35.0520583],[129.0820225,35.0519209],[129.0820093,35.0516188],[129.0821574,35.0515628],[129.0821963,35.05145240000001],[129.082487,35.05150139999999],[129.082216,35.0512781],[129.0821022,35.05107689999999],[129.0823013,35.0508632],[129.08245401407243,35.05074288982443],[129.08236470004877,35.050744055075455],[129.0823603,35.0507535],[129.08227980000004,35.050828100000004],[129.0821993,35.05078420000001],[129.08222779521202,35.05074584110064],[129.07896125102056,35.05078840975083]]]]}},{"type":"Feature","properties":{"chance":75,"depth_m":48.9,"coastal_limit_km":5},"geometry":{"type":"Polygon","coordinates":[[[129.09027213397655,35.06867295787501],[129.09013399749122,35.06155188268346],[129.0896603,35.06175470000001],[129.0896009,35.061894],[129.0893799,35.06196760000001],[129.0892114,35.06217300000001],[129.0893462,35.0622221],[129.0894436,35.0622926],[129.0893316,35.06234899999999],[129.0891085,35.06225640000001],[129.0886675,35.06250299999999],[129.0886645,35.06266049999999],[129.0884989,35.0626909],[129.08834,35.06261],[129.0880301,35.0626836],[129.0877913,35.06287800000001],[129.0874771,35.063144900000005],[129.0874658,35.0633473],[129.087301,35.063335000000016],[129.0873278,35.06345530000001],[129.0871737,35.0634331],[129.0868904,35.0638227],[129.0866292,35.0643488],[129.0866867,35.06446940000001],[129.0865025,35.06450290000001],[129.0864994,35.0647331],[129.0861811,35.064730000000004],[129.08620510000003,35.0648522],[129.0860986,35.0650274],[129.08601,35.06531],[129.085829,35.065518],[129.0856829,35.06586750000001],[129.085754,35.06589199999999],[129.0858514,35.06610969999999],[129.0855742,35.0662783],[129.0854169,35.06675959999999],[129.0855742,35.0668608],[129.0854828,35.0669052],[129.0853008,35.06685160000001],[129.0852371,35.0670631],[129.0851884,35.0672256],[129.0849899,35.0673605],[129.0848754,35.0673724],[129.0846044,35.067552400000004],[129.0845691,35.067882],[129.0846994,35.06789700000001],[129.084763,35.0679273],[129.0846764,35.0680225],[129.0846672,35.06844220000001],[129.0847775,35.0684638],[129.08477749999898,35.06874489260758],[129.09027213397655,35.06867295787501]]]}},{"type":"Feature","properties":{"chance":74,"depth_m":48.6,"coastal_limit_km":5},"geometry":{"type":"MultiPolygon","coordinates":[[[[129.09027213397655,35.06867295787501],[129.08477749999898,35.06874489260758],[129.0847775,35.06875999999999],[129.0847908,35.0693886],[129.0848526,35.0696487],[129.0848526,35.0697101],[129.0847555,35.06975349999999],[129.0840405,35.0715777],[129.0839875,35.07159570000001],[129.083705,35.071487399999995],[129.0838242,35.071165900000004],[129.0838948,35.0711912],[129.0842832,35.0702104],[129.0842126,35.0701942],[129.0842832,35.07002799999999],[129.0843627,35.070046100000006],[129.084473,35.069681200000005],[129.0815821,35.070190499999995],[129.0815997,35.070230300000006],[129.081311,35.0710426],[129.0813377,35.0710563],[129.0814214,35.0711411],[129.0814849,35.0711795],[129.0816053,35.071212300000006],[129.0816622,35.0712178],[129.0816655,35.0711822],[129.081709,35.0711795],[129.0818261,35.0712424],[129.0816722,35.0712479],[129.0815384,35.071237],[129.0813946,35.0711932],[129.081331,35.071163],[129.0812675,35.0711056],[129.0811872,35.0710864],[129.0814816,35.0702076],[129.0813,35.0698611],[129.0811282,35.069720499999995],[129.08096,35.069874],[129.0804942,35.07037720000001],[129.0804935,35.070378],[129.080392,35.0703383],[129.0802366,35.0704166],[129.080046,35.07063089999999],[129.0800736,35.0706617],[129.0800799,35.07075559999999],[129.0800079,35.0708417],[129.0800186,35.0709446],[129.0800145,35.0710432],[129.0799481,35.07139539999999],[129.0804213,35.0716514],[129.08049150000002,35.071611700000005],[129.0844752,35.07353320000001],[129.0858301,35.0741597],[129.08601220000003,35.0741584],[129.0868244,35.07275550000001],[129.0870117,35.0727477],[129.0903392,35.0738465],[129.0903744994709,35.073948385836076],[129.09027213397655,35.06867295787501]],[[129.084616,35.0735006],[129.0846455,35.0734216],[129.08497,35.07355330000001],[129.0849191,35.07363670000001],[129.084616,35.0735006]]],[[[129.08856679032863,35.07771145621365],[129.08790090000002,35.0773268],[129.0877041,35.0774284],[129.0876503,35.0773723],[129.087877,35.077229599999995],[129.0879613,35.077142],[129.0880509,35.07717649999999],[129.0880773,35.0771534],[129.0880811,35.0771304],[129.0879884,35.0770594],[129.0881537,35.0768191],[129.0876073,35.0766041],[129.0872649,35.0770817],[129.0875239,35.07748219999999],[129.087401,35.0775644],[129.0867251,35.07659769999999],[129.0855608,35.074972200000005],[129.0857161,35.07476390000001],[129.085682,35.0747199],[129.0857912,35.074561300000006],[129.0844729,35.0739727],[129.0844238,35.0739801],[129.0842321,35.0738922],[129.0834175,35.075148199999994],[129.0834815,35.0752547],[129.0834777,35.075351100000006],[129.08330690000003,35.0756143],[129.0833338,35.07567190000001],[129.0833704,35.0756648],[129.0833541,35.07575919999999],[129.0833128,35.07582120000001],[129.0832486,35.07583939999999],[129.0832313,35.07582529999999],[129.0831495,35.07582459999999],[129.0828657,35.0762422],[129.0824901,35.07680679999999],[129.0825369,35.0768822],[129.0825035,35.0769677],[129.0824243,35.0770226],[129.0823339,35.0770417],[129.0820873,35.0774163],[129.0820202,35.077668100000004],[129.08194760690523,35.077797999275234],[129.08856679032863,35.07771145621365]]]]}},{"type":"Feature","properties":{"chance":62,"depth_m":47.8,"coastal_limit_km":5},"geometry":{"type":"Polygon","coordinates":[[[129.07965596893212,35.08684402359931],[129.09062205714943,35.08670064112859],[129.09046926750952,35.0788310512588],[129.0898147,35.078432299999996],[129.08856679032863,35.07771145621365],[129.08194760690523,35.077797999275234],[129.0819295,35.0778304],[129.0817925,35.0780131],[129.0816313,35.078166],[129.0814607,35.0782973],[129.080881,35.0791606],[129.0807513,35.079375799999994],[129.080787,35.0794548],[129.08074710000002,35.07955030000001],[129.080658,35.0796055],[129.08057670000002,35.0796043],[129.0801296,35.0802532],[129.0801558,35.08028010000001],[129.0801661,35.0803081],[129.0801967,35.0803071],[129.080194,35.0803638],[129.08016840000002,35.0804152],[129.08013070000004,35.08045469999999],[129.0800758,35.0804838],[129.0800612,35.0804677],[129.0800174,35.08048139999999],[129.0799679,35.08048230000001],[129.0798441,35.0806782],[129.07986,35.080804199999996],[129.0798125,35.08092760000001],[129.0796969,35.0810231],[129.0795731,35.0810629],[129.07954534133737,35.08110679053408],[129.0795523015827,35.08146780223684],[129.0796327,35.08150620000001],[129.07955507905012,35.08161186119863],[129.07965596893212,35.08684402359931]]]}},{"type":"Feature","properties":{"chance":74,"depth_m":47.8,"coastal_limit_km":5},"geometry":{"type":"Polygon","coordinates":[[[129.07965596893212,35.08684402359931],[129.07982984127625,35.095857891623076],[129.0907971352917,35.095714461475005],[129.09062205714943,35.08670064112859],[129.07965596893212,35.08684402359931]]]}},{"type":"Feature","properties":{"chance":80,"depth_m":47.8,"coastal_limit_km":5},"geometry":{"type":"Polygon","coordinates":[[[129.07982984127625,35.095857891623076],[129.0800037908348,35.10487174546767],[129.09097229118342,35.10472826763194],[129.0907971352917,35.095714461475005],[129.07982984127625,35.095857891623076]]]}},{"type":"Feature","properties":{"chance":71,"depth_m":47.8,"coastal_limit_km":5},"geometry":{"type":"Polygon","coordinates":[[[129.0800037908348,35.10487174546767],[129.08017781764175,35.1138855851312],[129.09114752485888,35.11374205959749],[129.09097229118342,35.10472826763194],[129.0800037908348,35.10487174546767]]]}},{"type":"Feature","properties":{"chance":49,"depth_m":47.8,"coastal_limit_km":5},"geometry":{"type":"Polygon","coordinates":[[[129.08017781764175,35.1138855851312],[129.0803519217311,35.122899410611744],[129.09132283635228,35.12275583736973],[129.09114752485888,35.11374205959749],[129.08017781764175,35.1138855851312]]]}},{"type":"Feature","properties":{"chance":29,"depth_m":47.8,"coastal_limit_km":5},"geometry":{"type":"Polygon","coordinates":[[[129.0803519217311,35.122899410611744],[129.08052610313692,35.1319132219074],[129.0914982256979,35.13176960094678],[129.09132283635228,35.12275583736973],[129.0803519217311,35.122899410611744]]]}},{"type":"Feature","properties":{"chance":50,"depth_m":47.8,"coastal_limit_km":5},"geometry":{"type":"Polygon","coordinates":[[[129.08052610313692,35.1319132219074],[129.08070036189324,35.140927019016246],[129.09167369293002,35.140783350326686],[129.0914982256979,35.13176960094678],[129.08052610313692,35.1319132219074]]]}},{"type":"Feature","properties":{"chance":68,"depth_m":47.8,"coastal_limit_km":5},"geometry":{"type":"Polygon","coordinates":[[[129.08070036189324,35.140927019016246],[129.08087469803417,35.149940801936424],[129.091849238083,35.14979708550756],[129.09167369293002,35.140783350326686],[129.08070036189324,35.140927019016246]]]}},{"type":"Feature","properties":{"chance":73,"depth_m":47.8,"coastal_limit_km":5},"geometry":{"type":"Polygon","coordinates":[[[129.08087469803417,35.149940801936424],[129.08104911159376,35.15895457066599],[129.09202486119116,35.1588108064875],[129.091849238083,35.14979708550756],[129.08087469803417,35.149940801936424]]]}},{"type":"Feature","properties":{"chance":65,"depth_m":47.8,"coastal_limit_km":5},"geometry":{"type":"Polygon","coordinates":[[[129.08104911159376,35.15895457066599],[129.0812236026062,35.16796832520305],[129.0922005622889,35.167824513264584],[129.09202486119116,35.1588108064875],[129.08104911159376,35.15895457066599]]]}},{"type":"Feature","properties":{"chance":67,"depth_m":48.3,"coastal_limit_km":5},"geometry":{"type":"Polygon","coordinates":[[[129.09237634141056,35.176838205836894],[129.0922005622889,35.167824513264584],[129.0812236026062,35.16796832520305],[129.08126157014803,35.169929098354416],[129.081562642334,35.170276456498534],[129.08214793752754,35.17088586532338],[129.0829013796244,35.17159591388939],[129.08310891700785,35.17183576400265],[129.08341796117557,35.17215807435387],[129.08506015385615,35.17370819795016],[129.08650175713277,35.175374263115074],[129.08681570041892,35.17570167523034],[129.08711617563577,35.17598530329994],[129.0877689742629,35.176738256097046],[129.0878418974323,35.176814163282586],[129.0878857225519,35.17689717194707],[129.09237634141056,35.176838205836894]]]}},{"type":"Feature","properties":{"chance":70,"depth_m":49.1,"coastal_limit_km":5},"geometry":{"type":"Polygon","coordinates":[[[129.09237634141056,35.176838205836894],[129.0878857225519,35.17689717194707],[129.0887110171125,35.17846031697196],[129.09123882234084,35.182220124116334],[129.09251114340785,35.18374793243675],[129.09237634141056,35.176838205836894]]]}},{"type":"Feature","properties":{"chance":74,"depth_m":50.0,"coastal_limit_km":5},"geometry":{"type":"Polygon","coordinates":[[[129.08887554443498,34.9965616576655],[129.09982952667386,34.996417763533735],[129.09974454316554,34.99205152679115],[129.0956357654087,34.99171276417259],[129.09040568516855,34.99169391627052],[129.08992714645507,34.991710999991135],[129.08878336824046,34.99179319079381],[129.08887554443498,34.9965616576655]]]}},{"type":"Feature","properties":{"chance":60,"depth_m":50.0,"coastal_limit_km":5},"geometry":{"type":"Polygon","coordinates":[[[129.08887554443498,34.9965616576655],[129.08904984695974,35.00557561980108],[129.10000502962498,35.005431677766026],[129.09982952667386,34.996417763533735],[129.08887554443498,34.9965616576655]]]}},{"type":"Feature","properties":{"chance":60,"depth_m":50.0,"coastal_limit_km":5},"geometry":{"type":"Polygon","coordinates":[[[129.08904984695974,35.00557561980108],[129.08922422689304,35.0145895677664],[129.10018061051733,35.014445577817746],[129.10000502962498,35.005431677766026],[129.08904984695974,35.00557561980108]]]}},{"type":"Feature","properties":{"chance":62,"depth_m":50.0,"coastal_limit_km":5},"geometry":{"type":"Polygon","coordinates":[[[129.08922422689304,35.0145895677664],[129.08939868426884,35.023603501559535],[129.1003562693851,35.02345946368694],[129.10018061051733,35.014445577817746],[129.08922422689304,35.0145895677664]]]}},{"type":"Feature","properties":{"chance":51,"depth_m":50.0,"coastal_limit_km":5},"geometry":{"type":"Polygon","coordinates":[[[129.08939868426884,35.023603501559535],[129.08957321912112,35.03261742117855],[129.10053200626254,35.032473335371684],[129.1003562693851,35.02345946368694],[129.08939868426884,35.023603501559535]]]}},{"type":"Feature","properties":{"chance":49,"depth_m":50.0,"coastal_limit_km":5},"geometry":{"type":"Polygon","coordinates":[[[129.08957321912112,35.03261742117855],[129.08974783148398,35.04163132662153],[129.10070782118393,35.04148719287005],[129.10053200626254,35.032473335371684],[129.08957321912112,35.03261742117855]],[[129.0923132,35.0368497],[129.0922447,35.03676380000001],[129.0923027,35.036744],[129.0926188,35.0367635],[129.0927242,35.03680440000001],[129.0927321,35.03674190000001],[129.0927815,35.0367269],[129.0928647,35.0367638],[129.0930623,35.036834000000006],[129.0932031,35.0369441],[129.0933935,35.03723159999999],[129.0933829,35.03732],[129.0931353,35.0374538],[129.0933012,35.037499100000005],[129.09330910000003,35.03767810000001],[129.0931846,35.0377939],[129.0930799,35.03780540000001],[129.0929456,35.037745],[129.0929432,35.03767020000001],[129.0928375,35.03764580000001],[129.0926531,35.03743],[129.0926268,35.037512],[129.0925451,35.0376544],[129.092445,35.0376264],[129.0922447,35.03753379999999],[129.0921999,35.037393400000006],[129.0922157,35.0372963],[129.0921525,35.03724450000001],[129.09216300000003,35.037199199999996],[129.0922553,35.037209999999995],[129.0922184,35.0371302],[129.0922105,35.0370439],[129.0922632,35.03694039999999],[129.0923132,35.0368497]]]}},{"type":"Feature","properties":{"chance":40,"depth_m":50.0,"coastal_limit_km":5},"geometry":{"type":"Polygon","coordinates":[[[129.1008837141836,35.05050103618011],[129.10070782118393,35.04148719287005],[129.08974783148398,35.04163132662153],[129.08991876745608,35.05045155936303],[129.0900022,35.0504638],[129.0903575064343,35.05063951504602],[129.09085684609548,35.05063296656505],[129.0907395,35.050575599999995],[129.0905786,35.05056239999999],[129.09040690000003,35.050421899999996],[129.0905544,35.050288],[129.0906993,35.05045700000001],[129.0908253,35.0504592],[129.0909836,35.0506129],[129.0909669672859,35.050631522127986],[129.1008837141836,35.05050103618011]]]}},{"type":"Feature","properties":{"chance":66,"depth_m":50.0,"coastal_limit_km":5},"geometry":{"type":"Polygon","coordinates":[[[129.10105968529584,35.05951486529993],[129.1008837141836,35.05050103618011],[129.0909669672859,35.050631522127986],[129.0909326,35.05067],[129.09085684609548,35.05063296656505],[129.0903575064343,35.05063951504602],[129.0904238,35.050672299999995],[129.0907984,35.0506574],[129.0911839,35.0507998],[129.0913222,35.0509422],[129.0915542,35.0509765],[129.09195000000003,35.05123390000001],[129.0917383,35.051429899999995],[129.0920992,35.0514376],[129.0924111,35.0516385],[129.0924781,35.0517955],[129.0922566,35.0518449],[129.0928689,35.0521142],[129.0931099,35.0521779],[129.0932455,35.052517],[129.09306,35.0526465],[129.0927473,35.05266180000001],[129.0925233,35.05269849999999],[129.0927342,35.0528296],[129.0927099,35.0529807],[129.0925001,35.0530021],[129.0925188,35.053130900000006],[129.0924319,35.0532],[129.0923063,35.0531356],[129.09218550000003,35.0532536],[129.092193,35.0536522],[129.0923702,35.05409569999999],[129.0927401,35.0545389],[129.0929592,35.0545057],[129.0933066,35.0545897],[129.0934189,35.0548744],[129.0931556,35.0548235],[129.0932118,35.0552007],[129.0934291,35.05550420000001],[129.0936621,35.055428500000005],[129.09385880000002,35.0554719],[129.0937287,35.055679],[129.0939947,35.0558262],[129.0941013,35.0558687],[129.0941445,35.0560163],[129.094358,35.05623090000001],[129.0943663,35.05635800000001],[129.0947861,35.05653999999999],[129.0949225,35.05647080000001],[129.0950601,35.0565701],[129.0950547,35.0567552],[129.0949536,35.0568595],[129.094755,35.0568288],[129.0948936,35.0570496],[129.0946651,35.0571078],[129.0948712,35.057294899999995],[129.0951034,35.0575156],[129.0951371,35.05770570000001],[129.0949086,35.057782399999994],[129.0950322,35.05788969999999],[129.0956166,35.0579878],[129.0957402,35.0581411],[129.0952699,35.0581444],[129.0953806,35.05824540000001],[129.0955716,35.0582331],[129.0956915,35.058469200000005],[129.0958886,35.058323400000006],[129.0961941,35.0584688],[129.0959874,35.058815700000004],[129.096111,35.05894450000001],[129.0959504,35.05908910000001],[129.09628,35.0593975],[129.09641042110889,35.059576155619354],[129.10105968529584,35.05951486529993]]]}},{"type":"Feature","properties":{"chance":82,"depth_m":50.0,"coastal_limit_km":5},"geometry":{"type":"Polygon","coordinates":[[[129.09027213397655,35.06867295787501],[129.101235734555,35.068528680227594],[129.10105968529584,35.05951486529993],[129.09641042110889,35.059576155619354],[129.0964325,35.0596064],[129.0963315,35.059926600000004],[129.0961744,35.05985849999999],[129.0957889,35.06005129999999],[129.0955058,35.0600167],[129.0953155,35.0601148],[129.0950659,35.0600636],[129.0947326,35.0600636],[129.0945453,35.0601525],[129.0941712,35.0603356],[129.0939692,35.0603006],[129.0940526,35.06043059999999],[129.0938111,35.0606032],[129.0939699,35.060680100000006],[129.093444,35.0607228],[129.0933804,35.06063389999999],[129.0931369,35.0606369],[129.0932679,35.06084129999999],[129.0929009,35.0608362],[129.0927586,35.06064310000001],[129.0921227,35.060838200000006],[129.0917454,35.0610184],[129.0916236,35.06092819999999],[129.0915112,35.060873],[129.0913389,35.060965],[129.0909569,35.06106930000001],[129.0908333,35.06121029999999],[129.0906788,35.06138760000001],[129.0904812,35.0614372],[129.0903754,35.0615789],[129.090144,35.061547600000004],[129.09013399749122,35.06155188268346],[129.09027213397655,35.06867295787501]]]}},{"type":"Feature","properties":{"chance":83,"depth_m":50.0,"coastal_limit_km":5},"geometry":{"type":"Polygon","coordinates":[[[129.1014118619954,35.07754248096118],[129.101235734555,35.068528680227594],[129.09027213397655,35.06867295787501],[129.0903744994709,35.073948385836076],[129.090443,35.07414609999999],[129.0907666,35.07421229999999],[129.0910606,35.074133399999994],[129.0912031,35.074224],[129.0912191,35.0746439],[129.0911232,35.0747293],[129.0913899,35.07525209999999],[129.0916206,35.075433600000004],[129.0918108,35.075359399999996],[129.0920132,35.075517],[129.091866,35.0756218],[129.09218790000003,35.07593310000001],[129.0923368,35.07590689999999],[129.0925555,35.0760099],[129.0929631,35.0761914],[129.0937333,35.07634770000001],[129.0941827,35.0764342],[129.0942786,35.0765543],[129.0943865,35.07645130000001],[129.0945543,35.076412100000006],[129.0948271,35.0764752],[129.0948779,35.07663279999999],[129.0950787,35.0768437],[129.0951116,35.0769909],[129.09500980000004,35.07700559999999],[129.0951039,35.07711509999999],[129.09541915594863,35.07762148361733],[129.1014118619954,35.07754248096118]]]}},{"type":"Feature","properties":{"chance":64,"depth_m":50.0,"coastal_limit_km":5},"geometry":{"type":"Polygon","coordinates":[[[129.09062205714943,35.08670064112859],[129.1015880676515,35.086556267498764],[129.1014118619954,35.07754248096118],[129.09541915594863,35.07762148361733],[129.0954201,35.07762300000001],[129.0955962,35.0781354],[129.095699,35.07831269999999],[129.0957259,35.0786952],[129.0955791,35.0787565],[129.0954682,35.07885949999999],[129.0955372,35.0789821],[129.095651,35.078942899999994],[129.0957829,35.079038499999996],[129.0956091,35.079244499999994],[129.0959722,35.0793364],[129.0960624,35.07944919999999],[129.0960757,35.0795998],[129.0960375,35.07977],[129.0958399,35.0799732],[129.0960733,35.080080800000005],[129.0959761,35.08029009999999],[129.0960331,35.080367100000004],[129.0959604,35.08045810000001],[129.0958128,35.080554],[129.0951836,35.0805589],[129.0950008,35.0804658],[129.094818,35.0804412],[129.0947281,35.080527100000005],[129.094477,35.0805917],[129.0941273,35.08053720000001],[129.0938766,35.0805512],[129.0935941,35.0805328],[129.0936527,35.08044430000001],[129.0935112,35.0803717],[129.0931219,35.08033759999999],[129.0926415,35.0802483],[129.0921445,35.0799958],[129.0918194,35.079789399999996],[129.0913081,35.0793855],[129.0911482,35.07928819999999],[129.0909216,35.0791066],[129.09046926750952,35.0788310512588],[129.09062205714943,35.08670064112859]]]}},{"type":"Feature","properties":{"chance":54,"depth_m":50.0,"coastal_limit_km":5},"geometry":{"type":"Polygon","coordinates":[[[129.09062205714943,35.08670064112859],[129.0907971352917,35.095714461475005],[129.10176435155768,35.09557003983842],[129.1015880676515,35.086556267498764],[129.09062205714943,35.08670064112859]]]}},{"type":"Feature","properties":{"chance":59,"depth_m":50.0,"coastal_limit_km":5},"geometry":{"type":"Polygon","coordinates":[[[129.0907971352917,35.095714461475005],[129.09097229118342,35.10472826763194],[129.10194071374838,35.104583797978215],[129.10176435155768,35.09557003983842],[129.0907971352917,35.095714461475005]]]}},{"type":"Feature","properties":{"chance":53,"depth_m":50.0,"coastal_limit_km":5},"geometry":{"type":"Polygon","coordinates":[[[129.09097229118342,35.10472826763194],[129.09114752485888,35.11374205959749],[129.10211715425805,35.11359754191623],[129.10194071374838,35.104583797978215],[129.09097229118342,35.10472826763194]]]}},{"type":"Feature","properties":{"chance":47,"depth_m":50.0,"coastal_limit_km":5},"geometry":{"type":"Polygon","coordinates":[[[129.09114752485888,35.11374205959749],[129.09132283635228,35.12275583736973],[129.1022936731212,35.12261127165057],[129.10211715425805,35.11359754191623],[129.09114752485888,35.11374205959749]]]}},{"type":"Feature","properties":{"chance":46,"depth_m":50.0,"coastal_limit_km":5},"geometry":{"type":"Polygon","coordinates":[[[129.09132283635228,35.12275583736973],[129.0914982256979,35.13176960094678],[129.10247027037235,35.131624987179286],[129.1022936731212,35.12261127165057],[129.09132283635228,35.12275583736973]]]}},{"type":"Feature","properties":{"chance":58,"depth_m":50.0,"coastal_limit_km":5},"geometry":{"type":"Polygon","coordinates":[[[129.0914982256979,35.13176960094678],[129.09167369293002,35.140783350326686],[129.10264694604598,35.14063868850049],[129.10247027037235,35.131624987179286],[129.0914982256979,35.13176960094678]]]}},{"type":"Feature","properties":{"chance":78,"depth_m":50.0,"coastal_limit_km":5},"geometry":{"type":"Polygon","coordinates":[[[129.09167369293002,35.140783350326686],[129.091849238083,35.14979708550756],[129.10282370017669,35.14965237561224],[129.10264694604598,35.14063868850049],[129.09167369293002,35.140783350326686]]]}},{"type":"Feature","properties":{"chance":84,"depth_m":50.0,"coastal_limit_km":5},"geometry":{"type":"Polygon","coordinates":[[[129.091849238083,35.14979708550756],[129.09202486119116,35.1588108064875],[129.10300053279903,35.158666048512636],[129.10282370017669,35.14965237561224],[129.091849238083,35.14979708550756]]]}},{"type":"Feature","properties":{"chance":74,"depth_m":50.0,"coastal_limit_km":5},"geometry":{"type":"Polygon","coordinates":[[[129.09202486119116,35.1588108064875],[129.0922005622889,35.167824513264584],[129.10317744394763,35.16767970719976],[129.10300053279903,35.158666048512636],[129.09202486119116,35.1588108064875]]]}},{"type":"Feature","properties":{"chance":53,"depth_m":50.0,"coastal_limit_km":5},"geometry":{"type":"Polygon","coordinates":[[[129.0922005622889,35.167824513264584],[129.09237634141056,35.176838205836894],[129.10335443365713,35.17669335167169],[129.10317744394763,35.16767970719976],[129.0922005622889,35.167824513264584]]]}},{"type":"Feature","properties":{"chance":54,"depth_m":50.0,"coastal_limit_km":5},"geometry":{"type":"Polygon","coordinates":[[[129.10353150196215,35.18570698192653],[129.10335443365713,35.17669335167169],[129.09237634141056,35.176838205836894],[129.09251114340785,35.18374793243675],[129.09419123077973,35.185765276443554],[129.09425641925895,35.18582945758607],[129.10353150196215,35.18570698192653]]]}},{"type":"Feature","properties":{"chance":45,"depth_m":49.9,"coastal_limit_km":5},"geometry":{"type":"Polygon","coordinates":[[[129.10353150196215,35.18570698192653],[129.09425641925895,35.18582945758607],[129.0975414669803,35.18906356114852],[129.10125912956732,35.192085005181966],[129.10135853977695,35.19215843472422],[129.10368890133455,35.19371599847484],[129.10353150196215,35.18570698192653]]]}},{"type":"Feature","properties":{"chance":75,"depth_m":48.7,"coastal_limit_km":5},"geometry":{"type":"Polygon","coordinates":[[[129.09982952667386,34.996417763533735],[129.11078343100576,34.996272881555896],[129.11074187008236,34.994152221571056],[129.10597056992003,34.992977143850226],[129.10083985090105,34.99214180924633],[129.09974454316554,34.99205152679115],[129.09982952667386,34.996417763533735]]]}},{"type":"Feature","properties":{"chance":58,"depth_m":48.4,"coastal_limit_km":5},"geometry":{"type":"Polygon","coordinates":[[[129.09982952667386,34.996417763533735],[129.10000502962498,35.005431677766026],[129.110960134349,35.0052867475562],[129.11078343100576,34.996272881555896],[129.09982952667386,34.996417763533735]]]}},{"type":"Feature","properties":{"chance":30,"depth_m":48.4,"coastal_limit_km":5},"geometry":{"type":"Polygon","coordinates":[[[129.10000502962498,35.005431677766026],[129.10018061051733,35.014445577817746],[129.11113691616615,35.014300599365534],[129.110960134349,35.0052867475562],[129.10000502962498,35.005431677766026]]]}},{"type":"Feature","properties":{"chance":40,"depth_m":48.4,"coastal_limit_km":5},"geometry":{"type":"Polygon","coordinates":[[[129.10018061051733,35.014445577817746],[129.1003562693851,35.02345946368694],[129.11131377649167,35.02331443698196],[129.11113691616615,35.014300599365534],[129.10018061051733,35.014445577817746]]]}},{"type":"Feature","properties":{"chance":62,"depth_m":48.4,"coastal_limit_km":5},"geometry":{"type":"Polygon","coordinates":[[[129.1003562693851,35.02345946368694],[129.10053200626254,35.032473335371684],[129.11149071536,35.032328260403524],[129.11131377649167,35.02331443698196],[129.1003562693851,35.02345946368694]]]}},{"type":"Feature","properties":{"chance":71,"depth_m":48.4,"coastal_limit_km":5},"geometry":{"type":"Polygon","coordinates":[[[129.10053200626254,35.032473335371684],[129.10070782118393,35.04148719287005],[129.1116677328057,35.04134206962831],[129.11149071536,35.032328260403524],[129.10053200626254,35.032473335371684]]]}},{"type":"Feature","properties":{"chance":67,"depth_m":48.4,"coastal_limit_km":5},"geometry":{"type":"Polygon","coordinates":[[[129.10070782118393,35.04148719287005],[129.1008837141836,35.05050103618011],[129.1118448288632,35.050355864654364],[129.1116677328057,35.04134206962831],[129.10070782118393,35.04148719287005]]]}},{"type":"Feature","properties":{"chance":63,"depth_m":48.4,"coastal_limit_km":5},"geometry":{"type":"Polygon","coordinates":[[[129.1008837141836,35.05050103618011],[129.10105968529584,35.05951486529993],[129.11202200356718,35.05936964547976],[129.1118448288632,35.050355864654364],[129.1008837141836,35.05050103618011]]]}},{"type":"Feature","properties":{"chance":77,"depth_m":48.4,"coastal_limit_km":5},"geometry":{"type":"Polygon","coordinates":[[[129.10105968529584,35.05951486529993],[129.101235734555,35.068528680227594],[129.11219925695212,35.068383412102584],[129.11202200356718,35.05936964547976],[129.10105968529584,35.05951486529993]]]}},{"type":"Feature","properties":{"chance":78,"depth_m":48.4,"coastal_limit_km":5},"geometry":{"type":"Polygon","coordinates":[[[129.101235734555,35.068528680227594],[129.1014118619954,35.07754248096118],[129.1123765890527,35.07739716452088],[129.11219925695212,35.068383412102584],[129.101235734555,35.068528680227594]]]}},{"type":"Feature","properties":{"chance":64,"depth_m":48.4,"coastal_limit_km":5},"geometry":{"type":"Polygon","coordinates":[[[129.1014118619954,35.07754248096118],[129.1015880676515,35.086556267498764],[129.11255399990347,35.086410902732744],[129.1123765890527,35.07739716452088],[129.1014118619954,35.07754248096118]]]}},{"type":"Feature","properties":{"chance":39,"depth_m":48.4,"coastal_limit_km":5},"geometry":{"type":"Polygon","coordinates":[[[129.1015880676515,35.086556267498764],[129.10176435155768,35.09557003983842],[129.11273148953913,35.09542462673623],[129.11255399990347,35.086410902732744],[129.1015880676515,35.086556267498764]]]}},{"type":"Feature","properties":{"chance":32,"depth_m":48.4,"coastal_limit_km":5},"geometry":{"type":"Polygon","coordinates":[[[129.10176435155768,35.09557003983842],[129.10194071374838,35.104583797978215],[129.11290905799436,35.10443833652941],[129.11273148953913,35.09542462673623],[129.10176435155768,35.09557003983842]]]}},{"type":"Feature","properties":{"chance":58,"depth_m":48.4,"coastal_limit_km":5},"geometry":{"type":"Polygon","coordinates":[[[129.10194071374838,35.104583797978215],[129.10211715425805,35.11359754191623],[129.11308670530377,35.11345203211036],[129.11290905799436,35.10443833652941],[129.10194071374838,35.104583797978215]]]}},{"type":"Feature","properties":{"chance":72,"depth_m":48.4,"coastal_limit_km":5},"geometry":{"type":"Polygon","coordinates":[[[129.10211715425805,35.11359754191623],[129.1022936731212,35.12261127165057],[129.1132644315022,35.12246571347716],[129.11308670530377,35.11345203211036],[129.10211715425805,35.11359754191623]]]}},{"type":"Feature","properties":{"chance":72,"depth_m":48.4,"coastal_limit_km":5},"geometry":{"type":"Polygon","coordinates":[[[129.1022936731212,35.12261127165057],[129.10247027037235,35.131624987179286],[129.11344223662428,35.13147938062789],[129.1132644315022,35.12246571347716],[129.1022936731212,35.12261127165057]]]}},{"type":"Feature","properties":{"chance":61,"depth_m":48.4,"coastal_limit_km":5},"geometry":{"type":"Polygon","coordinates":[[[129.10247027037235,35.131624987179286],[129.10264694604598,35.14063868850049],[129.11362012070484,35.1404930335606],[129.11344223662428,35.13147938062789],[129.10247027037235,35.131624987179286]]]}},{"type":"Feature","properties":{"chance":72,"depth_m":48.4,"coastal_limit_km":5},"geometry":{"type":"Polygon","coordinates":[[[129.10264694604598,35.14063868850049],[129.10282370017669,35.14965237561224],[129.1137980837787,35.1495066722734],[129.11362012070484,35.1404930335606],[129.10264694604598,35.14063868850049]]]}},{"type":"Feature","properties":{"chance":77,"depth_m":48.4,"coastal_limit_km":5},"geometry":{"type":"Polygon","coordinates":[[[129.10282370017669,35.14965237561224],[129.10300053279903,35.158666048512636],[129.11397612588064,35.15852029676436],[129.1137980837787,35.1495066722734],[129.10282370017669,35.14965237561224]]]}},{"type":"Feature","properties":{"chance":69,"depth_m":48.4,"coastal_limit_km":5},"geometry":{"type":"Polygon","coordinates":[[[129.10300053279903,35.158666048512636],[129.10317744394763,35.16767970719976],[129.1141542470455,35.16753390703155],[129.11397612588064,35.15852029676436],[129.10300053279903,35.158666048512636]]]}},{"type":"Feature","properties":{"chance":47,"depth_m":48.4,"coastal_limit_km":5},"geometry":{"type":"Polygon","coordinates":[[[129.10317744394763,35.16767970719976],[129.10335443365713,35.17669335167169],[129.11433244730813,35.17654750307306],[129.1141542470455,35.16753390703155],[129.10317744394763,35.16767970719976]]]}},{"type":"Feature","properties":{"chance":23,"depth_m":48.4,"coastal_limit_km":5},"geometry":{"type":"Polygon","coordinates":[[[129.10335443365713,35.17669335167169],[129.10353150196215,35.18570698192653],[129.11451072670346,35.18556108488697],[129.11433244730813,35.17654750307306],[129.10335443365713,35.17669335167169]]]}},{"type":"Feature","properties":{"chance":50,"depth_m":48.4,"coastal_limit_km":5},"geometry":{"type":"Polygon","coordinates":[[[129.11468908526638,35.19457465247137],[129.11451072670346,35.18556108488697],[129.10353150196215,35.18570698192653],[129.10368890133455,35.19371599847484],[129.1051631840824,35.1947013223747],[129.11468908526638,35.19457465247137]]]}},{"type":"Feature","properties":{"chance":69,"depth_m":47.7,"coastal_limit_km":5},"geometry":{"type":"Polygon","coordinates":[[[129.11468908526638,35.19457465247137],[129.1051631840824,35.1947013223747],[129.1055595091743,35.1949661954779],[129.1100773525201,35.197420301934436],[129.11478581221894,35.19946118803246],[129.11468908526638,35.19457465247137]]]}},{"type":"Feature","properties":{"chance":64,"depth_m":45.5,"coastal_limit_km":5},"geometry":{"type":"Polygon","coordinates":[[[129.11078343100576,34.996272881555896],[129.11668944742752,34.996194355223174],[129.11610685615108,34.995939677921015],[129.115826170192,34.99583262759095],[129.11098121581173,34.99421116184759],[129.11074187008236,34.994152221571056],[129.11078343100576,34.996272881555896]]]}},{"type":"Feature","properties":{"chance":46,"depth_m":43.1,"coastal_limit_km":5},"geometry":{"type":"Polygon","coordinates":[[[129.11078343100576,34.996272881555896],[129.110960134349,35.0052867475562],[129.12191516059914,35.00514082919454],[129.12178354684409,34.99847276338745],[129.12136003634163,34.998235922508975],[129.11668944742752,34.996194355223174],[129.11078343100576,34.996272881555896]]]}},{"type":"Feature","properties":{"chance":47,"depth_m":43.1,"coastal_limit_km":5},"geometry":{"type":"Polygon","coordinates":[[[129.110960134349,35.0052867475562],[129.11113691616615,35.014300599365534],[129.12209314330664,35.01415463243274],[129.12191516059914,35.00514082919454],[129.110960134349,35.0052867475562]]]}},{"type":"Feature","properties":{"chance":51,"depth_m":43.1,"coastal_limit_km":5},"geometry":{"type":"Polygon","coordinates":[[[129.11113691616615,35.014300599365534],[129.11131377649167,35.02331443698196],[129.1222712050554,35.02316842146757],[129.12209314330664,35.01415463243274],[129.11113691616615,35.014300599365534]]]}},{"type":"Feature","properties":{"chance":74,"depth_m":43.1,"coastal_limit_km":5},"geometry":{"type":"Polygon","coordinates":[[[129.11131377649167,35.02331443698196],[129.11149071536,35.032328260403524],[129.12244934588014,35.032182196297065],[129.1222712050554,35.02316842146757],[129.11131377649167,35.02331443698196]]]}},{"type":"Feature","properties":{"chance":85,"depth_m":43.1,"coastal_limit_km":5},"geometry":{"type":"Polygon","coordinates":[[[129.11149071536,35.032328260403524],[129.1116677328057,35.04134206962831],[129.12262756581555,35.04119595691928],[129.12244934588014,35.032182196297065],[129.11149071536,35.032328260403524]]]}},{"type":"Feature","properties":{"chance":81,"depth_m":43.1,"coastal_limit_km":5},"geometry":{"type":"Polygon","coordinates":[[[129.1116677328057,35.04134206962831],[129.1118448288632,35.050355864654364],[129.1228058648964,35.050209703332314],[129.12262756581555,35.04119595691928],[129.1116677328057,35.04134206962831]]]}},{"type":"Feature","properties":{"chance":63,"depth_m":43.1,"coastal_limit_km":5},"geometry":{"type":"Polygon","coordinates":[[[129.1118448288632,35.050355864654364],[129.11202200356718,35.05936964547976],[129.12298424315753,35.05922343553418],[129.1228058648964,35.050209703332314],[129.1118448288632,35.050355864654364]]]}},{"type":"Feature","properties":{"chance":57,"depth_m":43.1,"coastal_limit_km":5},"geometry":{"type":"Polygon","coordinates":[[[129.11202200356718,35.05936964547976],[129.11219925695212,35.068383412102584],[129.12316270063369,35.06823715352298],[129.12298424315753,35.05922343553418],[129.11202200356718,35.05936964547976]]]}},{"type":"Feature","properties":{"chance":59,"depth_m":43.1,"coastal_limit_km":5},"geometry":{"type":"Polygon","coordinates":[[[129.11219925695212,35.068383412102584],[129.1123765890527,35.07739716452088],[129.12334123735977,35.07725085729675],[129.12316270063369,35.06823715352298],[129.11219925695212,35.068383412102584]]]}},{"type":"Feature","properties":{"chance":50,"depth_m":43.1,"coastal_limit_km":5},"geometry":{"type":"Polygon","coordinates":[[[129.1123765890527,35.07739716452088],[129.11255399990347,35.086410902732744],[129.1235198533706,35.08626454685356],[129.12334123735977,35.07725085729675],[129.1123765890527,35.07739716452088]]]}},{"type":"Feature","properties":{"chance":51,"depth_m":43.1,"coastal_limit_km":5},"geometry":{"type":"Polygon","coordinates":[[[129.11255399990347,35.086410902732744],[129.11273148953913,35.09542462673623],[129.12369854870104,35.0952782221915],[129.1235198533706,35.08626454685356],[129.11255399990347,35.086410902732744]]]}},{"type":"Feature","properties":{"chance":47,"depth_m":43.1,"coastal_limit_km":5},"geometry":{"type":"Polygon","coordinates":[[[129.12369854870104,35.0952782221915],[129.11273148953913,35.09542462673623],[129.11290905799436,35.10443833652941],[129.12387732338604,35.104291883308605],[129.12375708305572,35.098229914683465],[129.1237273,35.09822380000001],[129.1237257,35.0982512],[129.1236601,35.0982531],[129.1236274,35.0982355],[129.1236227,35.098186199999994],[129.1236631,35.098188],[129.1236633,35.0981546],[129.1236249,35.0981035],[129.1236385,35.0979941],[129.1237338,35.0978763],[129.12374991979115,35.09786871824234],[129.12369854870104,35.0952782221915]],[[129.1191062,35.0971669],[129.1190919,35.097202499999995],[129.1191398,35.0972312],[129.1191577,35.097214],[129.1191903,35.0972246],[129.1192158,35.097204999999995],[129.1192614,35.0972146],[129.1192564,35.0972368],[129.1192632,35.0972464],[129.1192732,35.09725910000001],[129.1192649,35.0972671],[129.1192616,35.0972788],[129.119267,35.09728119999999],[129.1192777,35.0972767],[129.1192937,35.0972748],[129.1192979,35.09728239999999],[129.1192921,35.09732030000001],[129.11927210000002,35.09736409999999],[129.1192502,35.0973628],[129.1192387,35.097389],[129.1192414,35.09740599999999],[129.119245,35.09742990000001],[129.1192363,35.0974438],[129.1191824,35.0974503],[129.1191901,35.0974878],[129.1191531,35.0974929],[129.1191055,35.0974828],[129.1191164,35.097511],[129.1191002,35.0975461],[129.1190514,35.09755799999999],[129.1190404,35.097581500000004],[129.1190084,35.097580000000015],[129.1190139,35.09759369999999],[129.119013,35.097629000000005],[129.1189712,35.09763379999999],[129.11893140000004,35.0976291],[129.118866,35.0976199],[129.118812,35.097605],[129.1187777,35.09761309999999],[129.1186936,35.097595999999996],[129.1186684,35.09759590000001],[129.1186625,35.0976123],[129.1186421,35.0976166],[129.1186328,35.0976272],[129.1185884,35.097629500000004],[129.1185205,35.0976074],[129.1184552,35.0975731],[129.1184299,35.0975704],[129.1184043,35.0975555],[129.1183672,35.0975513],[129.118365,35.0975628],[129.1183571,35.09756879999999],[129.11835030000003,35.097583300000004],[129.1183438,35.0975804],[129.1183326,35.0975812],[129.1183203,35.097576000000004],[129.1183253,35.097564],[129.1183153,35.0975167],[129.1182769,35.0975142],[129.1182588,35.0974911],[129.1182345,35.09748580000001],[129.1182268,35.09747539999999],[129.1182445,35.0974585],[129.1182773,35.0974595],[129.1182992,35.0974544],[129.1183105,35.0974388],[129.1183199,35.0974463],[129.1183255,35.0974231],[129.1183223,35.09741009999999],[129.1183343,35.09740990000001],[129.1183373,35.0973919],[129.1183296,35.0973808],[129.1183367,35.0973756],[129.1183384,35.0973658],[129.1183467,35.09736110000001],[129.1183606,35.09735129999999],[129.1183793,35.097343800000004],[129.118395,35.09735],[129.1183828,35.097377],[129.1184084,35.0973859],[129.1184071,35.09740049999999],[129.11839,35.097415899999994],[129.11841300000003,35.0974274],[129.1184352,35.09741509999999],[129.1184697,35.09743040000001],[129.118491,35.0974209],[129.1184956,35.0974324],[129.1185288,35.09743460000001],[129.1185363,35.0974122],[129.1185691,35.0974101],[129.1185846,35.09739509999999],[129.1185647,35.0973845],[129.1185511,35.09738399999999],[129.1185385,35.0973735],[129.1185186,35.097372],[129.11845,35.0973421],[129.1184461,35.0973128],[129.1184156,35.0972941],[129.1183732,35.0972958],[129.11836640000004,35.097297899999994],[129.1183606,35.0973058],[129.1183431,35.0972993],[129.11834150000004,35.0972898],[129.1183465,35.0972821],[129.1183552,35.097281699999996],[129.1183614,35.0972749],[129.1183863,35.0972841],[129.1184344,35.09727169999999],[129.1184304,35.0972474],[129.1184352,35.09722190000001],[129.1184221,35.09719750000001],[129.1184544,35.0971566],[129.1184453,35.09713760000001],[129.1184022,35.09714569999999],[129.1183516,35.097170899999995],[129.1183365,35.0971563],[129.1183286,35.09710129999999],[129.1183589,35.097098],[129.1183515,35.09705640000001],[129.118376,35.097050499999995],[129.1183879,35.0970572],[129.1184293,35.097035],[129.1184947,35.09705360000001],[129.1184881,35.097080999999996],[129.118462,35.0971002],[129.1184891,35.0971083],[129.1185498,35.0970427],[129.1185895,35.09706370000001],[129.1185575,35.0970804],[129.1185732,35.0971044],[129.1185467,35.097119200000016],[129.1185707,35.09713579999999],[129.11856810000003,35.09715239999999],[129.1187127,35.0972123],[129.1187365,35.0971848],[129.1187986,35.0972033],[129.1188982,35.0971911],[129.1189131,35.097141],[129.1189468,35.097137399999994],[129.1189869,35.097145899999994],[129.1189642,35.0971603],[129.1189631,35.0971844],[129.1189866,35.09718360000001],[129.1189931,35.0971624],[129.1190179,35.09717259999999],[129.1190258,35.0971935],[129.1190459,35.0971982],[129.1190663,35.0971677],[129.119076,35.09718020000001],[129.1191062,35.0971669]]]}},{"type":"Feature","properties":{"chance":68,"depth_m":43.1,"coastal_limit_km":5},"geometry":{"type":"Polygon","coordinates":[[[129.11290905799436,35.10443833652941],[129.11308670530377,35.11345203211036],[129.12405617746055,35.11330553020294],[129.12387732338604,35.104291883308605],[129.11290905799436,35.10443833652941]]]}},{"type":"Feature","properties":{"chance":84,"depth_m":43.1,"coastal_limit_km":5},"geometry":{"type":"Polygon","coordinates":[[[129.11308670530377,35.11345203211036],[129.1132644315022,35.12246571347716],[129.12423511095943,35.12231916287262],[129.12405617746055,35.11330553020294],[129.11308670530377,35.11345203211036]]]}},{"type":"Feature","properties":{"chance":85,"depth_m":43.1,"coastal_limit_km":5},"geometry":{"type":"Polygon","coordinates":[[[129.1132644315022,35.12246571347716],[129.11344223662428,35.13147938062789],[129.12441412391775,35.13133278131566],[129.12423511095943,35.12231916287262],[129.1132644315022,35.12246571347716]]]}},{"type":"Feature","properties":{"chance":71,"depth_m":43.1,"coastal_limit_km":5},"geometry":{"type":"Polygon","coordinates":[[[129.11344223662428,35.13147938062789],[129.11362012070484,35.1404930335606],[129.1245932163705,35.14034638553017],[129.12441412391775,35.13133278131566],[129.11344223662428,35.13147938062789]]]}},{"type":"Feature","properties":{"chance":51,"depth_m":43.1,"coastal_limit_km":5},"geometry":{"type":"Polygon","coordinates":[[[129.11362012070484,35.1404930335606],[129.1137980837787,35.1495066722734],[129.12477238835265,35.149359975514194],[129.1245932163705,35.14034638553017],[129.11362012070484,35.1404930335606]]]}},{"type":"Feature","properties":{"chance":56,"depth_m":43.1,"coastal_limit_km":5},"geometry":{"type":"Polygon","coordinates":[[[129.1137980837787,35.1495066722734],[129.11397612588064,35.15852029676436],[129.12495163989934,35.158373551265825],[129.12477238835265,35.149359975514194],[129.1137980837787,35.1495066722734]]]}},{"type":"Feature","properties":{"chance":51,"depth_m":43.1,"coastal_limit_km":5},"geometry":{"type":"Polygon","coordinates":[[[129.11397612588064,35.15852029676436],[129.1141542470455,35.16753390703155],[129.12513097104556,35.16738711278312],[129.12495163989934,35.158373551265825],[129.11397612588064,35.15852029676436]]]}},{"type":"Feature","properties":{"chance":55,"depth_m":43.1,"coastal_limit_km":5},"geometry":{"type":"Polygon","coordinates":[[[129.1141542470455,35.16753390703155],[129.11433244730813,35.17654750307306],[129.1253103818265,35.17640066006418],[129.12513097104556,35.16738711278312],[129.1141542470455,35.16753390703155]]]}},{"type":"Feature","properties":{"chance":54,"depth_m":43.1,"coastal_limit_km":5},"geometry":{"type":"Polygon","coordinates":[[[129.11433244730813,35.17654750307306],[129.11451072670346,35.18556108488697],[129.1254898722772,35.185414193107064],[129.1253103818265,35.17640066006418],[129.11433244730813,35.17654750307306]]]}},{"type":"Feature","properties":{"chance":60,"depth_m":43.1,"coastal_limit_km":5},"geometry":{"type":"Polygon","coordinates":[[[129.11451072670346,35.18556108488697],[129.11468908526638,35.19457465247137],[129.12566944243284,35.194427711909846],[129.1254898722772,35.185414193107064],[129.11451072670346,35.18556108488697]]]}},{"type":"Feature","properties":{"chance":76,"depth_m":43.1,"coastal_limit_km":5},"geometry":{"type":"Polygon","coordinates":[[[129.12566944243284,35.194427711909846],[129.11468908526638,35.19457465247137],[129.11478581221894,35.19946118803246],[129.11486805721532,35.199496834622906],[129.11988493985115,35.20117555305794],[129.12507910261778,35.202440093844764],[129.12583149744816,35.20255861273045],[129.12566944243284,35.194427711909846]]]}},{"type":"Feature","properties":{"chance":69,"depth_m":36.5,"coastal_limit_km":5},"geometry":{"type":"Polygon","coordinates":[[[129.12191516059914,35.00514082919454],[129.13179960028552,35.00500832188187],[129.13094951558494,35.00427098068383],[129.13080872452412,35.004160923779395],[129.1262799829202,35.000987138083495],[129.12178354684409,34.99847276338745],[129.12191516059914,35.00514082919454]]]}},{"type":"Feature","properties":{"chance":76,"depth_m":34.6,"coastal_limit_km":5},"geometry":{"type":"Polygon","coordinates":[[[129.12191516059914,35.00514082919454],[129.12209314330664,35.01415463243274],[129.1330492914059,35.01400767704248],[129.1328891766693,35.00595336304999],[129.13179960028552,35.00500832188187],[129.12191516059914,35.00514082919454]]]}},{"type":"Feature","properties":{"chance":69,"depth_m":34.6,"coastal_limit_km":5},"geometry":{"type":"Polygon","coordinates":[[[129.12209314330664,35.01415463243274],[129.1222712050554,35.02316842146757],[129.13322855454322,35.023021417166895],[129.1330492914059,35.01400767704248],[129.12209314330664,35.01415463243274]]]}},{"type":"Feature","properties":{"chance":72,"depth_m":34.6,"coastal_limit_km":5},"geometry":{"type":"Polygon","coordinates":[[[129.1222712050554,35.02316842146757],[129.12244934588014,35.032182196297065],[129.13340789728954,35.032035143075426],[129.13322855454322,35.023021417166895],[129.1222712050554,35.02316842146757]]]}},{"type":"Feature","properties":{"chance":82,"depth_m":34.6,"coastal_limit_km":5},"geometry":{"type":"Polygon","coordinates":[[[129.12244934588014,35.032182196297065],[129.12262756581555,35.04119595691928],[129.13358731967998,35.04104885476615],[129.13340789728954,35.032035143075426],[129.12244934588014,35.032182196297065]]]}},{"type":"Feature","properties":{"chance":79,"depth_m":34.6,"coastal_limit_km":5},"geometry":{"type":"Polygon","coordinates":[[[129.12262756581555,35.04119595691928],[129.1228058648964,35.050209703332314],[129.13376682174936,35.05006255223712],[129.13358731967998,35.04104885476615],[129.12262756581555,35.04119595691928]]]}},{"type":"Feature","properties":{"chance":61,"depth_m":34.6,"coastal_limit_km":5},"geometry":{"type":"Polygon","coordinates":[[[129.1228058648964,35.050209703332314],[129.12298424315753,35.05922343553418],[129.13394640353283,35.059076235486366],[129.13376682174936,35.05006255223712],[129.1228058648964,35.050209703332314]]]}},{"type":"Feature","properties":{"chance":33,"depth_m":34.6,"coastal_limit_km":5},"geometry":{"type":"Polygon","coordinates":[[[129.12298424315753,35.05922343553418],[129.12316270063369,35.06823715352298],[129.13412606506537,35.06808990451197],[129.13394640353283,35.059076235486366],[129.12298424315753,35.05922343553418]]]}},{"type":"Feature","properties":{"chance":46,"depth_m":34.6,"coastal_limit_km":5},"geometry":{"type":"Polygon","coordinates":[[[129.12316270063369,35.06823715352298],[129.12334123735977,35.07725085729675],[129.1343058063821,35.07710355931197],[129.13412606506537,35.06808990451197],[129.12316270063369,35.06823715352298]]]}},{"type":"Feature","properties":{"chance":69,"depth_m":34.6,"coastal_limit_km":5},"geometry":{"type":"Polygon","coordinates":[[[129.12334123735977,35.07725085729675],[129.1235198533706,35.08626454685356],[129.13448562751807,35.08611719988444],[129.1343058063821,35.07710355931197],[129.12334123735977,35.07725085729675]]]}},{"type":"Feature","properties":{"chance":78,"depth_m":34.6,"coastal_limit_km":5},"geometry":{"type":"Polygon","coordinates":[[[129.1235198533706,35.08626454685356],[129.12369854870104,35.0952782221915],[129.13466552850844,35.09513082622745],[129.13448562751807,35.08611719988444],[129.1235198533706,35.08626454685356]],[[129.127182,35.09144349999999],[129.12712120000003,35.09144990000001],[129.1270866,35.0914338],[129.1270788,35.0914034],[129.1269712,35.091458],[129.1269418,35.09143000000001],[129.1269443,35.0914159],[129.1266509,35.0912679],[129.126604,35.0912946],[129.1265174,35.0912589],[129.1264818,35.0912291],[129.1264457,35.0912013],[129.1264005,35.091115],[129.1263814,35.0910555],[129.1264335,35.0910145],[129.1265682,35.0909733],[129.1265982,35.090916799999995],[129.1266161,35.0909145],[129.1266492,35.09093519999999],[129.12668640000004,35.090915],[129.12681180000004,35.0909669],[129.1268576,35.090971],[129.126849,35.0909524],[129.1268517,35.090932200000005],[129.1270086,35.0909559],[129.1270729,35.090997699999996],[129.1270766,35.09097940000001],[129.1271154,35.0909685],[129.12714610000003,35.0909902],[129.1271743,35.0911213],[129.127236,35.0912774],[129.1272478,35.0912832],[129.1272634,35.091274],[129.12736,35.0913218],[129.127363,35.09133340000001],[129.1273386,35.0913466],[129.1273556,35.09137840000001],[129.1274049,35.0913768],[129.1274103,35.09136019999999],[129.1274485,35.0913428],[129.1274393,35.0913605],[129.1274431,35.091373],[129.1274577,35.0913868],[129.1273909,35.0914009],[129.1274195,35.091469200000006],[129.127401,35.0915194],[129.1272057,35.091498900000005],[129.1272113,35.09145819999999],[129.1272428,35.09144450000001],[129.1272236,35.091423000000006],[129.127182,35.09144349999999]],[[129.1262322,35.09224789999999],[129.1262252,35.092157099999994],[129.1262533,35.0920996],[129.1263842,35.0920579],[129.1263805,35.0919806],[129.1262983,35.0919295],[129.1261967,35.09179459999999],[129.1262425,35.0917059],[129.1262877,35.09170259999999],[129.1263235,35.0916626],[129.1263812,35.09165380000001],[129.1263916,35.0916308],[129.126428,35.091620999999996],[129.1264738,35.0916257],[129.1264962,35.0916005],[129.1266022,35.0915914],[129.126674,35.0915642],[129.1266721,35.09153299999999],[129.1268151,35.0915232],[129.1268422,35.0915549],[129.1268844,35.0915458],[129.1269175,35.091557599999994],[129.1269741,35.091627],[129.1270127,35.09170470000001],[129.1270494,35.09176380000001],[129.1271296,35.09177950000001],[129.1273704,35.09190689999999],[129.1274313,35.091882399999996],[129.1275192,35.0918949],[129.1276295,35.0919811],[129.1275751,35.092044800000004],[129.1274973,35.09202429999999],[129.1275381,35.09209130000001],[129.1275828,35.092108599999996],[129.1275964,35.09212699999999],[129.12762590000003,35.09213290000001],[129.1276665,35.0921744],[129.1275988,35.09222630000001],[129.1275436,35.0922104],[129.1274631,35.092282600000004],[129.1275013,35.09240280000001],[129.1274548,35.0924599],[129.127311,35.09247559999999],[129.1270154,35.0924293],[129.1267505,35.0924865],[129.1266629,35.0924081],[129.1265955,35.092421699999996],[129.1263427,35.09227500000001],[129.1262322,35.09224789999999]],[[129.1267182,35.09277409999999],[129.1267884,35.0927867],[129.1268211,35.0927626],[129.1269221,35.0927913],[129.1269489,35.092772499999995],[129.1270844,35.09283450000001],[129.1271797,35.0928537],[129.1271938,35.09293410000001],[129.1272682,35.0930112],[129.1272572,35.09303760000001],[129.1273076,35.0930973],[129.1272998,35.09319349999999],[129.1271292,35.0931335],[129.1270971,35.0931579],[129.1270084,35.0931382],[129.1269796,35.0930917],[129.1269346,35.09307470000001],[129.1269368,35.0930509],[129.1268623,35.0930383],[129.1268236,35.093048700000004],[129.1267706,35.093012599999994],[129.1267499,35.09298510000001],[129.1266905,35.092945799999995],[129.1266484,35.0930108],[129.1266101,35.09300850000001],[129.1264401,35.0928988],[129.126518,35.092845800000006],[129.1264692,35.092817200000006],[129.1265286,35.0928106],[129.1265566,35.092824900000004],[129.1266303,35.0927816],[129.1266669,35.0927823],[129.1267,35.0927955],[129.1267182,35.09277409999999]],[[129.1266795,35.0936715],[129.1266868,35.0937285],[129.1267157,35.0937886],[129.1267356,35.09379220000001],[129.1267578,35.0938281],[129.1267387,35.09393500000001],[129.1267136,35.0939654],[129.1266814,35.0939714],[129.1266557,35.0940756],[129.1266984,35.094239],[129.1266666,35.09438840000001],[129.1266127,35.094383699999995],[129.1265906,35.09450209999999],[129.1264873,35.0945241],[129.1262478,35.0941724],[129.1261673,35.09399280000001],[129.1262538,35.09402390000002],[129.1262833,35.093986799999996],[129.1263328,35.094006],[129.1263305,35.093906499999996],[129.1261934,35.093816900000014],[129.1262124,35.09371780000001],[129.1262535,35.093675],[129.1262617,35.09362920000001],[129.1262336,35.09358720000001],[129.1261414,35.093512100000005],[129.1261483,35.093428499999995],[129.1261285,35.0934193],[129.1261183,35.0934504],[129.1260571,35.093447100000006],[129.1259995,35.093381],[129.1260162,35.09328489999999],[129.1261908,35.0932167],[129.1262311,35.0932488],[129.1262634,35.093213500000005],[129.1264639,35.09334100000001],[129.1264728,35.093387],[129.1265222,35.093384500000006],[129.1265508,35.093402499999996],[129.1265419,35.0934531],[129.1265737,35.0934912],[129.126522,35.09350460000001],[129.1266294,35.0935901],[129.1266375,35.0936263],[129.1266795,35.0936715]]]}},{"type":"Feature","properties":{"chance":73,"depth_m":34.6,"coastal_limit_km":5},"geometry":{"type":"Polygon","coordinates":[[[129.12387732338604,35.104291883308605],[129.1348455093883,35.104144438339034],[129.13466552850844,35.09513082622745],[129.12369854870104,35.0952782221915],[129.12374991979115,35.09786871824234],[129.1238282,35.09783190000001],[129.1238345,35.097818],[129.1238327,35.0977526],[129.1238146,35.0976193],[129.1237811,35.09761019999999],[129.1238428,35.097454600000006],[129.1239393,35.09733370000001],[129.1238484,35.0972906],[129.1238676,35.09713120000001],[129.1239527,35.0970826],[129.1239749,35.0970968],[129.1240297,35.097079700000016],[129.1241327,35.0971581],[129.1246352,35.097396200000006],[129.1246434,35.09747600000001],[129.1245532,35.097560900000005],[129.1247324,35.0976909],[129.1246759,35.09784419999999],[129.1246305,35.097862000000006],[129.1246059,35.09794380000001],[129.1244255,35.09796020000001],[129.1243222,35.0979282],[129.1242394,35.097980799999995],[129.1242785,35.0980979],[129.12425430000002,35.09816719999999],[129.124045,35.098221099999996],[129.1241671,35.0982862],[129.1241505,35.0983227],[129.1238046,35.09832469999999],[129.1237989,35.098238499999994],[129.12375708305572,35.098229914683465],[129.12387732338604,35.104291883308605]]]}},{"type":"Feature","properties":{"chance":65,"depth_m":34.6,"coastal_limit_km":5},"geometry":{"type":"Polygon","coordinates":[[[129.12387732338604,35.104291883308605],[129.12405617746055,35.11330553020294],[129.13502557019285,35.11315803621725],[129.1348455093883,35.104144438339034],[129.12387732338604,35.104291883308605]]]}},{"type":"Feature","properties":{"chance":78,"depth_m":34.6,"coastal_limit_km":5},"geometry":{"type":"Polygon","coordinates":[[[129.12405617746055,35.11330553020294],[129.12423511095943,35.12231916287262],[129.13520571095728,35.122171619860175],[129.13502557019285,35.11315803621725],[129.12405617746055,35.11330553020294]]]}},{"type":"Feature","properties":{"chance":80,"depth_m":34.6,"coastal_limit_km":5},"geometry":{"type":"Polygon","coordinates":[[[129.12423511095943,35.12231916287262],[129.12441412391775,35.13133278131566],[129.1353859317168,35.13118518926589],[129.13520571095728,35.122171619860175],[129.12423511095943,35.12231916287262]]]}},{"type":"Feature","properties":{"chance":67,"depth_m":34.6,"coastal_limit_km":5},"geometry":{"type":"Polygon","coordinates":[[[129.12441412391775,35.13133278131566],[129.1245932163705,35.14034638553017],[129.13556623250668,35.14019874443244],[129.1353859317168,35.13118518926589],[129.12441412391775,35.13133278131566]]]}},{"type":"Feature","properties":{"chance":39,"depth_m":34.6,"coastal_limit_km":5},"geometry":{"type":"Polygon","coordinates":[[[129.1357466133621,35.1492122853579],[129.13556623250668,35.14019874443244],[129.1245932163705,35.14034638553017],[129.12477238835265,35.149359975514194],[129.13129550132334,35.14927230790898],[129.1308569,35.148816],[129.1315197,35.1483901],[129.1321068,35.149001000000005],[129.13169281315962,35.149266956870605],[129.1357466133621,35.1492122853579]],[[129.1253133,35.1419316],[129.1258987,35.1425408],[129.1252359,35.1429667],[129.1246505,35.1423575],[129.1253133,35.1419316]],[[129.1262252,35.1439456],[129.1268334,35.1435554],[129.1271425,35.14387769999999],[129.1265343,35.144267799999994],[129.1262252,35.1439456]],[[129.1296202,35.1474845],[129.1302284,35.14709440000001],[129.1305424,35.1474217],[129.12993420000004,35.1478118],[129.1296202,35.1474845]]]}},{"type":"Feature","properties":{"chance":38,"depth_m":34.6,"coastal_limit_km":5},"geometry":{"type":"Polygon","coordinates":[[[129.12477238835265,35.149359975514194],[129.12495163989934,35.158373551265825],[129.13592707431846,35.15822581204033],[129.1357466133621,35.1492122853579],[129.13169281315962,35.149266956870605],[129.131444,35.14942680000001],[129.13129550132334,35.14927230790898],[129.12477238835265,35.149359975514194]]]}},{"type":"Feature","properties":{"chance":64,"depth_m":34.6,"coastal_limit_km":5},"geometry":{"type":"Polygon","coordinates":[[[129.12495163989934,35.158373551265825],[129.12513097104556,35.16738711278312],[129.136107615411,35.16723932447779],[129.13592707431846,35.15822581204033],[129.12495163989934,35.158373551265825]]]}},{"type":"Feature","properties":{"chance":79,"depth_m":34.6,"coastal_limit_km":5},"geometry":{"type":"Polygon","coordinates":[[[129.12513097104556,35.16738711278312],[129.1253103818265,35.17640066006418],[129.13628823667503,35.17625282266837],[129.136107615411,35.16723932447779],[129.12513097104556,35.16738711278312]]]}},{"type":"Feature","properties":{"chance":80,"depth_m":34.6,"coastal_limit_km":5},"geometry":{"type":"Polygon","coordinates":[[[129.1253103818265,35.17640066006418],[129.1254898722772,35.185414193107064],[129.13646893814598,35.185266306610124],[129.13628823667503,35.17625282266837],[129.1253103818265,35.17640066006418]]]}},{"type":"Feature","properties":{"chance":68,"depth_m":34.6,"coastal_limit_km":5},"geometry":{"type":"Polygon","coordinates":[[[129.1254898722772,35.185414193107064],[129.12566944243284,35.194427711909846],[129.13664971985924,35.19427977630113],[129.13646893814598,35.185266306610124],[129.1254898722772,35.185414193107064]]]}},{"type":"Feature","properties":{"chance":72,"depth_m":34.6,"coastal_limit_km":5},"geometry":{"type":"Polygon","coordinates":[[[129.13683058185015,35.20329323173946],[129.13664971985924,35.19427977630113],[129.12566944243284,35.194427711909846],[129.12583149744816,35.20255861273045],[129.13039991176947,35.203278130856795],[129.13155437599121,35.20336445737977],[129.13683058185015,35.20329323173946]]]}},{"type":"Feature","properties":{"chance":71,"depth_m":31.0,"coastal_limit_km":5},"geometry":{"type":"Polygon","coordinates":[[[129.13683058185015,35.20329323173946],[129.13155437599121,35.20336445737977],[129.13579549339073,35.20368149589219],[129.1360716459157,35.20369089685976],[129.1368388884707,35.20370710483324],[129.13683058185015,35.20329323173946]]]}},{"type":"Feature","properties":{"chance":89,"depth_m":27.6,"coastal_limit_km":5},"geometry":{"type":"Polygon","coordinates":[[[129.1330492914059,35.01400767704248],[129.14022457980275,35.013910898297524],[129.13833602306627,35.011383417630135],[129.13486748541166,35.00766916103135],[129.1328891766693,35.00595336304999],[129.1330492914059,35.01400767704248]]]}},{"type":"Feature","properties":{"chance":84,"depth_m":24.5,"coastal_limit_km":5},"geometry":{"type":"Polygon","coordinates":[[[129.1330492914059,35.01400767704248],[129.13322855454322,35.023021417166895],[129.14418582442195,35.022873424103224],[129.14413389279588,35.020279997817234],[129.14387623732958,35.019699321175054],[129.1415081632098,35.015661104368405],[129.14131765082473,35.01537368216388],[129.14022457980275,35.013910898297524],[129.1330492914059,35.01400767704248]]]}},{"type":"Feature","properties":{"chance":62,"depth_m":23.7,"coastal_limit_km":5},"geometry":{"type":"Polygon","coordinates":[[[129.13322855454322,35.023021417166895],[129.13340789728954,35.032035143075426],[129.14436636905498,35.03188710076193],[129.14418582442195,35.022873424103224],[129.13322855454322,35.023021417166895]]]}},{"type":"Feature","properties":{"chance":64,"depth_m":23.7,"coastal_limit_km":5},"geometry":{"type":"Polygon","coordinates":[[[129.13340789728954,35.032035143075426],[129.13358731967998,35.04104885476615],[129.14454699386533,35.04090076319222],[129.14436636905498,35.03188710076193],[129.13340789728954,35.032035143075426]]]}},{"type":"Feature","properties":{"chance":62,"depth_m":23.7,"coastal_limit_km":5},"geometry":{"type":"Polygon","coordinates":[[[129.13358731967998,35.04104885476615],[129.13376682174936,35.05006255223712],[129.14472769888826,35.049914411392095],[129.14454699386533,35.04090076319222],[129.13358731967998,35.04104885476615]]]}},{"type":"Feature","properties":{"chance":57,"depth_m":23.7,"coastal_limit_km":5},"geometry":{"type":"Polygon","coordinates":[[[129.13376682174936,35.05006255223712],[129.13394640353283,35.059076235486366],[129.14490848415903,35.058928045359636],[129.14472769888826,35.049914411392095],[129.13376682174936,35.05006255223712]]]}},{"type":"Feature","properties":{"chance":59,"depth_m":23.7,"coastal_limit_km":5},"geometry":{"type":"Polygon","coordinates":[[[129.13394640353283,35.059076235486366],[129.13412606506537,35.06808990451197],[129.14508934971292,35.06794166509288],[129.14490848415903,35.058928045359636],[129.13394640353283,35.059076235486366]]]}},{"type":"Feature","properties":{"chance":58,"depth_m":23.7,"coastal_limit_km":5},"geometry":{"type":"Polygon","coordinates":[[[129.13412606506537,35.06808990451197],[129.1343058063821,35.07710355931197],[129.1452702955852,35.076955270589906],[129.14508934971292,35.06794166509288],[129.13412606506537,35.06808990451197]]]}},{"type":"Feature","properties":{"chance":81,"depth_m":23.7,"coastal_limit_km":5},"geometry":{"type":"Polygon","coordinates":[[[129.1343058063821,35.07710355931197],[129.13448562751807,35.08611719988444],[129.14545132181118,35.085968861848734],[129.1452702955852,35.076955270589906],[129.1343058063821,35.07710355931197]]]}},{"type":"Feature","properties":{"chance":92,"depth_m":23.7,"coastal_limit_km":5},"geometry":{"type":"Polygon","coordinates":[[[129.13448562751807,35.08611719988444],[129.13466552850844,35.09513082622745],[129.1456324284263,35.09498243886743],[129.14545132181118,35.085968861848734],[129.13448562751807,35.08611719988444]]]}},{"type":"Feature","properties":{"chance":88,"depth_m":23.7,"coastal_limit_km":5},"geometry":{"type":"Polygon","coordinates":[[[129.13466552850844,35.09513082622745],[129.1348455093883,35.104144438339034],[129.14581361546587,35.103996001644056],[129.1456324284263,35.09498243886743],[129.13466552850844,35.09513082622745]]]}},{"type":"Feature","properties":{"chance":70,"depth_m":23.7,"coastal_limit_km":5},"geometry":{"type":"Polygon","coordinates":[[[129.1348455093883,35.104144438339034],[129.13502557019285,35.11315803621725],[129.1459948829653,35.113009550176635],[129.14581361546587,35.103996001644056],[129.1348455093883,35.104144438339034]]]}},{"type":"Feature","properties":{"chance":58,"depth_m":23.7,"coastal_limit_km":5},"geometry":{"type":"Polygon","coordinates":[[[129.13502557019285,35.11315803621725],[129.13520571095728,35.122171619860175],[129.14617623096004,35.122023084463265],[129.1459948829653,35.113009550176635],[129.13502557019285,35.11315803621725]]]}},{"type":"Feature","properties":{"chance":60,"depth_m":23.7,"coastal_limit_km":5},"geometry":{"type":"Polygon","coordinates":[[[129.13520571095728,35.122171619860175],[129.1353859317168,35.13118518926589],[129.14635765948555,35.13103660450199],[129.14617623096004,35.122023084463265],[129.13520571095728,35.122171619860175]]]}},{"type":"Feature","properties":{"chance":57,"depth_m":23.7,"coastal_limit_km":5},"geometry":{"type":"Polygon","coordinates":[[[129.1353859317168,35.13118518926589],[129.13556623250668,35.14019874443244],[129.14653916857728,35.140050110290865],[129.14635765948555,35.13103660450199],[129.1353859317168,35.13118518926589]]]}},{"type":"Feature","properties":{"chance":63,"depth_m":23.7,"coastal_limit_km":5},"geometry":{"type":"Polygon","coordinates":[[[129.13556623250668,35.14019874443244],[129.1357466133621,35.1492122853579],[129.14672075827067,35.14906360182795],[129.14653916857728,35.140050110290865],[129.13556623250668,35.14019874443244]]]}},{"type":"Feature","properties":{"chance":59,"depth_m":23.7,"coastal_limit_km":5},"geometry":{"type":"Polygon","coordinates":[[[129.14690242860138,35.1580770791113],[129.14672075827067,35.14906360182795],[129.1357466133621,35.1492122853579],[129.13592707431846,35.15822581204033],[129.1392681308742,35.15818064090654],[129.1395764,35.1579067],[129.1396965,35.1579204],[129.139754,35.1579702],[129.1397876,35.1580535],[129.13966569825803,35.158175259652275],[129.14690242860138,35.1580770791113]]]}},{"type":"Feature","properties":{"chance":74,"depth_m":23.7,"coastal_limit_km":5},"geometry":{"type":"Polygon","coordinates":[[[129.13592707431846,35.15822581204033],[129.136107615411,35.16723932447779],[129.14708417960486,35.16709054213899],[129.14690242860138,35.1580770791113],[129.13966569825803,35.158175259652275],[129.1395307,35.1583101],[129.1394512,35.15826009999999],[129.138991,35.15866140000001],[129.1383466,35.1586174],[129.1383465,35.158656099999995],[129.1380705,35.158646700000006],[129.1379711,35.1585733],[129.137973,35.15849280000001],[129.1380343,35.1584324],[129.1389568,35.15845730000001],[129.1392681308742,35.15818064090654],[129.13592707431846,35.15822581204033]]]}},{"type":"Feature","properties":{"chance":90,"depth_m":23.7,"coastal_limit_km":5},"geometry":{"type":"Polygon","coordinates":[[[129.136107615411,35.16723932447779],[129.13628823667503,35.17625282266837],[129.1472660113167,35.176103990909084],[129.14708417960486,35.16709054213899],[129.136107615411,35.16723932447779]]]}},{"type":"Feature","properties":{"chance":91,"depth_m":23.7,"coastal_limit_km":5},"geometry":{"type":"Polygon","coordinates":[[[129.13628823667503,35.17625282266837],[129.13646893814598,35.185266306610124],[129.14744792377252,35.18511742541964],[129.1472660113167,35.176103990909084],[129.13628823667503,35.17625282266837]]]}},{"type":"Feature","properties":{"chance":77,"depth_m":23.7,"coastal_limit_km":5},"geometry":{"type":"Polygon","coordinates":[[[129.13646893814598,35.185266306610124],[129.13664971985924,35.19427977630113],[129.1476299170079,35.194130845668724],[129.14744792377252,35.18511742541964],[129.13646893814598,35.185266306610124]]]}},{"type":"Feature","properties":{"chance":52,"depth_m":23.7,"coastal_limit_km":5},"geometry":{"type":"Polygon","coordinates":[[[129.1476299170079,35.194130845668724],[129.13664971985924,35.19427977630113],[129.13683058185015,35.20329323173946],[129.14734651390395,35.20315058680718],[129.14781099539476,35.203094973166],[129.1476299170079,35.194130845668724]]]}},{"type":"Feature","properties":{"chance":58,"depth_m":24.8,"coastal_limit_km":5},"geometry":{"type":"Polygon","coordinates":[[[129.13683058185015,35.20329323173946],[129.1368388884707,35.20370710483324],[129.13779696955797,35.203727337420105],[129.13844182584634,35.203732630577605],[129.14410010075164,35.203539237090276],[129.14734651390395,35.20315058680718],[129.13683058185015,35.20329323173946]]]}},{"type":"Feature","properties":{"chance":77,"depth_m":17.3,"coastal_limit_km":5},"geometry":{"type":"Polygon","coordinates":[[[129.14418582442195,35.022873424103224],[129.1452781166897,35.02285861693289],[129.14413389279588,35.020279997817234],[129.14418582442195,35.022873424103224]]]}},{"type":"Feature","properties":{"chance":65,"depth_m":16.4,"coastal_limit_km":5},"geometry":{"type":"Polygon","coordinates":[[[129.14418582442195,35.022873424103224],[129.14436636905498,35.03188710076193],[129.14775980937847,35.03184105665683],[129.14709633630432,35.02825468394435],[129.1457451474611,35.023911063510724],[129.1452781166897,35.02285861693289],[129.14418582442195,35.022873424103224]]]}},{"type":"Feature","properties":{"chance":44,"depth_m":15.6,"coastal_limit_km":5},"geometry":{"type":"Polygon","coordinates":[[[129.14436636905498,35.03188710076193],[129.14454699386533,35.04090076319222],[129.14798153723976,35.04085415040897],[129.1481970173009,35.03716484142253],[129.14791635862875,35.0326872245991],[129.14775980937847,35.03184105665683],[129.14436636905498,35.03188710076193]]]}},{"type":"Feature","properties":{"chance":56,"depth_m":15.5,"coastal_limit_km":5},"geometry":{"type":"Polygon","coordinates":[[[129.14454699386533,35.04090076319222],[129.14472769888826,35.049914411392095],[129.14993131811698,35.049843735448505],[129.1492513845683,35.04714892929198],[129.1477047582615,35.043089492366406],[129.14792490627468,35.041731640580295],[129.1479354476824,35.04164323747528],[129.14798153723976,35.04085415040897],[129.14454699386533,35.04090076319222]]]}},{"type":"Feature","properties":{"chance":84,"depth_m":11.4,"coastal_limit_km":5},"geometry":{"type":"Polygon","coordinates":[[[129.14472769888826,35.049914411392095],[129.14490848415903,35.058928045359636],[129.15587048450212,35.05877886517749],[129.15574505054286,35.052566769844034],[129.1547696568343,35.052048218963705],[129.1503679446474,35.05014893848275],[129.14997453150863,35.05001499804442],[129.14993131811698,35.049843735448505],[129.14472769888826,35.049914411392095]]]}},{"type":"Feature","properties":{"chance":88,"depth_m":11.4,"coastal_limit_km":5},"geometry":{"type":"Polygon","coordinates":[[[129.14490848415903,35.058928045359636],[129.14508934971292,35.06794166509288],[129.15605255404202,35.06779243528926],[129.15587048450212,35.05877886517749],[129.14490848415903,35.058928045359636]]]}},{"type":"Feature","properties":{"chance":79,"depth_m":11.4,"coastal_limit_km":5},"geometry":{"type":"Polygon","coordinates":[[[129.14508934971292,35.06794166509288],[129.1452702955852,35.076955270589906],[129.15623470443452,35.07680599115406],[129.15605255404202,35.06779243528926],[129.14508934971292,35.06794166509288]]]}},{"type":"Feature","properties":{"chance":77,"depth_m":11.4,"coastal_limit_km":5},"geometry":{"type":"Polygon","coordinates":[[[129.1452702955852,35.076955270589906],[129.14545132181118,35.085968861848734],[129.1564169357152,35.08581953276996],[129.15623470443452,35.07680599115406],[129.1452702955852,35.076955270589906]]]}},{"type":"Feature","properties":{"chance":87,"depth_m":11.4,"coastal_limit_km":5},"geometry":{"type":"Polygon","coordinates":[[[129.14545132181118,35.085968861848734],[129.1456324284263,35.09498243886743],[129.1565992479197,35.094833060135],[129.1564169357152,35.08581953276996],[129.14545132181118,35.085968861848734]]]}},{"type":"Feature","properties":{"chance":84,"depth_m":11.4,"coastal_limit_km":5},"geometry":{"type":"Polygon","coordinates":[[[129.1456324284263,35.09498243886743],[129.14581361546587,35.103996001644056],[129.15678164108357,35.10384657324723],[129.1565992479197,35.094833060135],[129.1456324284263,35.09498243886743]]]}},{"type":"Feature","properties":{"chance":67,"depth_m":11.4,"coastal_limit_km":5},"geometry":{"type":"Polygon","coordinates":[[[129.14581361546587,35.103996001644056],[129.1459948829653,35.113009550176635],[129.1569641152425,35.11286007210469],[129.15678164108357,35.10384657324723],[129.14581361546587,35.103996001644056]]]}},{"type":"Feature","properties":{"chance":39,"depth_m":11.4,"coastal_limit_km":5},"geometry":{"type":"Polygon","coordinates":[[[129.1459948829653,35.113009550176635],[129.14617623096004,35.122023084463265],[129.1571466704321,35.121873556705445],[129.1569641152425,35.11286007210469],[129.1459948829653,35.113009550176635]]]}},{"type":"Feature","properties":{"chance":55,"depth_m":11.4,"coastal_limit_km":5},"geometry":{"type":"Polygon","coordinates":[[[129.14617623096004,35.122023084463265],[129.14635765948555,35.13103660450199],[129.15732930668807,35.13088702704753],[129.1571466704321,35.121873556705445],[129.14617623096004,35.122023084463265]]]}},{"type":"Feature","properties":{"chance":79,"depth_m":11.4,"coastal_limit_km":5},"geometry":{"type":"Polygon","coordinates":[[[129.14635765948555,35.13103660450199],[129.14653916857728,35.140050110290865],[129.15751202404613,35.13990048312901],[129.15732930668807,35.13088702704753],[129.14635765948555,35.13103660450199]]]}},{"type":"Feature","properties":{"chance":89,"depth_m":11.4,"coastal_limit_km":5},"geometry":{"type":"Polygon","coordinates":[[[129.14653916857728,35.140050110290865],[129.14672075827067,35.14906360182795],[129.15769482254203,35.14891392494795],[129.15751202404613,35.13990048312901],[129.14653916857728,35.140050110290865]]]}},{"type":"Feature","properties":{"chance":86,"depth_m":11.4,"coastal_limit_km":5},"geometry":{"type":"Polygon","coordinates":[[[129.14672075827067,35.14906360182795],[129.14690242860138,35.1580770791113],[129.15787770221152,35.15792735250239],[129.15769482254203,35.14891392494795],[129.14672075827067,35.14906360182795]]]}},{"type":"Feature","properties":{"chance":70,"depth_m":11.4,"coastal_limit_km":5},"geometry":{"type":"Polygon","coordinates":[[[129.14690242860138,35.1580770791113],[129.14708417960486,35.16709054213899],[129.15806066309037,35.16694076579038],[129.15787770221152,35.15792735250239],[129.14690242860138,35.1580770791113]]]}},{"type":"Feature","properties":{"chance":82,"depth_m":11.4,"coastal_limit_km":5},"geometry":{"type":"Polygon","coordinates":[[[129.14708417960486,35.16709054213899],[129.1472660113167,35.176103990909084],[129.1582437052144,35.17595416480999],[129.15806066309037,35.16694076579038],[129.14708417960486,35.16709054213899]]]}},{"type":"Feature","properties":{"chance":84,"depth_m":11.4,"coastal_limit_km":5},"geometry":{"type":"Polygon","coordinates":[[[129.1472660113167,35.176103990909084],[129.14744792377252,35.18511742541964],[129.15842682861944,35.184967549559275],[129.1582437052144,35.17595416480999],[129.1472660113167,35.176103990909084]]]}},{"type":"Feature","properties":{"chance":72,"depth_m":11.4,"coastal_limit_km":5},"geometry":{"type":"Polygon","coordinates":[[[129.14744792377252,35.18511742541964],[129.1476299170079,35.194130845668724],[129.15861003334135,35.19398092003629],[129.15842682861944,35.184967549559275],[129.14744792377252,35.18511742541964]]]}},{"type":"Feature","properties":{"chance":51,"depth_m":11.4,"coastal_limit_km":5},"geometry":{"type":"Polygon","coordinates":[[[129.15861003334135,35.19398092003629],[129.1476299170079,35.194130845668724],[129.14781099539476,35.203094973166],[129.14970393468468,35.202868307225344],[129.1551936360199,35.20172699051428],[129.15874581210213,35.20065842130214],[129.15861003334135,35.19398092003629]]]}},{"type":"Feature","properties":{"chance":90,"depth_m":13.9,"coastal_limit_km":5},"geometry":{"type":"Polygon","coordinates":[[[129.15587048450212,35.05877886517749],[129.16528513338363,35.058649951506034],[129.16288810179816,35.05681013144248],[129.16285740588023,35.056788440284365],[129.15894424523427,35.05426746221839],[129.15574505054286,35.052566769844034],[129.15587048450212,35.05877886517749]]]}},{"type":"Feature","properties":{"chance":94,"depth_m":17.3,"coastal_limit_km":5},"geometry":{"type":"Polygon","coordinates":[[[129.15587048450212,35.05877886517749],[129.15605255404202,35.06779243528926],[129.1670156775185,35.06764221512471],[129.16685929254618,35.059951342745556],[129.16618013020351,35.059336864091634],[129.16528513338363,35.058649951506034],[129.15587048450212,35.05877886517749]]]}},{"type":"Feature","properties":{"chance":85,"depth_m":17.3,"coastal_limit_km":5},"geometry":{"type":"Polygon","coordinates":[[[129.15605255404202,35.06779243528926],[129.15623470443452,35.07680599115406],[129.16719903239564,35.0766557210281],[129.1670156775185,35.06764221512471],[129.15605255404202,35.06779243528926]]]}},{"type":"Feature","properties":{"chance":64,"depth_m":17.3,"coastal_limit_km":5},"geometry":{"type":"Polygon","coordinates":[[[129.15623470443452,35.07680599115406],[129.1564169357152,35.08581953276996],[129.16738246869545,35.0856692126718],[129.16719903239564,35.0766557210281],[129.15623470443452,35.07680599115406]]]}},{"type":"Feature","properties":{"chance":60,"depth_m":17.3,"coastal_limit_km":5},"geometry":{"type":"Polygon","coordinates":[[[129.1564169357152,35.08581953276996],[129.1565992479197,35.094833060135],[129.16756598645372,35.09468269005384],[129.16738246869545,35.0856692126718],[129.1564169357152,35.08581953276996]]]}},{"type":"Feature","properties":{"chance":60,"depth_m":17.3,"coastal_limit_km":5},"geometry":{"type":"Polygon","coordinates":[[[129.1565992479197,35.094833060135],[129.15678164108357,35.10384657324723],[129.16774958570625,35.10369615317226],[129.16756598645372,35.09468269005384],[129.1565992479197,35.094833060135]]]}},{"type":"Feature","properties":{"chance":63,"depth_m":17.3,"coastal_limit_km":5},"geometry":{"type":"Polygon","coordinates":[[[129.15678164108357,35.10384657324723],[129.1569641152425,35.11286007210469],[129.16793326648894,35.1127096020251],[129.16774958570625,35.10369615317226],[129.15678164108357,35.10384657324723]]]}},{"type":"Feature","properties":{"chance":66,"depth_m":17.3,"coastal_limit_km":5},"geometry":{"type":"Polygon","coordinates":[[[129.1569641152425,35.11286007210469],[129.1571466704321,35.121873556705445],[129.16811702883774,35.12172303661041],[129.16793326648894,35.1127096020251],[129.1569641152425,35.11286007210469]]]}},{"type":"Feature","properties":{"chance":60,"depth_m":17.3,"coastal_limit_km":5},"geometry":{"type":"Polygon","coordinates":[[[129.1571466704321,35.121873556705445],[129.15732930668807,35.13088702704753],[129.1683008727885,35.13073645692625],[129.16811702883774,35.12172303661041],[129.1571466704321,35.121873556705445]]]}},{"type":"Feature","properties":{"chance":82,"depth_m":17.3,"coastal_limit_km":5},"geometry":{"type":"Polygon","coordinates":[[[129.15732930668807,35.13088702704753],[129.15751202404613,35.13990048312901],[129.1684847983772,35.139749862970646],[129.1683008727885,35.13073645692625],[129.15732930668807,35.13088702704753]]]}},{"type":"Feature","properties":{"chance":94,"depth_m":17.3,"coastal_limit_km":5},"geometry":{"type":"Polygon","coordinates":[[[129.15751202404613,35.13990048312901],[129.15769482254203,35.14891392494795],[129.1686688056398,35.14876325474165],[129.1684847983772,35.139749862970646],[129.15751202404613,35.13990048312901]]]}},{"type":"Feature","properties":{"chance":90,"depth_m":17.3,"coastal_limit_km":5},"geometry":{"type":"Polygon","coordinates":[[[129.15769482254203,35.14891392494795],[129.15787770221152,35.15792735250239],[129.1688528946123,35.15777663223733],[129.1686688056398,35.14876325474165],[129.15769482254203,35.14891392494795]]]}},{"type":"Feature","properties":{"chance":72,"depth_m":17.3,"coastal_limit_km":5},"geometry":{"type":"Polygon","coordinates":[[[129.15787770221152,35.15792735250239],[129.15806066309037,35.16694076579038],[129.16903706533068,35.1667899954557],[129.1688528946123,35.15777663223733],[129.15787770221152,35.15792735250239]]]}},{"type":"Feature","properties":{"chance":54,"depth_m":17.3,"coastal_limit_km":5},"geometry":{"type":"Polygon","coordinates":[[[129.15806066309037,35.16694076579038],[129.1582437052144,35.17595416480999],[129.16922131783107,35.17580334439486],[129.16903706533068,35.1667899954557],[129.15806066309037,35.16694076579038]]]}},{"type":"Feature","properties":{"chance":57,"depth_m":17.3,"coastal_limit_km":5},"geometry":{"type":"Polygon","coordinates":[[[129.1582437052144,35.17595416480999],[129.15842682861944,35.184967549559275],[129.1694056521495,35.18481667905281],[129.16922131783107,35.17580334439486],[129.1582437052144,35.17595416480999]]]}},{"type":"Feature","properties":{"chance":63,"depth_m":17.3,"coastal_limit_km":5},"geometry":{"type":"Polygon","coordinates":[[[129.15842682861944,35.184967549559275],[129.15861003334135,35.19398092003629],[129.16959006832204,35.19382999942763],[129.1694056521495,35.18481667905281],[129.15842682861944,35.184967549559275]]]}},{"type":"Feature","properties":{"chance":70,"depth_m":17.3,"coastal_limit_km":5},"geometry":{"type":"Polygon","coordinates":[[[129.16977456638486,35.20284330551739],[129.16959006832204,35.19382999942763],[129.15861003334135,35.19398092003629],[129.15874581210213,35.20065842130214],[129.16051073543963,35.20012744656293],[129.16217188202856,35.199461200001224],[129.16240049584596,35.199897907316725],[129.16445749094962,35.202916529358866],[129.16977456638486,35.20284330551739]]]}},{"type":"Feature","properties":{"chance":75,"depth_m":21.7,"coastal_limit_km":5},"geometry":{"type":"Polygon","coordinates":[[[129.16977456638486,35.20284330551739],[129.16445749094962,35.202916529358866],[129.16519035353852,35.20399193376167],[129.16848381064443,35.207825695944585],[129.16990389863656,35.20915919626893],[129.16977456638486,35.20284330551739]]]}},{"type":"Feature","properties":{"chance":87,"depth_m":25.3,"coastal_limit_km":5},"geometry":{"type":"Polygon","coordinates":[[[129.1670156775185,35.06764221512471],[129.17395780226568,35.06754657926402],[129.17225681391056,35.06536508575796],[129.1719543261393,35.065012598798326],[129.16920902005495,35.062077177961],[129.16685929254618,35.059951342745556],[129.1670156775185,35.06764221512471]]]}},{"type":"Feature","properties":{"chance":77,"depth_m":28.0,"coastal_limit_km":5},"geometry":{"type":"Polygon","coordinates":[[[129.1670156775185,35.06764221512471],[129.16719903239564,35.0766557210281],[129.1781632789342,35.07650446023584],[129.17811663614447,35.07422691219418],[129.17713462940068,35.07227733289184],[129.17488230929033,35.068732185568045],[129.17395780226568,35.06754657926402],[129.1670156775185,35.06764221512471]]]}},{"type":"Feature","properties":{"chance":52,"depth_m":29.1,"coastal_limit_km":5},"geometry":{"type":"Polygon","coordinates":[[[129.16719903239564,35.0766557210281],[129.16738246869545,35.0856692126718],[129.17834792021725,35.085517901578086],[129.1781632789342,35.07650446023584],[129.16719903239564,35.0766557210281]]]}},{"type":"Feature","properties":{"chance":31,"depth_m":29.1,"coastal_limit_km":5},"geometry":{"type":"Polygon","coordinates":[[[129.16738246869545,35.0856692126718],[129.16756598645372,35.09468269005384],[129.1785326434934,35.09453132864778],[129.17834792021725,35.085517901578086],[129.16738246869545,35.0856692126718]]]}},{"type":"Feature","properties":{"chance":59,"depth_m":29.1,"coastal_limit_km":5},"geometry":{"type":"Polygon","coordinates":[[[129.16756598645372,35.09468269005384],[129.16774958570625,35.10369615317226],[129.17871744879875,35.103544741442995],[129.1785326434934,35.09453132864778],[129.16756598645372,35.09468269005384]]]}},{"type":"Feature","properties":{"chance":75,"depth_m":29.1,"coastal_limit_km":5},"geometry":{"type":"Polygon","coordinates":[[[129.17871744879875,35.103544741442995],[129.16774958570625,35.10369615317226],[129.16793326648894,35.1127096020251],[129.1767833867033,35.11258747602964],[129.17734531586015,35.11162419151756],[129.17760372576979,35.111018636706596],[129.1784561194639,35.10944621367139],[129.1788198774529,35.108538711573196],[129.17871744879875,35.103544741442995]]]}},{"type":"Feature","properties":{"chance":82,"depth_m":26.5,"coastal_limit_km":5},"geometry":{"type":"Polygon","coordinates":[[[129.16793326648894,35.1127096020251],[129.16811702883774,35.12172303661041],[129.17564702261387,35.12161914547237],[129.1751675328342,35.12106662333111],[129.1745803288318,35.120455932715146],[129.17384267344121,35.11976151203993],[129.17363093465937,35.11951708294524],[129.17331687851123,35.11918989501274],[129.17305733651074,35.11894514821112],[129.175007976393,35.11575736409026],[129.1752468703723,35.11522131739213],[129.1761349733546,35.11369898529955],[129.17620566133814,35.113597527803435],[129.1763568719765,35.11331861065051],[129.1767833867033,35.11258747602964],[129.16793326648894,35.1127096020251]]]}},{"type":"Feature","properties":{"chance":73,"depth_m":29.1,"coastal_limit_km":5},"geometry":{"type":"Polygon","coordinates":[[[129.16811702883774,35.12172303661041],[129.1683008727885,35.13073645692625],[129.179272357251,35.130584894162034],[129.17917679304782,35.125930718349906],[129.1783019548376,35.12467828225748],[129.17564702261387,35.12161914547237],[129.16811702883774,35.12172303661041]]]}},{"type":"Feature","properties":{"chance":68,"depth_m":29.1,"coastal_limit_km":5},"geometry":{"type":"Polygon","coordinates":[[[129.1683008727885,35.13073645692625],[129.1684847983772,35.139749862970646],[129.17945749103436,35.13959824983966],[129.179272357251,35.130584894162034],[129.1683008727885,35.13073645692625]]]}},{"type":"Feature","properties":{"chance":78,"depth_m":29.1,"coastal_limit_km":5},"geometry":{"type":"Polygon","coordinates":[[[129.1684847983772,35.139749862970646],[129.1686688056398,35.14876325474165],[129.17964270702765,35.14861159123298],[129.17945749103436,35.13959824983966],[129.1684847983772,35.139749862970646]]]}},{"type":"Feature","properties":{"chance":75,"depth_m":29.1,"coastal_limit_km":5},"geometry":{"type":"Polygon","coordinates":[[[129.1686688056398,35.14876325474165],[129.1688528946123,35.15777663223733],[129.17982800526713,35.15762491834006],[129.17964270702765,35.14861159123298],[129.1686688056398,35.14876325474165]]]}},{"type":"Feature","properties":{"chance":59,"depth_m":29.1,"coastal_limit_km":5},"geometry":{"type":"Polygon","coordinates":[[[129.1688528946123,35.15777663223733],[129.16903706533068,35.1667899954557],[129.18001338578907,35.16663823115892],[129.17982800526713,35.15762491834006],[129.1688528946123,35.15777663223733]]]}},{"type":"Feature","properties":{"chance":36,"depth_m":29.1,"coastal_limit_km":5},"geometry":{"type":"Polygon","coordinates":[[[129.16903706533068,35.1667899954557],[129.16922131783107,35.17580334439486],[129.18019884862974,35.17565152968762],[129.18001338578907,35.16663823115892],[129.16903706533068,35.1667899954557]]]}},{"type":"Feature","properties":{"chance":51,"depth_m":29.1,"coastal_limit_km":5},"geometry":{"type":"Polygon","coordinates":[[[129.16922131783107,35.17580334439486],[129.1694056521495,35.18481667905281],[129.18038439382545,35.184664813924215],[129.18019884862974,35.17565152968762],[129.16922131783107,35.17580334439486]]]}},{"type":"Feature","properties":{"chance":75,"depth_m":29.1,"coastal_limit_km":5},"geometry":{"type":"Polygon","coordinates":[[[129.1694056521495,35.18481667905281],[129.16959006832204,35.19382999942763],[129.1805700214125,35.19367808386673],[129.18038439382545,35.184664813924215],[129.1694056521495,35.18481667905281]]]}},{"type":"Feature","properties":{"chance":86,"depth_m":29.1,"coastal_limit_km":5},"geometry":{"type":"Polygon","coordinates":[[[129.16959006832204,35.19382999942763],[129.16977456638486,35.20284330551739],[129.1807557314273,35.20269133951323],[129.1805700214125,35.19367808386673],[129.16959006832204,35.19382999942763]]]}},{"type":"Feature","properties":{"chance":84,"depth_m":29.1,"coastal_limit_km":5},"geometry":{"type":"Polygon","coordinates":[[[129.18094152390617,35.21170458086177],[129.1807557314273,35.20269133951323],[129.16977456638486,35.20284330551739],[129.16990389863656,35.20915919626893],[129.1722452254927,35.21135762882101],[129.17235132588584,35.21144736298376],[129.17283215899533,35.21181692576917],[129.18094152390617,35.21170458086177]]]}},{"type":"Feature","properties":{"chance":65,"depth_m":31.2,"coastal_limit_km":5},"geometry":{"type":"Polygon","coordinates":[[[129.1811273988856,35.22071780791036],[129.18094152390617,35.21170458086177],[129.17283215899533,35.21181692576917],[129.17461223483315,35.21318502456071],[129.17448359854953,35.21394290737599],[129.1743962715542,35.21472958335835],[129.17417212938574,35.21923731332773],[129.17428620186342,35.220812640839185],[129.1811273988856,35.22071780791036]]]}},{"type":"Feature","properties":{"chance":68,"depth_m":31.4,"coastal_limit_km":5},"geometry":{"type":"Polygon","coordinates":[[[129.18131335640194,35.22973102065711],[129.1811273988856,35.22071780791036],[129.17428620186342,35.220812640839185],[129.1744982540399,35.22374084688768],[129.1753714681708,35.22819505759787],[129.17589306150876,35.22980620547159],[129.18131335640194,35.22973102065711]]]}},{"type":"Feature","properties":{"chance":66,"depth_m":32.6,"coastal_limit_km":5},"geometry":{"type":"Polygon","coordinates":[[[129.1814993964917,35.23874421910002],[129.18131335640194,35.22973102065711],[129.17589306150876,35.22980620547159],[129.1767831087908,35.232555306080705],[129.17871911063884,35.23677788780301],[129.17991965445137,35.238766161605554],[129.1814993964917,35.23874421910002]]]}},{"type":"Feature","properties":{"chance":58,"depth_m":33.9,"coastal_limit_km":5},"geometry":{"type":"Polygon","coordinates":[[[129.1814993964917,35.23874421910002],[129.17991965445137,35.238766161605554],[129.1811601439867,35.24082047175405],[129.18155287239958,35.24133425637975],[129.1814993964917,35.23874421910002]]]}},{"type":"Feature","properties":{"chance":57,"depth_m":34.5,"coastal_limit_km":5},"geometry":{"type":"Polygon","coordinates":[[[129.1781632789342,35.07650446023584],[129.17919341722586,35.076490197662906],[129.17899600549623,35.0759726355187],[129.17811663614447,35.07422691219418],[129.1781632789342,35.07650446023584]]]}},{"type":"Feature","properties":{"chance":51,"depth_m":35.5,"coastal_limit_km":5},"geometry":{"type":"Polygon","coordinates":[[[129.1781632789342,35.07650446023584],[129.17834792021725,35.085517901578086],[129.1818760528496,35.085469006293586],[129.18183526153274,35.08515722219187],[129.18179813819665,35.08496394200368],[129.1815112234658,35.0838201202364],[129.18149954280062,35.08374043650515],[129.1814903149607,35.08369644134253],[129.1813107922249,35.08302105468285],[129.1807631222464,35.08083755287273],[129.18064866925877,35.08052995931124],[129.18045173827434,35.079789016270105],[129.17919341722586,35.076490197662906],[129.1781632789342,35.07650446023584]]]}},{"type":"Feature","properties":{"chance":50,"depth_m":36.1,"coastal_limit_km":5},"geometry":{"type":"Polygon","coordinates":[[[129.17834792021725,35.085517901578086],[129.1785326434934,35.09453132864778],[129.18241172710876,35.094477552068874],[129.18245961513747,35.09404474146784],[129.18241502004736,35.08958828323334],[129.1818760528496,35.085469006293586],[129.17834792021725,35.085517901578086]]]}},{"type":"Feature","properties":{"chance":66,"depth_m":35.6,"coastal_limit_km":5},"geometry":{"type":"Polygon","coordinates":[[[129.1785326434934,35.09453132864778],[129.17871744879875,35.103544741442995],[129.1807090350552,35.103517141022934],[129.18094646052518,35.10285976444935],[129.181968523739,35.09848303297906],[129.18241172710876,35.094477552068874],[129.1785326434934,35.09453132864778]]]}},{"type":"Feature","properties":{"chance":78,"depth_m":34.8,"coastal_limit_km":5},"geometry":{"type":"Polygon","coordinates":[[[129.17871744879875,35.103544741442995],[129.1788198774529,35.108538711573196],[129.1793013479429,35.10733750970388],[129.1794033351853,35.107132137527856],[129.17958271013478,35.10663553381192],[129.18018623047544,35.105129758665306],[129.1803594520377,35.104485037088445],[129.1807090350552,35.103517141022934],[129.17871744879875,35.103544741442995]]]}},{"type":"Feature","properties":{"chance":73,"depth_m":35.5,"coastal_limit_km":5},"geometry":{"type":"MultiPolygon","coordinates":[[[[129.19024375953975,35.13043233877893],[129.19023721808506,35.13011585756442],[129.18952141733422,35.13044241337776],[129.19024375953975,35.13043233877893]]],[[[129.179272357251,35.130584894162034],[129.18326751245294,35.13052945729291],[129.18056239037386,35.12791427248103],[129.17917679304782,35.125930718349906],[129.179272357251,35.130584894162034]]]]}},{"type":"Feature","properties":{"chance":53,"depth_m":39.0,"coastal_limit_km":5},"geometry":{"type":"Polygon","coordinates":[[[129.179272357251,35.130584894162034],[129.17945749103436,35.13959824983966],[129.19043010148155,35.139445643760105],[129.19024375953975,35.13043233877893],[129.18952141733422,35.13044241337776],[129.18840742261534,35.1309506160307],[129.1883508376557,35.13097960217235],[129.18516683606802,35.132788352919285],[129.18346169610763,35.13071717589328],[129.18326751245294,35.13052945729291],[129.179272357251,35.130584894162034]]]}},{"type":"Feature","properties":{"chance":47,"depth_m":39.0,"coastal_limit_km":5},"geometry":{"type":"Polygon","coordinates":[[[129.17945749103436,35.13959824983966],[129.17964270702765,35.14861159123298],[129.19061652616935,35.148458934446],[129.19043010148155,35.139445643760105],[129.17945749103436,35.13959824983966]]]}},{"type":"Feature","properties":{"chance":48,"depth_m":39.0,"coastal_limit_km":5},"geometry":{"type":"Polygon","coordinates":[[[129.17964270702765,35.14861159123298],[129.17982800526713,35.15762491834006],[129.19080303363955,35.15747221083467],[129.19061652616935,35.148458934446],[129.17964270702765,35.14861159123298]]]}},{"type":"Feature","properties":{"chance":61,"depth_m":39.0,"coastal_limit_km":5},"geometry":{"type":"Polygon","coordinates":[[[129.17982800526713,35.15762491834006],[129.18001338578907,35.16663823115892],[129.19098962392871,35.16648547292412],[129.19080303363955,35.15747221083467],[129.17982800526713,35.15762491834006]]]}},{"type":"Feature","properties":{"chance":65,"depth_m":39.0,"coastal_limit_km":5},"geometry":{"type":"Polygon","coordinates":[[[129.18001338578907,35.16663823115892],[129.18019884862974,35.17565152968762],[129.19117629707338,35.17549872071242],[129.19098962392871,35.16648547292412],[129.18001338578907,35.16663823115892]]]}},{"type":"Feature","properties":{"chance":58,"depth_m":39.0,"coastal_limit_km":5},"geometry":{"type":"Polygon","coordinates":[[[129.18019884862974,35.17565152968762],[129.18038439382545,35.184664813924215],[129.19136305311,35.18451195419761],[129.19117629707338,35.17549872071242],[129.18019884862974,35.17565152968762]]]}},{"type":"Feature","properties":{"chance":74,"depth_m":39.0,"coastal_limit_km":5},"geometry":{"type":"Polygon","coordinates":[[[129.18038439382545,35.184664813924215],[129.1805700214125,35.19367808386673],[129.19154989207524,35.19352517337771],[129.19136305311,35.18451195419761],[129.18038439382545,35.184664813924215]]]}},{"type":"Feature","properties":{"chance":86,"depth_m":39.0,"coastal_limit_km":5},"geometry":{"type":"Polygon","coordinates":[[[129.1805700214125,35.19367808386673],[129.1807557314273,35.20269133951323],[129.19173681400562,35.20253837825078],[129.19154989207524,35.19352517337771],[129.1805700214125,35.19367808386673]]]}},{"type":"Feature","properties":{"chance":82,"depth_m":39.0,"coastal_limit_km":5},"geometry":{"type":"Polygon","coordinates":[[[129.1807557314273,35.20269133951323],[129.18094152390617,35.21170458086177],[129.1919238189378,35.211551568814855],[129.19173681400562,35.20253837825078],[129.1807557314273,35.20269133951323]]]}},{"type":"Feature","properties":{"chance":64,"depth_m":39.0,"coastal_limit_km":5},"geometry":{"type":"Polygon","coordinates":[[[129.18094152390617,35.21170458086177],[129.1811273988856,35.22071780791036],[129.1921109069084,35.22056474506799],[129.1919238189378,35.211551568814855],[129.18094152390617,35.21170458086177]]]}},{"type":"Feature","properties":{"chance":42,"depth_m":39.0,"coastal_limit_km":5},"geometry":{"type":"Polygon","coordinates":[[[129.1811273988856,35.22071780791036],[129.18131335640194,35.22973102065711],[129.1922980779541,35.22957790700822],[129.1921109069084,35.22056474506799],[129.1811273988856,35.22071780791036]]]}},{"type":"Feature","properties":{"chance":44,"depth_m":39.0,"coastal_limit_km":5},"geometry":{"type":"Polygon","coordinates":[[[129.18131335640194,35.22973102065711],[129.1814993964917,35.23874421910002],[129.19248533211163,35.238591054633595],[129.1922980779541,35.22957790700822],[129.18131335640194,35.22973102065711]]]}},{"type":"Feature","properties":{"chance":60,"depth_m":39.4,"coastal_limit_km":5},"geometry":{"type":"Polygon","coordinates":[[[129.19267266941765,35.24760418794216],[129.19248533211163,35.238591054633595],[129.1814993964917,35.23874421910002],[129.18155287239958,35.24133425637975],[129.1840818056281,35.24464252559283],[129.18696091862034,35.24768396259938],[129.19267266941765,35.24760418794216]]]}},{"type":"Feature","properties":{"chance":73,"depth_m":41.8,"coastal_limit_km":5},"geometry":{"type":"Polygon","coordinates":[[[129.19267266941765,35.24760418794216],[129.18696091862034,35.24768396259938],[129.18745486124408,35.248205722963625],[129.19124553680317,35.251474328849646],[129.1927755754297,35.252553472269945],[129.19267266941765,35.24760418794216]]]}},{"type":"Feature","properties":{"chance":56,"depth_m":47.3,"coastal_limit_km":5},"geometry":{"type":"Polygon","coordinates":[[[129.19024375953975,35.13043233877893],[129.20121507911898,35.13027879080115],[129.20113066602482,35.12622076764574],[129.19836890202606,35.12693361425517],[129.1932643493401,35.12873477388965],[129.19023721808506,35.13011585756442],[129.19024375953975,35.13043233877893]]]}},{"type":"Feature","properties":{"chance":45,"depth_m":46.0,"coastal_limit_km":5},"geometry":{"type":"Polygon","coordinates":[[[129.19024375953975,35.13043233877893],[129.19043010148155,35.139445643760105],[129.20140262918278,35.1392920447562],[129.20121507911898,35.13027879080115],[129.19024375953975,35.13043233877893]]]}},{"type":"Feature","properties":{"chance":32,"depth_m":46.0,"coastal_limit_km":5},"geometry":{"type":"Polygon","coordinates":[[[129.19043010148155,35.139445643760105],[129.19061652616935,35.148458934446],[129.20159026252855,35.148305284404934],[129.20140262918278,35.1392920447562],[129.19043010148155,35.139445643760105]]]}},{"type":"Feature","properties":{"chance":55,"depth_m":46.0,"coastal_limit_km":5},"geometry":{"type":"Polygon","coordinates":[[[129.19061652616935,35.148458934446],[129.19080303363955,35.15747221083467],[129.20177797919303,35.15731850974536],[129.20159026252855,35.148305284404934],[129.19061652616935,35.148458934446]]]}},{"type":"Feature","properties":{"chance":75,"depth_m":46.0,"coastal_limit_km":5},"geometry":{"type":"Polygon","coordinates":[[[129.19080303363955,35.15747221083467],[129.19098962392871,35.16648547292412],[129.2019657792129,35.166331720775545],[129.20177797919303,35.15731850974536],[129.19080303363955,35.15747221083467]]]}},{"type":"Feature","properties":{"chance":82,"depth_m":46.0,"coastal_limit_km":5},"geometry":{"type":"Polygon","coordinates":[[[129.19098962392871,35.16648547292412],[129.19117629707338,35.17549872071242],[129.20215366262497,35.1753449174935],[129.2019657792129,35.166331720775545],[129.19098962392871,35.16648547292412]]]}},{"type":"Feature","properties":{"chance":73,"depth_m":46.0,"coastal_limit_km":5},"geometry":{"type":"Polygon","coordinates":[[[129.19117629707338,35.17549872071242],[129.19136305311,35.18451195419761],[129.20234162946602,35.18435809989726],[129.20215366262497,35.1753449174935],[129.19117629707338,35.17549872071242]]]}},{"type":"Feature","properties":{"chance":59,"depth_m":46.0,"coastal_limit_km":5},"geometry":{"type":"Polygon","coordinates":[[[129.19136305311,35.18451195419761],[129.19154989207524,35.19352517337771],[129.2025296797728,35.19337126798485],[129.20234162946602,35.18435809989726],[129.19136305311,35.18451195419761]]]}},{"type":"Feature","properties":{"chance":68,"depth_m":46.0,"coastal_limit_km":5},"geometry":{"type":"Polygon","coordinates":[[[129.19154989207524,35.19352517337771],[129.19173681400562,35.20253837825078],[129.20271781358215,35.20238442175433],[129.2025296797728,35.19337126798485],[129.19154989207524,35.19352517337771]]]}},{"type":"Feature","properties":{"chance":66,"depth_m":46.0,"coastal_limit_km":5},"geometry":{"type":"Polygon","coordinates":[[[129.19173681400562,35.20253837825078],[129.1919238189378,35.211551568814855],[129.20290603093096,35.211397561203725],[129.20271781358215,35.20238442175433],[129.19173681400562,35.20253837825078]]]}},{"type":"Feature","properties":{"chance":51,"depth_m":46.0,"coastal_limit_km":5},"geometry":{"type":"Polygon","coordinates":[[[129.1919238189378,35.211551568814855],[129.1921109069084,35.22056474506799],[129.2030943318561,35.22041068633107],[129.20290603093096,35.211397561203725],[129.1919238189378,35.211551568814855]]]}},{"type":"Feature","properties":{"chance":37,"depth_m":46.0,"coastal_limit_km":5},"geometry":{"type":"Polygon","coordinates":[[[129.1921109069084,35.22056474506799],[129.1922980779541,35.22957790700822],[129.20328271639448,35.229423797134416],[129.2030943318561,35.22041068633107],[129.1921109069084,35.22056474506799]]]}},{"type":"Feature","properties":{"chance":47,"depth_m":46.0,"coastal_limit_km":5},"geometry":{"type":"Polygon","coordinates":[[[129.1922980779541,35.22957790700822],[129.19248533211163,35.238591054633595],[129.203471184583,35.23843689361179],[129.20328271639448,35.229423797134416],[129.1922980779541,35.22957790700822]]]}},{"type":"Feature","properties":{"chance":71,"depth_m":46.0,"coastal_limit_km":5},"geometry":{"type":"Polygon","coordinates":[[[129.19248533211163,35.238591054633595],[129.19267266941765,35.24760418794216],[129.2036597364587,35.247449975761235],[129.203471184583,35.23843689361179],[129.19248533211163,35.238591054633595]]]}},{"type":"Feature","properties":{"chance":81,"depth_m":46.0,"coastal_limit_km":5},"geometry":{"type":"Polygon","coordinates":[[[129.20384837205845,35.256463043580794],[129.2036597364587,35.247449975761235],[129.19267266941765,35.24760418794216],[129.1927755754297,35.252553472269945],[129.19291144459774,35.25264929905536],[129.1937372925379,35.25580706516902],[129.19405023802497,35.25660064677752],[129.20384837205845,35.256463043580794]]]}},{"type":"Feature","properties":{"chance":78,"depth_m":46.9,"coastal_limit_km":5},"geometry":{"type":"Polygon","coordinates":[[[129.20403709141934,35.265476097068515],[129.20384837205845,35.256463043580794],[129.19405023802497,35.25660064677752],[129.1954533314918,35.26015846334313],[129.19769836901176,35.26434477768338],[129.19775902638065,35.264443903281894],[129.1985236506108,35.26555364164361],[129.20403709141934,35.265476097068515]]]}},{"type":"Feature","properties":{"chance":63,"depth_m":47.9,"coastal_limit_km":5},"geometry":{"type":"Polygon","coordinates":[[[129.20403709141934,35.265476097068515],[129.1985236506108,35.26555364164361],[129.2004189240608,35.26830419174172],[129.20352871057545,35.27193136619203],[129.20418539947264,35.27255632898509],[129.20403709141934,35.265476097068515]]]}},{"type":"Feature","properties":{"chance":53,"depth_m":49.6,"coastal_limit_km":5},"geometry":{"type":"Polygon","coordinates":[[[129.20121507911898,35.13027879080115],[129.2121863154529,35.13012425025305],[129.21206640125388,35.124396260026224],[129.20910978165372,35.12464466361433],[129.20366880231902,35.12556557631301],[129.20113066602482,35.12622076764574],[129.20121507911898,35.13027879080115]]]}},{"type":"Feature","properties":{"chance":61,"depth_m":49.6,"coastal_limit_km":5},"geometry":{"type":"Polygon","coordinates":[[[129.20121507911898,35.13027879080115],[129.20140262918278,35.1392920447562],[129.212375073602,35.13913745285233],[129.2121863154529,35.13012425025305],[129.20121507911898,35.13027879080115]]]}},{"type":"Feature","properties":{"chance":61,"depth_m":49.6,"coastal_limit_km":5},"geometry":{"type":"Polygon","coordinates":[[[129.20140262918278,35.1392920447562],[129.20159026252855,35.148305284404934],[129.2125639155691,35.14815064113416],[129.212375073602,35.13913745285233],[129.20140262918278,35.1392920447562]]]}},{"type":"Feature","properties":{"chance":57,"depth_m":49.6,"coastal_limit_km":5},"geometry":{"type":"Polygon","coordinates":[[[129.20159026252855,35.148305284404934],[129.20177797919303,35.15731850974536],[129.21275284139108,35.15716381509659],[129.2125639155691,35.14815064113416],[129.20159026252855,35.148305284404934]]]}},{"type":"Feature","properties":{"chance":76,"depth_m":49.6,"coastal_limit_km":5},"geometry":{"type":"Polygon","coordinates":[[[129.20177797919303,35.15731850974536],[129.2019657792129,35.166331720775545],[129.21294185110494,35.16617697473761],[129.21275284139108,35.15716381509659],[129.20177797919303,35.15731850974536]]]}},{"type":"Feature","properties":{"chance":83,"depth_m":49.6,"coastal_limit_km":5},"geometry":{"type":"Polygon","coordinates":[[[129.2019657792129,35.166331720775545],[129.20215366262497,35.1753449174935],[129.21313094474766,35.17519012005527],[129.21294185110494,35.16617697473761],[129.2019657792129,35.166331720775545]]]}},{"type":"Feature","properties":{"chance":75,"depth_m":49.5,"coastal_limit_km":5},"geometry":{"type":"Polygon","coordinates":[[[129.20215366262497,35.1753449174935],[129.20234162946602,35.18435809989726],[129.21332012235624,35.18420325104759],[129.21313094474766,35.17519012005527],[129.20215366262497,35.1753449174935]],[[129.2119368,35.1797025],[129.2119758,35.1797343],[129.2119722,35.179795],[129.2118908,35.1799194],[129.2118377,35.18000910000001],[129.2117492,35.1800525],[129.2116431,35.17996279999999],[129.2115864,35.1797806],[129.2116431,35.1797401],[129.2116997,35.1797574],[129.2117457,35.1797169],[129.2118129,35.1797198],[129.2118342,35.179688],[129.2119368,35.1797025]]]}},{"type":"Feature","properties":{"chance":52,"depth_m":49.6,"coastal_limit_km":5},"geometry":{"type":"Polygon","coordinates":[[[129.20234162946602,35.18435809989726],[129.2025296797728,35.19337126798485],[129.21350938396776,35.1932163677126],[129.21332012235624,35.18420325104759],[129.20234162946602,35.18435809989726]]]}},{"type":"Feature","properties":{"chance":38,"depth_m":49.6,"coastal_limit_km":5},"geometry":{"type":"Polygon","coordinates":[[[129.2025296797728,35.19337126798485],[129.20271781358215,35.20238442175433],[129.21369872961924,35.20222947004834],[129.21350938396776,35.1932163677126],[129.2025296797728,35.19337126798485]]]}},{"type":"Feature","properties":{"chance":44,"depth_m":49.6,"coastal_limit_km":5},"geometry":{"type":"Polygon","coordinates":[[[129.20271781358215,35.20238442175433],[129.20290603093096,35.211397561203725],[129.21388815934782,35.21124255805283],[129.21369872961924,35.20222947004834],[129.20271781358215,35.20238442175433]]]}},{"type":"Feature","properties":{"chance":61,"depth_m":49.6,"coastal_limit_km":5},"geometry":{"type":"Polygon","coordinates":[[[129.20290603093096,35.211397561203725],[129.2030943318561,35.22041068633107],[129.21407767319056,35.22025563172409],[129.21388815934782,35.21124255805283],[129.20290603093096,35.211397561203725]]]}},{"type":"Feature","properties":{"chance":66,"depth_m":49.6,"coastal_limit_km":5},"geometry":{"type":"Polygon","coordinates":[[[129.2030943318561,35.22041068633107],[129.20328271639448,35.229423797134416],[129.2142672711847,35.229268691060184],[129.21407767319056,35.22025563172409],[129.2030943318561,35.22041068633107]]]}},{"type":"Feature","properties":{"chance":59,"depth_m":49.6,"coastal_limit_km":5},"geometry":{"type":"Polygon","coordinates":[[[129.20328271639448,35.229423797134416],[129.203471184583,35.23843689361179],[129.2144569533673,35.238281736059115],[129.2142672711847,35.229268691060184],[129.20328271639448,35.229423797134416]]]}},{"type":"Feature","properties":{"chance":70,"depth_m":49.6,"coastal_limit_km":5},"geometry":{"type":"Polygon","coordinates":[[[129.203471184583,35.23843689361179],[129.2036597364587,35.247449975761235],[129.2146467197756,35.24729476671894],[129.2144569533673,35.238281736059115],[129.203471184583,35.23843689361179]]]}},{"type":"Feature","properties":{"chance":81,"depth_m":49.6,"coastal_limit_km":5},"geometry":{"type":"Polygon","coordinates":[[[129.2036597364587,35.247449975761235],[129.20384837205845,35.256463043580794],[129.21483657044686,35.25630778303767],[129.2146467197756,35.24729476671894],[129.2036597364587,35.247449975761235]]]}},{"type":"Feature","properties":{"chance":78,"depth_m":49.6,"coastal_limit_km":5},"geometry":{"type":"Polygon","coordinates":[[[129.20384837205845,35.256463043580794],[129.20403709141934,35.265476097068515],[129.21502650541825,35.26532078501337],[129.21483657044686,35.25630778303767],[129.20384837205845,35.256463043580794]]]}},{"type":"Feature","properties":{"chance":62,"depth_m":49.6,"coastal_limit_km":5},"geometry":{"type":"Polygon","coordinates":[[[129.2152165247271,35.27433377264406],[129.21502650541825,35.26532078501337],[129.20403709141934,35.265476097068515],[129.20418539947264,35.27255632898509],[129.2061873554197,35.2744614822435],[129.2152165247271,35.27433377264406]]]}},{"type":"Feature","properties":{"chance":26,"depth_m":49.9,"coastal_limit_km":5},"geometry":{"type":"Polygon","coordinates":[[[129.2154066284107,35.283346745927794],[129.2152165247271,35.27433377264406],[129.2061873554197,35.2744614822435],[129.20705831580923,35.275290288801024],[129.21097358995385,35.27834841666405],[129.21129293410903,35.278552760312124],[129.2098259876065,35.28127208457828],[129.20895979325405,35.283438019726056],[129.2154066284107,35.283346745927794]]]}},{"type":"Feature","properties":{"chance":38,"depth_m":49.8,"coastal_limit_km":5},"geometry":{"type":"Polygon","coordinates":[[[129.21559681650638,35.29235970486258],[129.2154066284107,35.283346745927794],[129.20895979325405,35.283438019726056],[129.20812051185797,35.28553654822181],[129.20694056953147,35.28991893200363],[129.20657022938545,35.29248743453229],[129.21559681650638,35.29235970486258]]]}},{"type":"Feature","properties":{"chance":60,"depth_m":49.7,"coastal_limit_km":5},"geometry":{"type":"Polygon","coordinates":[[[129.21578708905147,35.30137264944649],[129.21559681650638,35.29235970486258],[129.20657022938545,35.29248743453229],[129.20629794219846,35.29437579887924],[129.20619908943965,35.29886296633469],[129.20646247570625,35.30150461398185],[129.21578708905147,35.30137264944649]]]}},{"type":"Feature","properties":{"chance":71,"depth_m":49.8,"coastal_limit_km":5},"geometry":{"type":"Polygon","coordinates":[[[129.21597744608334,35.31038557967757],[129.21578708905147,35.30137264944649],[129.20646247570625,35.30150461398185],[129.20664508131833,35.30333594419992],[129.20722375323894,35.305925467189624],[129.20773991719145,35.30942343551202],[129.20803770244888,35.310498015477755],[129.21597744608334,35.31038557967757]]]}},{"type":"Feature","properties":{"chance":68,"depth_m":49.9,"coastal_limit_km":5},"geometry":{"type":"Polygon","coordinates":[[[129.21616788763944,35.31939849555385],[129.21597744608334,35.31038557967757],[129.20803770244888,35.310498015477755],[129.20899374353866,35.313947746195275],[129.21080854228808,35.31834240195995],[129.2108455031831,35.31841871855726],[129.21142595044333,35.31946572435475],[129.21616788763944,35.31939849555385]]]}},{"type":"Feature","properties":{"chance":58,"depth_m":50.0,"coastal_limit_km":5},"geometry":{"type":"Polygon","coordinates":[[[129.21616788763944,35.31939849555385],[129.21142595044333,35.31946572435475],[129.21305660888262,35.32240692510349],[129.21572990968545,35.32620030532586],[129.21632610388804,35.32688325065263],[129.21616788763944,35.31939849555385]]]}},{"type":"Feature","properties":{"chance":66,"depth_m":49.4,"coastal_limit_km":5},"geometry":{"type":"Polygon","coordinates":[[[129.2121863154529,35.13012425025305],[129.22315746800575,35.12996871715915],[129.2230404254115,35.124413505224474],[129.22019128682567,35.12417724096699],[129.2146361346467,35.12418030146001],[129.21206640125388,35.124396260026224],[129.2121863154529,35.13012425025305]]]}},{"type":"Feature","properties":{"chance":79,"depth_m":49.4,"coastal_limit_km":5},"geometry":{"type":"Polygon","coordinates":[[[129.2121863154529,35.13012425025305],[129.212375073602,35.13913745285233],[129.2233474342033,35.13898186807302],[129.22315746800575,35.12996871715915],[129.2121863154529,35.13012425025305]]]}},{"type":"Feature","properties":{"chance":80,"depth_m":49.4,"coastal_limit_km":5},"geometry":{"type":"Polygon","coordinates":[[[129.212375073602,35.13913745285233],[129.2125639155691,35.14815064113416],[129.22353748475476,35.14799500465825],[129.2233474342033,35.13898186807302],[129.212375073602,35.13913745285233]]]}},{"type":"Feature","properties":{"chance":68,"depth_m":49.4,"coastal_limit_km":5},"geometry":{"type":"Polygon","coordinates":[[[129.2125639155691,35.14815064113416],[129.21275284139108,35.15716381509659],[129.22372761969726,35.15700812691287],[129.22353748475476,35.14799500465825],[129.2125639155691,35.14815064113416]]]}},{"type":"Feature","properties":{"chance":61,"depth_m":49.4,"coastal_limit_km":5},"geometry":{"type":"Polygon","coordinates":[[[129.21275284139108,35.15716381509659],[129.21294185110494,35.16617697473761],[129.2239178390681,35.16602123483488],[129.22372761969726,35.15700812691287],[129.21275284139108,35.15716381509659]]]}},{"type":"Feature","properties":{"chance":66,"depth_m":49.4,"coastal_limit_km":5},"geometry":{"type":"Polygon","coordinates":[[[129.21294185110494,35.16617697473761],[129.21313094474766,35.17519012005527],[129.22410814290447,35.17503432842233],[129.2239178390681,35.16602123483488],[129.21294185110494,35.16617697473761]],[[129.2175023,35.1692471],[129.2173961,35.16926730000001],[129.2173944,35.1692225],[129.21745100000004,35.16919349999999],[129.2174988,35.169208000000005],[129.2175023,35.1692471]]]}},{"type":"Feature","properties":{"chance":60,"depth_m":49.4,"coastal_limit_km":5},"geometry":{"type":"Polygon","coordinates":[[[129.21313094474766,35.17519012005527],[129.21332012235624,35.18420325104759],[129.2242985312436,35.184047407673226],[129.22410814290447,35.17503432842233],[129.21313094474766,35.17519012005527]]]}},{"type":"Feature","properties":{"chance":41,"depth_m":49.4,"coastal_limit_km":5},"geometry":{"type":"Polygon","coordinates":[[[129.21332012235624,35.18420325104759],[129.21350938396776,35.1932163677126],[129.22448900412274,35.19306047258557],[129.2242985312436,35.184047407673226],[129.21332012235624,35.18420325104759]]]}},{"type":"Feature","properties":{"chance":37,"depth_m":49.4,"coastal_limit_km":5},"geometry":{"type":"Polygon","coordinates":[[[129.21350938396776,35.1932163677126],[129.21369872961924,35.20222947004834],[129.22467956157928,35.20207352315742],[129.22448900412274,35.19306047258557],[129.21350938396776,35.1932163677126]]]}},{"type":"Feature","properties":{"chance":55,"depth_m":49.4,"coastal_limit_km":5},"geometry":{"type":"Polygon","coordinates":[[[129.21369872961924,35.20222947004834],[129.21388815934782,35.21124255805283],[129.22487020365048,35.21108655938679],[129.22467956157928,35.20207352315742],[129.21369872961924,35.20222947004834]]]}},{"type":"Feature","properties":{"chance":76,"depth_m":49.4,"coastal_limit_km":5},"geometry":{"type":"Polygon","coordinates":[[[129.21388815934782,35.21124255805283],[129.21407767319056,35.22025563172409],[129.22506093037373,35.22009958127169],[129.22487020365048,35.21108655938679],[129.21388815934782,35.21124255805283]]]}},{"type":"Feature","properties":{"chance":82,"depth_m":49.4,"coastal_limit_km":5},"geometry":{"type":"Polygon","coordinates":[[[129.21407767319056,35.22025563172409],[129.2142672711847,35.229268691060184],[129.2252517417864,35.229112588810175],[129.22506093037373,35.22009958127169],[129.21407767319056,35.22025563172409]]]}},{"type":"Feature","properties":{"chance":74,"depth_m":49.4,"coastal_limit_km":5},"geometry":{"type":"Polygon","coordinates":[[[129.2142672711847,35.229268691060184],[129.2144569533673,35.238281736059115],[129.22544263792585,35.238125582000244],[129.2252517417864,35.229112588810175],[129.2142672711847,35.229268691060184]]]}},{"type":"Feature","properties":{"chance":54,"depth_m":49.4,"coastal_limit_km":5},"geometry":{"type":"Polygon","coordinates":[[[129.2144569533673,35.238281736059115],[129.2146467197756,35.24729476671894],[129.22563361882962,35.247138560839936],[129.22544263792585,35.238125582000244],[129.2144569533673,35.238281736059115]]]}},{"type":"Feature","properties":{"chance":63,"depth_m":49.4,"coastal_limit_km":5},"geometry":{"type":"Polygon","coordinates":[[[129.2146467197756,35.24729476671894],[129.21483657044686,35.25630778303767],[129.22582468453507,35.25615152532728],[129.22563361882962,35.247138560839936],[129.2146467197756,35.24729476671894]]]}},{"type":"Feature","properties":{"chance":61,"depth_m":49.4,"coastal_limit_km":5},"geometry":{"type":"Polygon","coordinates":[[[129.21483657044686,35.25630778303767],[129.21502650541825,35.26532078501337],[129.22601583507975,35.26516447546032],[129.22582468453507,35.25615152532728],[129.21483657044686,35.25630778303767]]]}},{"type":"Feature","properties":{"chance":47,"depth_m":49.4,"coastal_limit_km":5},"geometry":{"type":"Polygon","coordinates":[[[129.21502650541825,35.26532078501337],[129.2152165247271,35.27433377264406],[129.22620707050112,35.27417741123706],[129.22601583507975,35.26516447546032],[129.21502650541825,35.26532078501337]]]}},{"type":"Feature","properties":{"chance":42,"depth_m":49.4,"coastal_limit_km":5},"geometry":{"type":"Polygon","coordinates":[[[129.2152165247271,35.27433377264406],[129.2154066284107,35.283346745927794],[129.22639839083672,35.28319033265555],[129.22620707050112,35.27417741123706],[129.2152165247271,35.27433377264406]]]}},{"type":"Feature","properties":{"chance":47,"depth_m":49.4,"coastal_limit_km":5},"geometry":{"type":"Polygon","coordinates":[[[129.2154066284107,35.283346745927794],[129.21559681650638,35.29235970486258],[129.22658979612416,35.29220323971383],[129.22639839083672,35.28319033265555],[129.2154066284107,35.283346745927794]]]}},{"type":"Feature","properties":{"chance":71,"depth_m":49.4,"coastal_limit_km":5},"geometry":{"type":"Polygon","coordinates":[[[129.21559681650638,35.29235970486258],[129.21578708905147,35.30137264944649],[129.226781286401,35.30121613240993],[129.22658979612416,35.29220323971383],[129.21559681650638,35.29235970486258]]]}},{"type":"Feature","properties":{"chance":83,"depth_m":49.4,"coastal_limit_km":5},"geometry":{"type":"Polygon","coordinates":[[[129.21578708905147,35.30137264944649],[129.21597744608334,35.31038557967757],[129.22697286170484,35.31022901074187],[129.226781286401,35.30121613240993],[129.21578708905147,35.30137264944649]]]}},{"type":"Feature","properties":{"chance":79,"depth_m":49.4,"coastal_limit_km":5},"geometry":{"type":"Polygon","coordinates":[[[129.21597744608334,35.31038557967757],[129.21616788763944,35.31939849555385],[129.22716452207337,35.3192418747077],[129.22697286170484,35.31022901074187],[129.21597744608334,35.31038557967757]]]}},{"type":"Feature","properties":{"chance":64,"depth_m":49.4,"coastal_limit_km":5},"geometry":{"type":"Polygon","coordinates":[[[129.2273562675442,35.32825472430545],[129.22716452207337,35.3192418747077],[129.21616788763944,35.31939849555385],[129.21632610388804,35.32688325065263],[129.21764423813954,35.328393131205324],[129.2273562675442,35.32825472430545]]]}},{"type":"Feature","properties":{"chance":51,"depth_m":48.9,"coastal_limit_km":5},"geometry":{"type":"Polygon","coordinates":[[[129.2273562675442,35.32825472430545],[129.21764423813954,35.328393131205324],[129.2188401916632,35.329762994502765],[129.22235809789714,35.33306130482391],[129.22625040486926,35.33606404486284],[129.22753986198674,35.3368806796523],[129.2273562675442,35.32825472430545]]]}},{"type":"Feature","properties":{"chance":71,"depth_m":45.4,"coastal_limit_km":5},"geometry":{"type":"Polygon","coordinates":[[[129.22315746800575,35.12996871715915],[129.23412853624185,35.12981219154413],[129.23405393038666,35.12629373439831],[129.2311608066107,35.12555041684887],[129.2257183710139,35.124635510771775],[129.2230404254115,35.124413505224474],[129.22315746800575,35.12996871715915]]]}},{"type":"Feature","properties":{"chance":80,"depth_m":45.4,"coastal_limit_km":5},"geometry":{"type":"Polygon","coordinates":[[[129.22315746800575,35.12996871715915],[129.2233474342033,35.13898186807302],[129.23431971045065,35.138825290442945],[129.23412853624185,35.12981219154413],[129.22315746800575,35.12996871715915]]]}},{"type":"Feature","properties":{"chance":83,"depth_m":45.4,"coastal_limit_km":5},"geometry":{"type":"Polygon","coordinates":[[[129.2233474342033,35.13898186807302],[129.22353748475476,35.14799500465825],[129.2345109695493,35.147838375001875],[129.23431971045065,35.138825290442945],[129.2233474342033,35.13898186807302]]]}},{"type":"Feature","properties":{"chance":69,"depth_m":45.4,"coastal_limit_km":5},"geometry":{"type":"Polygon","coordinates":[[[129.22353748475476,35.14799500465825],[129.22372761969726,35.15700812691287],[129.23470231357518,35.15685144521892],[129.2345109695493,35.147838375001875],[129.22353748475476,35.14799500465825]]]}},{"type":"Feature","properties":{"chance":44,"depth_m":45.4,"coastal_limit_km":5},"geometry":{"type":"Polygon","coordinates":[[[129.22372761969726,35.15700812691287],[129.2239178390681,35.16602123483488],[129.23489374256576,35.16586450109209],[129.23470231357518,35.15685144521892],[129.22372761969726,35.15700812691287]]]}},{"type":"Feature","properties":{"chance":39,"depth_m":45.4,"coastal_limit_km":5},"geometry":{"type":"Polygon","coordinates":[[[129.2239178390681,35.16602123483488],[129.22410814290447,35.17503432842233],[129.2350852565585,35.174877542619406],[129.23489374256576,35.16586450109209],[129.2239178390681,35.16602123483488]]]}},{"type":"Feature","properties":{"chance":53,"depth_m":45.4,"coastal_limit_km":5},"geometry":{"type":"Polygon","coordinates":[[[129.22410814290447,35.17503432842233],[129.2242985312436,35.184047407673226],[129.23527685559088,35.183890569798876],[129.2350852565585,35.174877542619406],[129.22410814290447,35.17503432842233]]]}},{"type":"Feature","properties":{"chance":67,"depth_m":45.4,"coastal_limit_km":5},"geometry":{"type":"Polygon","coordinates":[[[129.2242985312436,35.184047407673226],[129.22448900412274,35.19306047258557],[129.2354685397004,35.19290358262852],[129.23527685559088,35.183890569798876],[129.2242985312436,35.184047407673226]]]}},{"type":"Feature","properties":{"chance":67,"depth_m":45.4,"coastal_limit_km":5},"geometry":{"type":"Polygon","coordinates":[[[129.22448900412274,35.19306047258557],[129.22467956157928,35.20207352315742],[129.23566030892462,35.20191658110635],[129.2354685397004,35.19290358262852],[129.22448900412274,35.19306047258557]]]}},{"type":"Feature","properties":{"chance":58,"depth_m":45.4,"coastal_limit_km":5},"geometry":{"type":"Polygon","coordinates":[[[129.22467956157928,35.20207352315742],[129.22487020365048,35.21108655938679],[129.2358521633011,35.2109295652304],[129.23566030892462,35.20191658110635],[129.22467956157928,35.20207352315742]]]}},{"type":"Feature","properties":{"chance":73,"depth_m":45.4,"coastal_limit_km":5},"geometry":{"type":"Polygon","coordinates":[[[129.22487020365048,35.21108655938679],[129.22506093037373,35.22009958127169],[129.23604410286745,35.219942534998665],[129.2358521633011,35.2109295652304],[129.22487020365048,35.21108655938679]],[[129.2297434,35.2169852],[129.2298133,35.216828],[129.22996310000002,35.216698],[129.23007970000003,35.2168327],[129.2301433,35.2167773],[129.2301591,35.21667949999999],[129.2302499,35.2166167],[129.230574,35.2165996],[129.230681,35.216809999999995],[129.2304715,35.21698789999999],[129.2303252,35.2170384],[129.2301466,35.2169399],[129.23011,35.2170114],[129.2301191,35.2171098],[129.2302631,35.2171745],[129.2302831,35.2173126],[129.2300573,35.2175007],[129.2299985,35.21769960000001],[129.23015,35.21767880000001],[129.2302314,35.2177242],[129.2302522,35.2177801],[129.2303173,35.21781239999999],[129.2303076,35.217876300000015],[129.23006,35.21792450000001],[129.2301301,35.21806840000001],[129.2302899,35.2181332],[129.230295,35.2184295],[129.2303423,35.21858000000001],[129.2301893,35.21904479999999],[129.2290937,35.2188064],[129.2292361,35.218342],[129.2292379,35.2181784],[129.22919,35.21811209999999],[129.2291805,35.218019700000006],[129.2292451,35.217835699999995],[129.2294031,35.2170924],[129.2295686,35.21708770000001],[129.2295666,35.2171975],[129.2297059,35.2172372],[129.2297647,35.2173151],[129.2298557,35.217271],[129.2298917,35.217183600000006],[129.2298573,35.21709769999999],[129.2297434,35.2169852]]]}},{"type":"Feature","properties":{"chance":82,"depth_m":45.4,"coastal_limit_km":5},"geometry":{"type":"Polygon","coordinates":[[[129.22506093037373,35.22009958127169],[129.2252517417864,35.229112588810175],[129.23623612766127,35.22895549040919],[129.23604410286745,35.219942534998665],[129.22506093037373,35.22009958127169]]]}},{"type":"Feature","properties":{"chance":74,"depth_m":45.4,"coastal_limit_km":5},"geometry":{"type":"Polygon","coordinates":[[[129.2252517417864,35.229112588810175],[129.22544263792585,35.238125582000244],[129.2364282377202,35.23796843145998],[129.23623612766127,35.22895549040919],[129.2252517417864,35.229112588810175]]]}},{"type":"Feature","properties":{"chance":53,"depth_m":45.4,"coastal_limit_km":5},"geometry":{"type":"Polygon","coordinates":[[[129.22544263792585,35.238125582000244],[129.22563361882962,35.247138560839936],[129.2366204330819,35.246981358149064],[129.2364282377202,35.23796843145998],[129.22544263792585,35.238125582000244]]]}},{"type":"Feature","properties":{"chance":33,"depth_m":45.4,"coastal_limit_km":5},"geometry":{"type":"Polygon","coordinates":[[[129.22563361882962,35.247138560839936],[129.22582468453507,35.25615152532728],[129.2368127137841,35.25599427047446],[129.2366204330819,35.246981358149064],[129.22563361882962,35.247138560839936]]]}},{"type":"Feature","properties":{"chance":47,"depth_m":45.4,"coastal_limit_km":5},"geometry":{"type":"Polygon","coordinates":[[[129.22582468453507,35.25615152532728],[129.22601583507975,35.26516447546032],[129.2370050798645,35.265007168434195],[129.2368127137841,35.25599427047446],[129.22582468453507,35.25615152532728]]]}},{"type":"Feature","properties":{"chance":66,"depth_m":45.4,"coastal_limit_km":5},"geometry":{"type":"Polygon","coordinates":[[[129.22601583507975,35.26516447546032],[129.22620707050112,35.27417741123706],[129.23719753136086,35.274020052026295],[129.2370050798645,35.265007168434195],[129.22601583507975,35.26516447546032]]]}},{"type":"Feature","properties":{"chance":71,"depth_m":45.4,"coastal_limit_km":5},"geometry":{"type":"Polygon","coordinates":[[[129.22620707050112,35.27417741123706],[129.22639839083672,35.28319033265555],[129.23739006831096,35.28303292124879],[129.23719753136086,35.274020052026295],[129.22620707050112,35.27417741123706]]]}},{"type":"Feature","properties":{"chance":64,"depth_m":45.4,"coastal_limit_km":5},"geometry":{"type":"Polygon","coordinates":[[[129.22639839083672,35.28319033265555],[129.22658979612416,35.29220323971383],[129.23758269075253,35.29204577609969],[129.23739006831096,35.28303292124879],[129.22639839083672,35.28319033265555]]]}},{"type":"Feature","properties":{"chance":69,"depth_m":45.4,"coastal_limit_km":5},"geometry":{"type":"Polygon","coordinates":[[[129.22658979612416,35.29220323971383],[129.226781286401,35.30121613240993],[129.2377753987235,35.301058616577045],[129.23758269075253,35.29204577609969],[129.22658979612416,35.29220323971383]]]}},{"type":"Feature","properties":{"chance":80,"depth_m":45.4,"coastal_limit_km":5},"geometry":{"type":"Polygon","coordinates":[[[129.226781286401,35.30121613240993],[129.22697286170484,35.31022901074187],[129.2379681922617,35.31007144267888],[129.2377753987235,35.301058616577045],[129.226781286401,35.30121613240993]]]}},{"type":"Feature","properties":{"chance":77,"depth_m":45.4,"coastal_limit_km":5},"geometry":{"type":"Polygon","coordinates":[[[129.22697286170484,35.31022901074187],[129.22716452207337,35.3192418747077],[129.23816107140496,35.31908425440322],[129.2379681922617,35.31007144267888],[129.22697286170484,35.31022901074187]]]}},{"type":"Feature","properties":{"chance":60,"depth_m":45.4,"coastal_limit_km":5},"geometry":{"type":"Polygon","coordinates":[[[129.22716452207337,35.3192418747077],[129.2273562675442,35.32825472430545],[129.2383540361912,35.328097051748095],[129.23816107140496,35.31908425440322],[129.22716452207337,35.3192418747077]]]}},{"type":"Feature","properties":{"chance":33,"depth_m":45.4,"coastal_limit_km":5},"geometry":{"type":"Polygon","coordinates":[[[129.2385470866584,35.33710983471153],[129.2383540361912,35.328097051748095],[129.2273562675442,35.32825472430545],[129.22753986198674,35.3368806796523],[129.22813745306004,35.3372591336095],[129.2385470866584,35.33710983471153]]]}},{"type":"Feature","properties":{"chance":38,"depth_m":44.0,"coastal_limit_km":5},"geometry":{"type":"Polygon","coordinates":[[[129.2385470866584,35.33710983471153],[129.22813745306004,35.3372591336095],[129.23048033598246,35.33874281550903],[129.23500790926232,35.34107227951566],[129.2386640680831,35.34256929383658],[129.2385470866584,35.33710983471153]]]}},{"type":"Feature","properties":{"chance":63,"depth_m":40.4,"coastal_limit_km":5},"geometry":{"type":"Polygon","coordinates":[[[129.23412853624185,35.12981219154413],[129.24372543500007,35.12967445656596],[129.24132156037012,35.12860431690377],[129.23651065398164,35.126927083652596],[129.23646287598308,35.12691259044203],[129.23405393038666,35.12629373439831],[129.23412853624185,35.12981219154413]]]}},{"type":"Feature","properties":{"chance":66,"depth_m":38.1,"coastal_limit_km":5},"geometry":{"type":"Polygon","coordinates":[[[129.23412853624185,35.12981219154413],[129.23431971045065,35.138825290442945],[129.24529190180817,35.13866771998698],[129.24511312436016,35.13029218306336],[129.24372543500007,35.12967445656596],[129.23412853624185,35.12981219154413]]]}},{"type":"Feature","properties":{"chance":68,"depth_m":38.1,"coastal_limit_km":5},"geometry":{"type":"Polygon","coordinates":[[[129.23431971045065,35.138825290442945],[129.2345109695493,35.147838375001875],[129.2454843694166,35.14768075218991],[129.24529190180817,35.13866771998698],[129.23431971045065,35.138825290442945]]]}},{"type":"Feature","properties":{"chance":58,"depth_m":38.1,"coastal_limit_km":5},"geometry":{"type":"Polygon","coordinates":[[[129.2345109695493,35.147838375001875],[129.23470231357518,35.15685144521892],[129.2456769224884,35.15669377003962],[129.2454843694166,35.14768075218991],[129.2345109695493,35.147838375001875]]]}},{"type":"Feature","properties":{"chance":44,"depth_m":38.1,"coastal_limit_km":5},"geometry":{"type":"Polygon","coordinates":[[[129.23470231357518,35.15685144521892],[129.23489374256576,35.16586450109209],[129.24586956106128,35.165706773534104],[129.2456769224884,35.15669377003962],[129.23470231357518,35.15685144521892]]]}},{"type":"Feature","properties":{"chance":40,"depth_m":38.1,"coastal_limit_km":5},"geometry":{"type":"Polygon","coordinates":[[[129.23489374256576,35.16586450109209],[129.2350852565585,35.174877542619406],[129.2460622851729,35.17471976267138],[129.24586956106128,35.165706773534104],[129.23489374256576,35.16586450109209]]]}},{"type":"Feature","properties":{"chance":67,"depth_m":38.1,"coastal_limit_km":5},"geometry":{"type":"Polygon","coordinates":[[[129.2350852565585,35.174877542619406],[129.23527685559088,35.183890569798876],[129.246255094861,35.18373273744947],[129.2460622851729,35.17471976267138],[129.2350852565585,35.174877542619406]]]}},{"type":"Feature","properties":{"chance":84,"depth_m":38.1,"coastal_limit_km":5},"geometry":{"type":"Polygon","coordinates":[[[129.23527685559088,35.183890569798876],[129.2354685397004,35.19290358262852],[129.24644799016335,35.19274569786634],[129.246255094861,35.18373273744947],[129.23527685559088,35.183890569798876]]]}},{"type":"Feature","properties":{"chance":85,"depth_m":38.1,"coastal_limit_km":5},"geometry":{"type":"Polygon","coordinates":[[[129.2354685397004,35.19290358262852],[129.23566030892462,35.20191658110635],[129.24664097111773,35.20175864392005],[129.24644799016335,35.19274569786634],[129.2354685397004,35.19290358262852]]]}},{"type":"Feature","properties":{"chance":73,"depth_m":38.1,"coastal_limit_km":5},"geometry":{"type":"Polygon","coordinates":[[[129.23566030892462,35.20191658110635],[129.2358521633011,35.2109295652304],[129.24683403776191,35.21077157560859],[129.24664097111773,35.20175864392005],[129.23566030892462,35.20191658110635]]]}},{"type":"Feature","properties":{"chance":60,"depth_m":38.1,"coastal_limit_km":5},"geometry":{"type":"Polygon","coordinates":[[[129.2358521633011,35.2109295652304],[129.23604410286745,35.219942534998665],[129.2470271901337,35.21978449292997],[129.24683403776191,35.21077157560859],[129.2358521633011,35.2109295652304]]]}},{"type":"Feature","properties":{"chance":66,"depth_m":38.1,"coastal_limit_km":5},"geometry":{"type":"Polygon","coordinates":[[[129.23604410286745,35.219942534998665],[129.23623612766127,35.22895549040919],[129.24722042827105,35.22879739588221],[129.2470271901337,35.21978449292997],[129.23604410286745,35.219942534998665]]]}},{"type":"Feature","properties":{"chance":60,"depth_m":38.1,"coastal_limit_km":5},"geometry":{"type":"Polygon","coordinates":[[[129.23623612766127,35.22895549040919],[129.2364282377202,35.23796843145998],[129.24741375221174,35.237810284463315],[129.24722042827105,35.22879739588221],[129.23623612766127,35.22895549040919]]]}},{"type":"Feature","properties":{"chance":47,"depth_m":38.1,"coastal_limit_km":5},"geometry":{"type":"Polygon","coordinates":[[[129.2364282377202,35.23796843145998],[129.2366204330819,35.246981358149064],[129.24760716199373,35.24682315867131],[129.24741375221174,35.237810284463315],[129.2364282377202,35.23796843145998]],[[129.2470541,35.24408340000001],[129.2471895,35.24408340000001],[129.2472643,35.24413299999999],[129.2472082,35.244209300000016],[129.2471242,35.24425889999999],[129.2470121,35.2442627],[129.2469467,35.2442474],[129.2468626,35.2442169],[129.2468346,35.2441521],[129.2468019,35.24411779999999],[129.2468766,35.2440644],[129.2469747,35.244045299999996],[129.2470541,35.24408340000001]]]}},{"type":"Feature","properties":{"chance":46,"depth_m":38.1,"coastal_limit_km":5},"geometry":{"type":"Polygon","coordinates":[[[129.2366204330819,35.246981358149064],[129.2368127137841,35.25599427047446],[129.24780065765492,35.25583601850421],[129.24760716199373,35.24682315867131],[129.2366204330819,35.246981358149064]]]}},{"type":"Feature","properties":{"chance":59,"depth_m":38.1,"coastal_limit_km":5},"geometry":{"type":"Polygon","coordinates":[[[129.2368127137841,35.25599427047446],[129.2370050798645,35.265007168434195],[129.24799423923332,35.26484886396004],[129.24780065765492,35.25583601850421],[129.2368127137841,35.25599427047446]]]}},{"type":"Feature","properties":{"chance":80,"depth_m":38.1,"coastal_limit_km":5},"geometry":{"type":"Polygon","coordinates":[[[129.2370050798645,35.265007168434195],[129.23719753136086,35.274020052026295],[129.24818790676687,35.27386169503679],[129.24799423923332,35.26484886396004],[129.2370050798645,35.265007168434195]]]}},{"type":"Feature","properties":{"chance":87,"depth_m":38.1,"coastal_limit_km":5},"geometry":{"type":"Polygon","coordinates":[[[129.23719753136086,35.274020052026295],[129.23739006831096,35.28303292124879],[129.24838166029363,35.282874511732516],[129.24818790676687,35.27386169503679],[129.23719753136086,35.274020052026295]]]}},{"type":"Feature","properties":{"chance":79,"depth_m":38.1,"coastal_limit_km":5},"geometry":{"type":"Polygon","coordinates":[[[129.23739006831096,35.28303292124879],[129.23758269075253,35.29204577609969],[129.2485754998516,35.291887314045226],[129.24838166029363,35.282874511732516],[129.23739006831096,35.28303292124879]]]}},{"type":"Feature","properties":{"chance":59,"depth_m":38.1,"coastal_limit_km":5},"geometry":{"type":"Polygon","coordinates":[[[129.23758269075253,35.29204577609969],[129.2377753987235,35.301058616577045],[129.24876942547883,35.30090010197294],[129.2485754998516,35.291887314045226],[129.23758269075253,35.29204577609969]]]}},{"type":"Feature","properties":{"chance":61,"depth_m":38.1,"coastal_limit_km":5},"geometry":{"type":"Polygon","coordinates":[[[129.2377753987235,35.301058616577045],[129.2379681922617,35.31007144267888],[129.24896343721343,35.30991287551369],[129.24876942547883,35.30090010197294],[129.2377753987235,35.301058616577045]]]}},{"type":"Feature","properties":{"chance":60,"depth_m":38.1,"coastal_limit_km":5},"geometry":{"type":"Polygon","coordinates":[[[129.2379681922617,35.31007144267888],[129.23816107140496,35.31908425440322],[129.24915753509356,35.318925634665476],[129.24896343721343,35.30991287551369],[129.2379681922617,35.31007144267888]]]}},{"type":"Feature","properties":{"chance":49,"depth_m":38.1,"coastal_limit_km":5},"geometry":{"type":"Polygon","coordinates":[[[129.23816107140496,35.31908425440322],[129.2383540361912,35.328097051748095],[129.24935171915732,35.327938379426335],[129.24915753509356,35.318925634665476],[129.23816107140496,35.31908425440322]]]}},{"type":"Feature","properties":{"chance":52,"depth_m":38.1,"coastal_limit_km":5},"geometry":{"type":"Polygon","coordinates":[[[129.2383540361912,35.328097051748095],[129.2385470866584,35.33710983471153],[129.24954598944288,35.336951109794306],[129.24935171915732,35.327938379426335],[129.2383540361912,35.328097051748095]]]}},{"type":"Feature","properties":{"chance":48,"depth_m":38.1,"coastal_limit_km":5},"geometry":{"type":"Polygon","coordinates":[[[129.24954598944288,35.336951109794306],[129.2385470866584,35.33710983471153],[129.2386640680831,35.34256929383658],[129.23979031594433,35.343030402068116],[129.24478232633788,35.34459866005444],[129.24973501542505,35.345716690036205],[129.24954598944288,35.336951109794306]]]}},{"type":"Feature","properties":{"chance":45,"depth_m":29.9,"coastal_limit_km":5},"geometry":{"type":"Polygon","coordinates":[[[129.24529190180817,35.13866771998698],[129.25626400774,35.1385091567301],[129.25623923366945,35.137355971970045],[129.25429479317862,35.13576841745905],[129.25025412052514,35.13304510584906],[129.24591660006277,35.130649836547924],[129.24511312436016,35.13029218306336],[129.24529190180817,35.13866771998698]]]}},{"type":"Feature","properties":{"chance":43,"depth_m":27.9,"coastal_limit_km":5},"geometry":{"type":"Polygon","coordinates":[[[129.24529190180817,35.13866771998698],[129.2454843694166,35.14768075218991],[129.2564576838205,35.14752213624736],[129.25626400774,35.1385091567301],[129.24529190180817,35.13866771998698]]]}},{"type":"Feature","properties":{"chance":65,"depth_m":27.9,"coastal_limit_km":5},"geometry":{"type":"Polygon","coordinates":[[[129.2454843694166,35.14768075218991],[129.2456769224884,35.15669377003962],[129.2566514459006,35.15653510139998],[129.2564576838205,35.14752213624736],[129.2454843694166,35.14768075218991]]]}},{"type":"Feature","properties":{"chance":75,"depth_m":27.9,"coastal_limit_km":5},"geometry":{"type":"Polygon","coordinates":[[[129.2456769224884,35.15669377003962],[129.24586956106128,35.165706773534104],[129.25684529401804,35.165548052185976],[129.2566514459006,35.15653510139998],[129.2456769224884,35.15669377003962]]]}},{"type":"Feature","properties":{"chance":72,"depth_m":27.9,"coastal_limit_km":5},"geometry":{"type":"Polygon","coordinates":[[[129.24586956106128,35.165706773534104],[129.2460622851729,35.17471976267138],[129.25703922821083,35.17456098860334],[129.25684529401804,35.165548052185976],[129.24586956106128,35.165706773534104]]]}},{"type":"Feature","properties":{"chance":69,"depth_m":27.9,"coastal_limit_km":5},"geometry":{"type":"Polygon","coordinates":[[[129.2460622851729,35.17471976267138],[129.246255094861,35.18373273744947],[129.2572332485169,35.18357391065005],[129.25703922821083,35.17456098860334],[129.2460622851729,35.17471976267138]]]}},{"type":"Feature","properties":{"chance":84,"depth_m":27.9,"coastal_limit_km":5},"geometry":{"type":"Polygon","coordinates":[[[129.246255094861,35.18373273744947],[129.24644799016335,35.19274569786634],[129.2574273549743,35.192586818324145],[129.2572332485169,35.18357391065005],[129.246255094861,35.18373273744947]]]}},{"type":"Feature","properties":{"chance":86,"depth_m":27.9,"coastal_limit_km":5},"geometry":{"type":"Polygon","coordinates":[[[129.24644799016335,35.19274569786634],[129.24664097111773,35.20175864392005],[129.25762154762103,35.20159971162362],[129.2574273549743,35.192586818324145],[129.24644799016335,35.19274569786634]]]}},{"type":"Feature","properties":{"chance":74,"depth_m":27.9,"coastal_limit_km":5},"geometry":{"type":"Polygon","coordinates":[[[129.24664097111773,35.20175864392005],[129.24683403776191,35.21077157560859],[129.25781582649506,35.21061259054647],[129.25762154762103,35.20159971162362],[129.24664097111773,35.20175864392005]]]}},{"type":"Feature","properties":{"chance":49,"depth_m":27.9,"coastal_limit_km":5},"geometry":{"type":"Polygon","coordinates":[[[129.24683403776191,35.21077157560859],[129.2470271901337,35.21978449292997],[129.2580101916345,35.21962545509071],[129.25781582649506,35.21061259054647],[129.24683403776191,35.21077157560859]]]}},{"type":"Feature","properties":{"chance":38,"depth_m":27.9,"coastal_limit_km":5},"geometry":{"type":"Polygon","coordinates":[[[129.2470271901337,35.21978449292997],[129.24722042827105,35.22879739588221],[129.25820464307745,35.228638305254336],[129.2580101916345,35.21962545509071],[129.2470271901337,35.21978449292997]]]}},{"type":"Feature","properties":{"chance":61,"depth_m":27.9,"coastal_limit_km":5},"geometry":{"type":"Polygon","coordinates":[[[129.24722042827105,35.22879739588221],[129.24741375221174,35.237810284463315],[129.258399180862,35.23765114103538],[129.25820464307745,35.228638305254336],[129.24722042827105,35.22879739588221]]]}},{"type":"Feature","properties":{"chance":77,"depth_m":27.9,"coastal_limit_km":5},"geometry":{"type":"Polygon","coordinates":[[[129.24741375221174,35.237810284463315],[129.24760716199373,35.24682315867131],[129.25859380502635,35.24666396243182],[129.258399180862,35.23765114103538],[129.24741375221174,35.237810284463315]],[[129.2485346,35.2393334],[129.2486186,35.239402],[129.248656,35.2394974],[129.248684,35.23953929999999],[129.2486957,35.239619399999995],[129.24858830000002,35.239669],[129.248621,35.239756699999994],[129.2485813,35.23983110000001],[129.2484785,35.239804400000004],[129.2483548,35.23967470000001],[129.2483268,35.2397072],[129.2482754,35.239689999999996],[129.2481727,35.2396004],[129.2482194,35.2394916],[129.2481656,35.23932],[129.2481586,35.239239899999994],[129.2482194,35.2392189],[129.248252,35.23914839999999],[129.2483361,35.23919029999999],[129.2482614,35.239333400000014],[129.2484318,35.23929900000001],[129.2485346,35.2393334]],[[129.2495024,35.240818499999996],[129.2494377,35.2408223],[129.2494084,35.2408097],[129.2494146,35.2407757],[129.2493237,35.2407644],[129.249242,35.240726699999996],[129.2491496,35.24070650000001],[129.249088,35.24068260000001],[129.249088,35.2406336],[129.2491989,35.2406021],[129.2492467,35.240581999999996],[129.2492698,35.24055299999999],[129.2492975,35.24048510000001],[129.249316,35.24042600000001],[129.249356,35.2404348],[129.2493946,35.24047130000001],[129.2494053,35.240459900000005],[129.2494423,35.24049260000001],[129.2495009,35.2405367],[129.2495532,35.24053920000001],[129.2495994,35.2405543],[129.24963640000004,35.2405719],[129.249658,35.2405858],[129.2496842,35.240614699999995],[129.2496842,35.2406323],[129.2496688,35.2406537],[129.2496564,35.240665],[129.2496934,35.2406789],[129.2497242,35.24069140000001],[129.249755,35.2407028],[129.2497936,35.2407367],[129.2498074,35.24077319999999],[129.2498321,35.2407896],[129.2498367,35.240805900000005],[129.249849,35.2408336],[129.2498274,35.24086],[129.2498382,35.2408814],[129.249829,35.2409041],[129.249792,35.240912900000005],[129.2497535,35.2408953],[129.2496873,35.240881400000006],[129.2496857,35.24086],[129.2496287,35.2408563],[129.2495686,35.2408424],[129.2495024,35.240818499999996]],[[129.2494038,35.24114060000001],[129.2493669,35.241140599999994],[129.2493237,35.241116699999985],[129.2493037,35.241094],[129.2492483,35.2410852],[129.2492544,35.241122999999995],[129.2492205,35.2411154],[129.2491604,35.2411041],[129.249088,35.2410412],[129.2490495,35.24099840000001],[129.2490033,35.24097069999999],[129.2489309,35.240934200000005],[129.2488878,35.240914100000005],[129.24884,35.240888899999995],[129.2487861,35.2408625],[129.2487645,35.240848699999994],[129.2487584,35.2408575],[129.2487599,35.2408789],[129.2487507,35.240894],[129.2486937,35.240894],[129.2486613,35.2408789],[129.2486274,35.2408499],[129.2486151,35.24081340000001],[129.248629,35.240626],[129.2486428,35.24060080000001],[129.2486675,35.24057820000001],[129.2486952,35.2405656],[129.2487476,35.240580699999995],[129.2487861,35.24058320000001],[129.2488123,35.2406109],[129.2488539,35.2406398],[129.2488986,35.2406776],[129.2489401,35.2407191],[129.2489525,35.24074929999999],[129.2489602,35.240783199999996],[129.2489802,35.2407732],[129.2490064,35.2407719],[129.2490387,35.240784500000004],[129.2490911,35.2408021],[129.2491111,35.2408273],[129.249182,35.2408537],[129.249239,35.240855],[129.249276,35.2408751],[129.2492898,35.2409204],[129.2493099,35.2409808],[129.2493222,35.2410198],[129.2493592,35.24105380000001],[129.2493946,35.2410814],[129.2494316,35.2411016],[129.2494485,35.2411217],[129.2494593,35.2411368],[129.2494038,35.24114060000001]]]}},{"type":"Feature","properties":{"chance":77,"depth_m":27.9,"coastal_limit_km":5},"geometry":{"type":"Polygon","coordinates":[[[129.24760716199373,35.24682315867131],[129.24780065765492,35.25583601850421],[129.2587885156086,35.25567676944169],[129.25859380502635,35.24666396243182],[129.24760716199373,35.24682315867131]]]}},{"type":"Feature","properties":{"chance":67,"depth_m":27.9,"coastal_limit_km":5},"geometry":{"type":"Polygon","coordinates":[[[129.24780065765492,35.25583601850421],[129.24799423923332,35.26484886396004],[129.25898331264696,35.264689562063005],[129.2587885156086,35.25567676944169],[129.24780065765492,35.25583601850421]]]}},{"type":"Feature","properties":{"chance":79,"depth_m":27.9,"coastal_limit_km":5},"geometry":{"type":"Polygon","coordinates":[[[129.24799423923332,35.26484886396004],[129.24818790676687,35.27386169503679],[129.25917819617973,35.273702340293745],[129.25898331264696,35.264689562063005],[129.24799423923332,35.26484886396004]]]}},{"type":"Feature","properties":{"chance":86,"depth_m":27.9,"coastal_limit_km":5},"geometry":{"type":"Polygon","coordinates":[[[129.24818790676687,35.27386169503679],[129.24838166029363,35.282874511732516],[129.2593731662451,35.28271510413196],[129.25917819617973,35.273702340293745],[129.24818790676687,35.27386169503679]]]}},{"type":"Feature","properties":{"chance":78,"depth_m":27.9,"coastal_limit_km":5},"geometry":{"type":"Polygon","coordinates":[[[129.24838166029363,35.282874511732516],[129.2485754998516,35.291887314045226],[129.25956822288134,35.29172785357564],[129.2593731662451,35.28271510413196],[129.24838166029363,35.282874511732516]]]}},{"type":"Feature","properties":{"chance":57,"depth_m":27.9,"coastal_limit_km":5},"geometry":{"type":"Polygon","coordinates":[[[129.2485754998516,35.291887314045226],[129.24876942547883,35.30090010197294],[129.25976336612675,35.30074058862282],[129.25956822288134,35.29172785357564],[129.2485754998516,35.291887314045226]]]}},{"type":"Feature","properties":{"chance":32,"depth_m":27.9,"coastal_limit_km":5},"geometry":{"type":"Polygon","coordinates":[[[129.24876942547883,35.30090010197294],[129.24896343721343,35.30991287551369],[129.25995859601971,35.3097533092715],[129.25976336612675,35.30074058862282],[129.24876942547883,35.30090010197294]]]}},{"type":"Feature","properties":{"chance":55,"depth_m":27.9,"coastal_limit_km":5},"geometry":{"type":"Polygon","coordinates":[[[129.24896343721343,35.30991287551369],[129.24915753509356,35.318925634665476],[129.26015391259853,35.31876601551972],[129.25995859601971,35.3097533092715],[129.24896343721343,35.30991287551369]]]}},{"type":"Feature","properties":{"chance":75,"depth_m":27.9,"coastal_limit_km":5},"geometry":{"type":"Polygon","coordinates":[[[129.24915753509356,35.318925634665476],[129.24935171915732,35.327938379426335],[129.26034931590164,35.32777870736547],[129.26015391259853,35.31876601551972],[129.24915753509356,35.318925634665476]]]}},{"type":"Feature","properties":{"chance":81,"depth_m":27.9,"coastal_limit_km":5},"geometry":{"type":"Polygon","coordinates":[[[129.24935171915732,35.327938379426335],[129.24954598944288,35.336951109794306],[129.26054480596738,35.33679138480678],[129.26034931590164,35.32777870736547],[129.24935171915732,35.327938379426335]]]}},{"type":"Feature","properties":{"chance":74,"depth_m":27.9,"coastal_limit_km":5},"geometry":{"type":"Polygon","coordinates":[[[129.26074038283423,35.34580404784167],[129.26054480596738,35.33679138480678],[129.24954598944288,35.336951109794306],[129.24973501542505,35.345716690036205],[129.2499367190769,35.34576221801823],[129.25120706145444,35.34594257928083],[129.26074038283423,35.34580404784167]]]}},{"type":"Feature","properties":{"chance":68,"depth_m":26.2,"coastal_limit_km":5},"geometry":{"type":"Polygon","coordinates":[[[129.26074038283423,35.34580404784167],[129.25120706145444,35.34594257928083],[129.25520472962728,35.34651006909469],[129.25533420050087,35.34652317418113],[129.26076308124198,35.34684978629509],[129.26074038283423,35.34580404784167]]]}},{"type":"Feature","properties":{"chance":34,"depth_m":21.8,"coastal_limit_km":5},"geometry":{"type":"Polygon","coordinates":[[[129.25626400774,35.1385091567301],[129.25762750931239,35.13848938266432],[129.25623923366945,35.137355971970045],[129.25626400774,35.1385091567301]]]}},{"type":"Feature","properties":{"chance":57,"depth_m":18.6,"coastal_limit_km":5},"geometry":{"type":"Polygon","coordinates":[[[129.25626400774,35.1385091567301],[129.2564576838205,35.14752213624736],[129.26545266428,35.14739137490785],[129.2642845983345,35.145646275009184],[129.26134201104387,35.142097687812615],[129.25800196912215,35.138795089375165],[129.25762750931239,35.13848938266432],[129.25626400774,35.1385091567301]]]}},{"type":"Feature","properties":{"chance":84,"depth_m":16.0,"coastal_limit_km":5},"geometry":{"type":"Polygon","coordinates":[[[129.2564576838205,35.14752213624736],[129.2566514459006,35.15653510139998],[129.26762588327531,35.15637543932521],[129.26750402777287,35.15074290474148],[129.26680300263905,35.14940867975443],[129.26545266428,35.14739137490785],[129.2564576838205,35.14752213624736]]]}},{"type":"Feature","properties":{"chance":93,"depth_m":16.0,"coastal_limit_km":5},"geometry":{"type":"Polygon","coordinates":[[[129.2566514459006,35.15653510139998],[129.25684529401804,35.165548052185976],[129.2678209408994,35.16538833707289],[129.26762588327531,35.15637543932521],[129.2566514459006,35.15653510139998]]]}},{"type":"Feature","properties":{"chance":90,"depth_m":16.0,"coastal_limit_km":5},"geometry":{"type":"Polygon","coordinates":[[[129.25684529401804,35.165548052185976],[129.25703922821083,35.17456098860334],[129.26801608513546,35.17440122044044],[129.2678209408994,35.16538833707289],[129.25684529401804,35.165548052185976]]]}},{"type":"Feature","properties":{"chance":73,"depth_m":16.0,"coastal_limit_km":5},"geometry":{"type":"Polygon","coordinates":[[[129.25703922821083,35.17456098860334],[129.2572332485169,35.18357391065005],[129.26821131602154,35.18341408942586],[129.26801608513546,35.17440122044044],[129.25703922821083,35.17456098860334]]]}},{"type":"Feature","properties":{"chance":68,"depth_m":16.0,"coastal_limit_km":5},"geometry":{"type":"Polygon","coordinates":[[[129.2572332485169,35.18357391065005],[129.2574273549743,35.192586818324145],[129.26840663359596,35.19242694402715],[129.26821131602154,35.18341408942586],[129.2572332485169,35.18357391065005]]]}},{"type":"Feature","properties":{"chance":71,"depth_m":16.0,"coastal_limit_km":5},"geometry":{"type":"Polygon","coordinates":[[[129.2574273549743,35.192586818324145],[129.25762154762103,35.20159971162362],[129.26860203789695,35.20143978424228],[129.26840663359596,35.19242694402715],[129.2574273549743,35.192586818324145]]]}},{"type":"Feature","properties":{"chance":62,"depth_m":16.0,"coastal_limit_km":5},"geometry":{"type":"Polygon","coordinates":[[[129.25762154762103,35.20159971162362],[129.25781582649506,35.21061259054647],[129.26879752896278,35.2104526100693],[129.26860203789695,35.20143978424228],[129.25762154762103,35.20159971162362]]]}},{"type":"Feature","properties":{"chance":57,"depth_m":16.0,"coastal_limit_km":5},"geometry":{"type":"Polygon","coordinates":[[[129.25781582649506,35.21061259054647],[129.2580101916345,35.21962545509071],[129.26899310683177,35.21946542150614],[129.26879752896278,35.2104526100693],[129.25781582649506,35.21061259054647]]]}},{"type":"Feature","properties":{"chance":53,"depth_m":16.0,"coastal_limit_km":5},"geometry":{"type":"Polygon","coordinates":[[[129.2580101916345,35.21962545509071],[129.25820464307745,35.228638305254336],[129.26918877154222,35.22847821855088],[129.26899310683177,35.21946542150614],[129.2580101916345,35.21962545509071]]]}},{"type":"Feature","properties":{"chance":74,"depth_m":16.0,"coastal_limit_km":5},"geometry":{"type":"Polygon","coordinates":[[[129.25820464307745,35.228638305254336],[129.258399180862,35.23765114103538],[129.2693845231325,35.23749100120146],[129.26918877154222,35.22847821855088],[129.25820464307745,35.228638305254336]]]}},{"type":"Feature","properties":{"chance":91,"depth_m":16.0,"coastal_limit_km":5},"geometry":{"type":"Polygon","coordinates":[[[129.258399180862,35.23765114103538],[129.25859380502635,35.24666396243182],[129.269580361641,35.246503769455906],[129.2693845231325,35.23749100120146],[129.258399180862,35.23765114103538]]]}},{"type":"Feature","properties":{"chance":93,"depth_m":16.0,"coastal_limit_km":5},"geometry":{"type":"Polygon","coordinates":[[[129.25859380502635,35.24666396243182],[129.2587885156086,35.25567676944169],[129.2697762871061,35.255516523312224],[129.269580361641,35.246503769455906],[129.25859380502635,35.24666396243182]]]}},{"type":"Feature","properties":{"chance":81,"depth_m":16.0,"coastal_limit_km":5},"geometry":{"type":"Polygon","coordinates":[[[129.2587885156086,35.25567676944169],[129.25898331264696,35.264689562063005],[129.2699722995663,35.26452926276842],[129.2697762871061,35.255516523312224],[129.2587885156086,35.25567676944169]]]}},{"type":"Feature","properties":{"chance":62,"depth_m":16.0,"coastal_limit_km":5},"geometry":{"type":"Polygon","coordinates":[[[129.25898331264696,35.264689562063005],[129.25917819617973,35.273702340293745],[129.27016839905997,35.2735419878225],[129.2699722995663,35.26452926276842],[129.25898331264696,35.264689562063005]]]}},{"type":"Feature","properties":{"chance":68,"depth_m":16.0,"coastal_limit_km":5},"geometry":{"type":"Polygon","coordinates":[[[129.25917819617973,35.273702340293745],[129.2593731662451,35.28271510413196],[129.27036458562569,35.28255469847245],[129.27016839905997,35.2735419878225],[129.25917819617973,35.273702340293745]]]}},{"type":"Feature","properties":{"chance":63,"depth_m":16.0,"coastal_limit_km":5},"geometry":{"type":"Polygon","coordinates":[[[129.2593731662451,35.28271510413196],[129.25956822288134,35.29172785357564],[129.2705608593019,35.29156739471631],[129.27036458562569,35.28255469847245],[129.2593731662451,35.28271510413196]]]}},{"type":"Feature","properties":{"chance":58,"depth_m":16.0,"coastal_limit_km":5},"geometry":{"type":"Polygon","coordinates":[[[129.2707572201272,35.30058007655207],[129.2705608593019,35.29156739471631],[129.25956822288134,35.29172785357564],[129.25976336612675,35.30074058862282],[129.26228174415752,35.30070390818748],[129.2623422,35.3005042],[129.2622802,35.3004719],[129.2622879,35.3004266],[129.2623334,35.300373699999994],[129.2623971,35.300354799999994],[129.26248,35.30036989999999],[129.2625338,35.300423099999996],[129.2625312,35.30049559999999],[129.26246275046896,35.30070126979068],[129.2707572201272,35.30058007655207]],[[129.2625531,35.2966389],[129.2624174,35.29636500000001],[129.2625272,35.29630999999999],[129.2626774,35.2965734],[129.2627171,35.2968591],[129.26258810000002,35.29703520000001],[129.2621331,35.297789300000005],[129.2619985,35.297759199999994],[129.262465,35.2969374],[129.2625676,35.2968152],[129.2625531,35.2966389]],[[129.2615681,35.2974084],[129.2615121,35.297526500000004],[129.2611478,35.29741979999999],[129.261372,35.2971301],[129.2614327,35.29714919999999],[129.2612973,35.2973283],[129.2615681,35.2974084]]]}},{"type":"Feature","properties":{"chance":59,"depth_m":16.0,"coastal_limit_km":5},"geometry":{"type":"Polygon","coordinates":[[[129.25976336612675,35.30074058862282],[129.25995859601971,35.3097533092715],[129.27095366814012,35.30959274397775],[129.2707572201272,35.30058007655207],[129.26246275046896,35.30070126979068],[129.2621231,35.30172180000001],[129.2620756,35.301792500000005],[129.2619462,35.30177940000001],[129.2619092,35.3017031],[129.2619375,35.3016081],[129.2620066,35.3016128],[129.26228174415752,35.30070390818748],[129.25976336612675,35.30074058862282]]]}},{"type":"Feature","properties":{"chance":67,"depth_m":16.0,"coastal_limit_km":5},"geometry":{"type":"Polygon","coordinates":[[[129.25995859601971,35.3097533092715],[129.26015391259853,35.31876601551972],[129.27115020337925,35.31860539699135],[129.27095366814012,35.30959274397775],[129.25995859601971,35.3097533092715]]]}},{"type":"Feature","properties":{"chance":87,"depth_m":16.0,"coastal_limit_km":5},"geometry":{"type":"Polygon","coordinates":[[[129.26015391259853,35.31876601551972],[129.26034931590164,35.32777870736547],[129.27134682588326,35.32761803559087],[129.27115020337925,35.31860539699135],[129.26015391259853,35.31876601551972]]]}},{"type":"Feature","properties":{"chance":95,"depth_m":16.0,"coastal_limit_km":5},"geometry":{"type":"Polygon","coordinates":[[[129.26034931590164,35.32777870736547],[129.26054480596738,35.33679138480678],[129.27154353569074,35.33663065977438],[129.27134682588326,35.32761803559087],[129.26034931590164,35.32777870736547]]]}},{"type":"Feature","properties":{"chance":87,"depth_m":16.0,"coastal_limit_km":5},"geometry":{"type":"Polygon","coordinates":[[[129.26054480596738,35.33679138480678],[129.26074038283423,35.34580404784167],[129.27174033284044,35.34564326953983],[129.27154353569074,35.33663065977438],[129.26054480596738,35.33679138480678]]]}},{"type":"Feature","properties":{"chance":76,"depth_m":16.0,"coastal_limit_km":5},"geometry":{"type":"Polygon","coordinates":[[[129.27174033284044,35.34564326953983],[129.26074038283423,35.34580404784167],[129.26076308124198,35.34684978629509],[129.26077345628536,35.34685041024133],[129.26622551713768,35.3467344945129],[129.27163670197805,35.346176570874356],[129.2717515116967,35.34615510091266],[129.27174033284044,35.34564326953983]]]}},{"type":"Feature","properties":{"chance":89,"depth_m":8.6,"coastal_limit_km":5},"geometry":{"type":"Polygon","coordinates":[[[129.26762588327531,35.15637543932521],[129.27004878995766,35.15634005552001],[129.26887433133248,35.153350788229616],[129.26750402777287,35.15074290474148],[129.26762588327531,35.15637543932521]]]}},{"type":"Feature","properties":{"chance":95,"depth_m":8.3,"coastal_limit_km":5},"geometry":{"type":"Polygon","coordinates":[[[129.26762588327531,35.15637543932521],[129.2678209408994,35.16538833707289],[129.2721543088605,35.165325004914926],[129.2716045887107,35.16162981430779],[129.2704797366767,35.15743685255882],[129.27004878995766,35.15634005552001],[129.26762588327531,35.15637543932521]]]}},{"type":"Feature","properties":{"chance":94,"depth_m":8.9,"coastal_limit_km":5},"geometry":{"type":"Polygon","coordinates":[[[129.2678209408994,35.16538833707289],[129.26801608513546,35.17440122044044],[129.27200541246177,35.17434290917537],[129.27237164447286,35.17048795640491],[129.27224213617583,35.16593073770045],[129.27223861023813,35.16589164002784],[129.2721543088605,35.165325004914926],[129.2678209408994,35.16538833707289]]]}},{"type":"Feature","properties":{"chance":79,"depth_m":8.3,"coastal_limit_km":5},"geometry":{"type":"Polygon","coordinates":[[[129.26801608513546,35.17440122044044],[129.26821131602154,35.18341408942586],[129.26959257352354,35.1833939102438],[129.27095118520302,35.17951819691077],[129.27193988634727,35.17503260624424],[129.27200541246177,35.17434290917537],[129.26801608513546,35.17440122044044]]]}},{"type":"Feature","properties":{"chance":52,"depth_m":8.2,"coastal_limit_km":5},"geometry":{"type":"Polygon","coordinates":[[[129.26821131602154,35.18341408942586],[129.26840663359596,35.19242694402715],[129.2767837584104,35.19230429099257],[129.27631598798203,35.19166202663245],[129.27321506852115,35.18820122213154],[129.26972712153864,35.18499840865987],[129.26910789550206,35.184528647481464],[129.26941556551535,35.18389883464839],[129.26959257352354,35.1833939102438],[129.26821131602154,35.18341408942586]]]}},{"type":"Feature","properties":{"chance":56,"depth_m":12.7,"coastal_limit_km":5},"geometry":{"type":"Polygon","coordinates":[[[129.26840663359596,35.19242694402715],[129.26860203789695,35.20143978424228],[129.27958244140805,35.201278861801455],[129.27947075862213,35.19615986486452],[129.27900168454204,35.19534940854022],[129.2767837584104,35.19230429099257],[129.26840663359596,35.19242694402715]]]}},{"type":"Feature","properties":{"chance":73,"depth_m":12.7,"coastal_limit_km":5},"geometry":{"type":"Polygon","coordinates":[[[129.26860203789695,35.20143978424228],[129.26879752896278,35.2104526100693],[129.27977914462738,35.21029163420247],[129.27958244140805,35.201278861801455],[129.26860203789695,35.20143978424228]]]}},{"type":"Feature","properties":{"chance":84,"depth_m":12.7,"coastal_limit_km":5},"geometry":{"type":"Polygon","coordinates":[[[129.26879752896278,35.2104526100693],[129.26899310683177,35.21946542150614],[129.27997593518757,35.21930439220172],[129.27977914462738,35.21029163420247],[129.26879752896278,35.2104526100693]]]}},{"type":"Feature","properties":{"chance":81,"depth_m":12.7,"coastal_limit_km":5},"geometry":{"type":"Polygon","coordinates":[[[129.26899310683177,35.21946542150614],[129.26918877154222,35.22847821855088],[129.28017281312717,35.22831713579725],[129.27997593518757,35.21930439220172],[129.26899310683177,35.21946542150614]]]}},{"type":"Feature","properties":{"chance":72,"depth_m":12.7,"coastal_limit_km":5},"geometry":{"type":"Polygon","coordinates":[[[129.26918877154222,35.22847821855088],[129.2693845231325,35.23749100120146],[129.2803697784848,35.23732986498702],[129.28017281312717,35.22831713579725],[129.26918877154222,35.22847821855088]]]}},{"type":"Feature","properties":{"chance":87,"depth_m":12.7,"coastal_limit_km":5},"geometry":{"type":"Polygon","coordinates":[[[129.2693845231325,35.23749100120146],[129.269580361641,35.246503769455906],[129.28056683129907,35.24634257976903],[129.2803697784848,35.23732986498702],[129.2693845231325,35.23749100120146]]]}},{"type":"Feature","properties":{"chance":89,"depth_m":12.7,"coastal_limit_km":5},"geometry":{"type":"Polygon","coordinates":[[[129.269580361641,35.246503769455906],[129.2697762871061,35.255516523312224],[129.2807639716086,35.25535528014129],[129.28056683129907,35.24634257976903],[129.269580361641,35.246503769455906]]]}},{"type":"Feature","properties":{"chance":77,"depth_m":12.7,"coastal_limit_km":5},"geometry":{"type":"Polygon","coordinates":[[[129.2697762871061,35.255516523312224],[129.2699722995663,35.26452926276842],[129.2809611994521,35.26436796610179],[129.2807639716086,35.25535528014129],[129.2697762871061,35.255516523312224]]]}},{"type":"Feature","properties":{"chance":52,"depth_m":12.7,"coastal_limit_km":5},"geometry":{"type":"Polygon","coordinates":[[[129.2699722995663,35.26452926276842],[129.27016839905997,35.2735419878225],[129.28115851486825,35.27338063764852],[129.2809611994521,35.26436796610179],[129.2699722995663,35.26452926276842]]]}},{"type":"Feature","properties":{"chance":42,"depth_m":12.7,"coastal_limit_km":5},"geometry":{"type":"Polygon","coordinates":[[[129.27016839905997,35.2735419878225],[129.27036458562569,35.28255469847245],[129.28135591789575,35.28239329477952],[129.28115851486825,35.27338063764852],[129.27016839905997,35.2735419878225]]]}},{"type":"Feature","properties":{"chance":68,"depth_m":12.7,"coastal_limit_km":5},"geometry":{"type":"Polygon","coordinates":[[[129.27036458562569,35.28255469847245],[129.2705608593019,35.29156739471631],[129.28155340857342,35.29140593749275],[129.28135591789575,35.28239329477952],[129.27036458562569,35.28255469847245]]]}},{"type":"Feature","properties":{"chance":84,"depth_m":12.7,"coastal_limit_km":5},"geometry":{"type":"Polygon","coordinates":[[[129.2705608593019,35.29156739471631],[129.2707572201272,35.30058007655207],[129.28175098693998,35.300418565786224],[129.28155340857342,35.29140593749275],[129.2705608593019,35.29156739471631]]]}},{"type":"Feature","properties":{"chance":86,"depth_m":12.7,"coastal_limit_km":5},"geometry":{"type":"Polygon","coordinates":[[[129.2707572201272,35.30058007655207],[129.27095366814012,35.30959274397775],[129.28194865303428,35.309431179657956],[129.28175098693998,35.300418565786224],[129.2707572201272,35.30058007655207]]]}},{"type":"Feature","properties":{"chance":75,"depth_m":12.7,"coastal_limit_km":5},"geometry":{"type":"Polygon","coordinates":[[[129.27095366814012,35.30959274397775],[129.27115020337925,35.31860539699135],[129.28214640689515,35.318443779105934],[129.28194865303428,35.309431179657956],[129.27095366814012,35.30959274397775]]]}},{"type":"Feature","properties":{"chance":81,"depth_m":12.7,"coastal_limit_km":5},"geometry":{"type":"Polygon","coordinates":[[[129.27115020337925,35.31860539699135],[129.27134682588326,35.32761803559087],[129.2823442485614,35.327456364128174],[129.28214640689515,35.318443779105934],[129.27115020337925,35.31860539699135]]]}},{"type":"Feature","properties":{"chance":88,"depth_m":12.7,"coastal_limit_km":5},"geometry":{"type":"Polygon","coordinates":[[[129.27134682588326,35.32761803559087],[129.27154353569074,35.33663065977438],[129.28254217807196,35.33646893472269],[129.2823442485614,35.327456364128174],[129.27134682588326,35.32761803559087]]]}},{"type":"Feature","properties":{"chance":82,"depth_m":12.7,"coastal_limit_km":5},"geometry":{"type":"Polygon","coordinates":[[[129.28254217807196,35.33646893472269],[129.27154353569074,35.33663065977438],[129.27174033284044,35.34564326953983],[129.2747222774133,35.34559951204598],[129.2769537348094,35.345182135016366],[129.28212427177144,35.34376097996965],[129.2826977402554,35.34354952417136],[129.28254217807196,35.33646893472269]]]}},{"type":"Feature","properties":{"chance":77,"depth_m":8.8,"coastal_limit_km":5},"geometry":{"type":"Polygon","coordinates":[[[129.27174033284044,35.34564326953983],[129.2717515116967,35.34615510091266],[129.2747222774133,35.34559951204598],[129.27174033284044,35.34564326953983]]]}},{"type":"Feature","properties":{"chance":56,"depth_m":19.4,"coastal_limit_km":5},"geometry":{"type":"Polygon","coordinates":[[[129.27958244140805,35.201278861801455],[129.28214898756897,35.20124110432965],[129.28135482560856,35.199440246227375],[129.28124772152634,35.199229893638424],[129.27947075862213,35.19615986486452],[129.27958244140805,35.201278861801455]]]}},{"type":"Feature","properties":{"chance":78,"depth_m":21.7,"coastal_limit_km":5},"geometry":{"type":"Polygon","coordinates":[[[129.27958244140805,35.201278861801455],[129.27977914462738,35.21029163420247],[129.29032290852658,35.21013613881831],[129.28946132455425,35.2093557774533],[129.28892285048593,35.208822327473925],[129.28840274783744,35.208396964362485],[129.28736047660664,35.207452888044095],[129.28727647928162,35.207384314587934],[129.28611161702827,35.20652309381147],[129.28521676905626,35.205791179187024],[129.28412210565887,35.20505211314295],[129.28349019134953,35.20458487761304],[129.2831698787486,35.203555966433505],[129.28214898756897,35.20124110432965],[129.27958244140805,35.201278861801455]]]}},{"type":"Feature","properties":{"chance":91,"depth_m":24.9,"coastal_limit_km":5},"geometry":{"type":"Polygon","coordinates":[[[129.27977914462738,35.21029163420247],[129.27997593518757,35.21930439220172],[129.29095867616397,35.21914236720302],[129.29076970356033,35.21054080536909],[129.29032290852658,35.21013613881831],[129.27977914462738,35.21029163420247]]]}},{"type":"Feature","properties":{"chance":88,"depth_m":24.9,"coastal_limit_km":5},"geometry":{"type":"Polygon","coordinates":[[[129.27997593518757,35.21930439220172],[129.28017281312717,35.22831713579725],[129.29115676729413,35.22815505701905],[129.29095867616397,35.21914236720302],[129.27997593518757,35.21930439220172]]]}},{"type":"Feature","properties":{"chance":71,"depth_m":24.9,"coastal_limit_km":5},"geometry":{"type":"Polygon","coordinates":[[[129.28017281312717,35.22831713579725],[129.2803697784848,35.23732986498702],[129.29135494638047,35.23716773241765],[129.29115676729413,35.22815505701905],[129.28017281312717,35.22831713579725]]]}},{"type":"Feature","properties":{"chance":60,"depth_m":24.9,"coastal_limit_km":5},"geometry":{"type":"Polygon","coordinates":[[[129.2803697784848,35.23732986498702],[129.28056683129907,35.24634257976903],[129.29155321346184,35.246180393396806],[129.29135494638047,35.23716773241765],[129.2803697784848,35.23732986498702]]]}},{"type":"Feature","properties":{"chance":63,"depth_m":24.9,"coastal_limit_km":5},"geometry":{"type":"Polygon","coordinates":[[[129.28056683129907,35.24634257976903],[129.2807639716086,35.25535528014129],[129.29175156857713,35.25519303995451],[129.29155321346184,35.246180393396806],[129.28056683129907,35.24634257976903]]]}},{"type":"Feature","properties":{"chance":55,"depth_m":24.9,"coastal_limit_km":5},"geometry":{"type":"Polygon","coordinates":[[[129.2807639716086,35.25535528014129],[129.2809611994521,35.26436796610179],[129.29195001176524,35.26420567208876],[129.29175156857713,35.25519303995451],[129.2807639716086,35.25535528014129]]]}},{"type":"Feature","properties":{"chance":59,"depth_m":24.9,"coastal_limit_km":5},"geometry":{"type":"Polygon","coordinates":[[[129.2809611994521,35.26436796610179],[129.28115851486825,35.27338063764852],[129.2921485430651,35.27321828979752],[129.29195001176524,35.26420567208876],[129.2809611994521,35.26436796610179]]]}},{"type":"Feature","properties":{"chance":56,"depth_m":24.9,"coastal_limit_km":5},"geometry":{"type":"Polygon","coordinates":[[[129.28115851486825,35.27338063764852],[129.28135591789575,35.28239329477952],[129.2923471625157,35.282230893078825],[129.2921485430651,35.27321828979752],[129.28115851486825,35.27338063764852]]]}},{"type":"Feature","properties":{"chance":72,"depth_m":24.9,"coastal_limit_km":5},"geometry":{"type":"Polygon","coordinates":[[[129.28135591789575,35.28239329477952],[129.28155340857342,35.29140593749275],[129.292545870156,35.29124348193064],[129.2923471625157,35.282230893078825],[129.28135591789575,35.28239329477952]]]}},{"type":"Feature","properties":{"chance":89,"depth_m":24.9,"coastal_limit_km":5},"geometry":{"type":"Polygon","coordinates":[[[129.28155340857342,35.29140593749275],[129.28175098693998,35.300418565786224],[129.29274466602507,35.300256056350975],[129.292545870156,35.29124348193064],[129.28155340857342,35.29140593749275]]]}},{"type":"Feature","properties":{"chance":91,"depth_m":24.9,"coastal_limit_km":5},"geometry":{"type":"Polygon","coordinates":[[[129.28175098693998,35.300418565786224],[129.28194865303428,35.309431179657956],[129.2929435501619,35.30926861633783],[129.29274466602507,35.300256056350975],[129.28175098693998,35.300418565786224]]]}},{"type":"Feature","properties":{"chance":78,"depth_m":24.9,"coastal_limit_km":5},"geometry":{"type":"Polygon","coordinates":[[[129.28194865303428,35.309431179657956],[129.28214640689515,35.318443779105934],[129.2931425226056,35.3182811618892],[129.2929435501619,35.30926861633783],[129.28194865303428,35.309431179657956]]]}},{"type":"Feature","properties":{"chance":54,"depth_m":24.9,"coastal_limit_km":5},"geometry":{"type":"Polygon","coordinates":[[[129.28214640689515,35.318443779105934],[129.2823442485614,35.327456364128174],[129.29334158339523,35.32729369300307],[129.2931425226056,35.3182811618892],[129.28214640689515,35.318443779105934]]]}},{"type":"Feature","properties":{"chance":59,"depth_m":24.9,"coastal_limit_km":5},"geometry":{"type":"Polygon","coordinates":[[[129.2823442485614,35.327456364128174],[129.28254217807196,35.33646893472269],[129.29354073256997,35.33630620967746],[129.29334158339523,35.32729369300307],[129.2823442485614,35.327456364128174]]]}},{"type":"Feature","properties":{"chance":62,"depth_m":22.7,"coastal_limit_km":5},"geometry":{"type":"Polygon","coordinates":[[[129.29354073256997,35.33630620967746],[129.28254217807196,35.33646893472269],[129.2826977402554,35.34354952417136],[129.28709741876835,35.34192709913249],[129.29182423446164,35.339698547780465],[129.29359278161118,35.33866103278102],[129.29354073256997,35.33630620967746]]]}},{"type":"Feature","properties":{"chance":86,"depth_m":32.7,"coastal_limit_km":5},"geometry":{"type":"Polygon","coordinates":[[[129.29095867616397,35.21914236720302],[129.29785504061292,35.21904011769507],[129.29698786513862,35.21767482395575],[129.29694934675908,35.21762193935491],[129.29403151677738,35.21402012046367],[129.29392208991825,35.21389816085463],[129.29375131497667,35.21370886388986],[129.29372510883485,35.21367997351773],[129.29301032624812,35.21296088288934],[129.29118586673812,35.210917723100195],[129.29076970356033,35.21054080536909],[129.29095867616397,35.21914236720302]]]}},{"type":"Feature","properties":{"chance":78,"depth_m":35.2,"coastal_limit_km":5},"geometry":{"type":"Polygon","coordinates":[[[129.29095867616397,35.21914236720302],[129.29115676729413,35.22815505701905],[129.3021406335049,35.22799198224205],[129.3021189837146,35.22701316266003],[129.299943857387,35.222328558431435],[129.29785504061292,35.21904011769507],[129.29095867616397,35.21914236720302]]]}},{"type":"Feature","properties":{"chance":62,"depth_m":35.6,"coastal_limit_km":5},"geometry":{"type":"Polygon","coordinates":[[[129.29115676729413,35.22815505701905],[129.29135494638047,35.23716773241765],[129.3023400262811,35.237004603519146],[129.3021406335049,35.22799198224205],[129.29115676729413,35.22815505701905]]]}},{"type":"Feature","properties":{"chance":35,"depth_m":35.6,"coastal_limit_km":5},"geometry":{"type":"Polygon","coordinates":[[[129.29135494638047,35.23716773241765],[129.29155321346184,35.246180393396806],[129.30253950759072,35.24601721036502],[129.3023400262811,35.237004603519146],[129.29135494638047,35.23716773241765]]]}},{"type":"Feature","properties":{"chance":41,"depth_m":35.6,"coastal_limit_km":5},"geometry":{"type":"Polygon","coordinates":[[[129.30253950759072,35.24601721036502],[129.29155321346184,35.246180393396806],[129.29175156857713,35.25519303995451],[129.30199412587555,35.25504090178341],[129.30269013442467,35.25281990224969],[129.30253950759072,35.24601721036502]]]}},{"type":"Feature","properties":{"chance":68,"depth_m":34.0,"coastal_limit_km":5},"geometry":{"type":"Polygon","coordinates":[[[129.29175156857713,35.25519303995451],[129.29195001176524,35.26420567208876],[129.30085171742834,35.264073470460445],[129.299489025841,35.262952604100725],[129.29825226670155,35.26211896051636],[129.30005311018937,35.25917948540073],[129.30196937676405,35.25511326439938],[129.30197856347817,35.2550905608685],[129.30199412587555,35.25504090178341],[129.29175156857713,35.25519303995451]]]}},{"type":"Feature","properties":{"chance":80,"depth_m":35.6,"coastal_limit_km":5},"geometry":{"type":"Polygon","coordinates":[[[129.29195001176524,35.26420567208876],[129.2921485430651,35.27321828979752],[129.30313848311127,35.273054944295275],[129.30297818145786,35.2658224740602],[129.30085171742834,35.264073470460445],[129.29195001176524,35.26420567208876]]]}},{"type":"Feature","properties":{"chance":77,"depth_m":35.6,"coastal_limit_km":5},"geometry":{"type":"Polygon","coordinates":[[[129.2921485430651,35.27321828979752],[129.2923471625157,35.282230893078825],[129.30333831894595,35.2820674933962],[129.30313848311127,35.273054944295275],[129.2921485430651,35.27321828979752]]]}},{"type":"Feature","properties":{"chance":63,"depth_m":35.6,"coastal_limit_km":5},"geometry":{"type":"Polygon","coordinates":[[[129.2923471625157,35.282230893078825],[129.292545870156,35.29124348193064],[129.30353824350988,35.29108002805583],[129.30333831894595,35.2820674933962],[129.2923471625157,35.282230893078825]]]}},{"type":"Feature","properties":{"chance":76,"depth_m":35.6,"coastal_limit_km":5},"geometry":{"type":"Polygon","coordinates":[[[129.292545870156,35.29124348193064],[129.29274466602507,35.300256056350975],[129.3037382568424,35.30009254827218],[129.30353824350988,35.29108002805583],[129.292545870156,35.29124348193064]]]}},{"type":"Feature","properties":{"chance":79,"depth_m":35.6,"coastal_limit_km":5},"geometry":{"type":"Polygon","coordinates":[[[129.29274466602507,35.300256056350975],[129.2929435501619,35.30926861633783],[129.3039383589827,35.30910505404325],[129.3037382568424,35.30009254827218],[129.29274466602507,35.300256056350975]]]}},{"type":"Feature","properties":{"chance":67,"depth_m":35.6,"coastal_limit_km":5},"geometry":{"type":"Polygon","coordinates":[[[129.2929435501619,35.30926861633783],[129.2931425226056,35.3182811618892],[129.3041385499701,35.318117545367016],[129.3039383589827,35.30910505404325],[129.2929435501619,35.30926861633783]]]}},{"type":"Feature","properties":{"chance":43,"depth_m":35.6,"coastal_limit_km":5},"geometry":{"type":"Polygon","coordinates":[[[129.2931425226056,35.3182811618892],[129.29334158339523,35.32729369300307],[129.30433882984403,35.32713002224145],[129.3041385499701,35.318117545367016],[129.2931425226056,35.3182811618892]]]}},{"type":"Feature","properties":{"chance":38,"depth_m":34.6,"coastal_limit_km":5},"geometry":{"type":"Polygon","coordinates":[[[129.30433882984403,35.32713002224145],[129.29334158339523,35.32729369300307],[129.29354073256997,35.33630620967746],[129.2974380948904,35.336248307427084],[129.30035574567071,35.334148854038304],[129.30407654483437,35.330882334678925],[129.30441418029073,35.33051970895395],[129.30433882984403,35.32713002224145]]]}},{"type":"Feature","properties":{"chance":51,"depth_m":31.2,"coastal_limit_km":5},"geometry":{"type":"Polygon","coordinates":[[[129.29354073256997,35.33630620967746],[129.29359278161118,35.33866103278102],[129.29625821357445,35.33709726445586],[129.2974380948904,35.336248307427084],[129.29354073256997,35.33630620967746]]]}},{"type":"Feature","properties":{"chance":49,"depth_m":40.7,"coastal_limit_km":5},"geometry":{"type":"Polygon","coordinates":[[[129.3021406335049,35.22799198224205],[129.3023400262811,35.237004603519146],[129.30453387451,35.236971905266614],[129.3044519123484,35.23588052662395],[129.3036011586391,35.231534183991606],[129.30246533085608,35.2279871463634],[129.3021406335049,35.22799198224205]]]}},{"type":"Feature","properties":{"chance":43,"depth_m":40.9,"coastal_limit_km":5},"geometry":{"type":"Polygon","coordinates":[[[129.3023400262811,35.237004603519146],[129.30253950759072,35.24601721036502],[129.3043717373819,35.245989898559344],[129.30458787582376,35.24467337869395],[129.30478189522654,35.24027422709621],[129.30453387451,35.236971905266614],[129.3023400262811,35.237004603519146]]]}},{"type":"Feature","properties":{"chance":49,"depth_m":40.3,"coastal_limit_km":5},"geometry":{"type":"Polygon","coordinates":[[[129.30253950759072,35.24601721036502],[129.30269013442467,35.25281990224969],[129.30386085138096,35.24908381988074],[129.30387162031988,35.24903601602997],[129.3043717373819,35.245989898559344],[129.30253950759072,35.24601721036502]]]}},{"type":"Feature","properties":{"chance":84,"depth_m":40.8,"coastal_limit_km":5},"geometry":{"type":"Polygon","coordinates":[[[129.30313848311127,35.273054944295275],[129.3095174923804,35.272959673709416],[129.30676528353462,35.269560560815734],[129.30332645567267,35.2661089164225],[129.30297818145786,35.2658224740602],[129.30313848311127,35.273054944295275]]]}},{"type":"Feature","properties":{"chance":83,"depth_m":43.2,"coastal_limit_km":5},"geometry":{"type":"Polygon","coordinates":[[[129.30313848311127,35.273054944295275],[129.30333831894595,35.2820674933962],[129.3143293866469,35.28190309575762],[129.31431428553543,35.28122630304937],[129.31246707050119,35.277475723791596],[129.3123167499148,35.27721238861996],[129.30977186083183,35.273273813051986],[129.3095174923804,35.272959673709416],[129.30313848311127,35.273054944295275]]]}},{"type":"Feature","properties":{"chance":65,"depth_m":43.8,"coastal_limit_km":5},"geometry":{"type":"Polygon","coordinates":[[[129.30333831894595,35.2820674933962],[129.30353824350988,35.29108002805583],[129.31453052809522,35.29091557589431],[129.3143293866469,35.28190309575762],[129.30333831894595,35.2820674933962]]]}},{"type":"Feature","properties":{"chance":49,"depth_m":43.8,"coastal_limit_km":5},"geometry":{"type":"Polygon","coordinates":[[[129.30353824350988,35.29108002805583],[129.3037382568424,35.30009254827218],[129.31473175885188,35.29992804157586],[129.31453052809522,35.29091557589431],[129.30353824350988,35.29108002805583]]]}},{"type":"Feature","properties":{"chance":52,"depth_m":43.8,"coastal_limit_km":5},"geometry":{"type":"Polygon","coordinates":[[[129.3037382568424,35.30009254827218],[129.3039383589827,35.30910505404325],[129.31493307895633,35.30894049280024],[129.31473175885188,35.29992804157586],[129.3037382568424,35.30009254827218]]]}},{"type":"Feature","properties":{"chance":48,"depth_m":43.8,"coastal_limit_km":5},"geometry":{"type":"Polygon","coordinates":[[[129.31493307895633,35.30894049280024],[129.3039383589827,35.30910505404325],[129.3041385499701,35.318117545367016],[129.3133584489171,35.31797958569928],[129.31504349904333,35.313881939136486],[129.31493307895633,35.30894049280024]]]}},{"type":"Feature","properties":{"chance":54,"depth_m":42.7,"coastal_limit_km":5},"geometry":{"type":"Polygon","coordinates":[[[129.3041385499701,35.318117545367016],[129.30433882984403,35.32713002224145],[129.30757073841696,35.32708173181061],[129.31024576392863,35.32352635741765],[129.31029323302457,35.32345563959656],[129.31308966741918,35.31863316088367],[129.3133584489171,35.31797958569928],[129.3041385499701,35.318117545367016]]]}},{"type":"Feature","properties":{"chance":45,"depth_m":40.6,"coastal_limit_km":5},"geometry":{"type":"Polygon","coordinates":[[[129.30433882984403,35.32713002224145],[129.30441418029073,35.33051970895395],[129.30738404598583,35.32732985114054],[129.30757073841696,35.32708173181061],[129.30433882984403,35.32713002224145]]]}},{"type":"Feature","properties":{"chance":66,"depth_m":46.9,"coastal_limit_km":5},"geometry":{"type":"Polygon","coordinates":[[[129.3143293866469,35.28190309575762],[129.31453052809522,35.29091557589431],[129.31717467488343,35.29087586848867],[129.3163038375223,35.28666468539659],[129.3146880912257,35.28198522885101],[129.3146453018286,35.281898355718596],[129.3143293866469,35.28190309575762]]]}},{"type":"Feature","properties":{"chance":38,"depth_m":47.3,"coastal_limit_km":5},"geometry":{"type":"Polygon","coordinates":[[[129.31453052809522,35.29091557589431],[129.31473175885188,35.29992804157586],[129.31755447965594,35.29988564106413],[129.31768044379345,35.295946758766966],[129.3173352884715,35.291745309429274],[129.31729540051376,35.291459632799324],[129.31717467488343,35.29087586848867],[129.31453052809522,35.29091557589431]]]}},{"type":"Feature","properties":{"chance":38,"depth_m":47.2,"coastal_limit_km":5},"geometry":{"type":"Polygon","coordinates":[[[129.31473175885188,35.29992804157586],[129.31493307895633,35.30894049280024],[129.31645445288342,35.30891764316287],[129.31691305332384,35.307123713352354],[129.31748572787134,35.301807568657225],[129.3174882787602,35.30173506895346],[129.3174606318257,35.30073706271936],[129.31754582465007,35.3001562776842],[129.31755447965594,35.29988564106413],[129.31473175885188,35.29992804157586]]]}},{"type":"Feature","properties":{"chance":54,"depth_m":46.9,"coastal_limit_km":5},"geometry":{"type":"Polygon","coordinates":[[[129.31493307895633,35.30894049280024],[129.31504349904333,35.313881939136486],[129.31517035422064,35.3135734403197],[129.31557769694533,35.31234708560198],[129.31645445288342,35.30891764316287],[129.31493307895633,35.30894049280024]]]}}]}